scene,floor,question,choices,question_formatted,answer,label,source_image
00797-99ML7CGPqsQ,0,Is the door color darker than the ceiling color?,"['Yes', 'No', 'They are the same color', 'The ceiling is darker']",Is the door color darker than the ceiling color? A) Yes B) No C) They are the same color D) The ceiling is darker. Answer:,A,Comparison,00797-99ML7CGPqsQ_0.png
00672-4L4peQsMgfR,0,Is the bed in the bedroom bigger than the bed in the attic?,"['Yes', 'No', 'They are the same size', 'Cannot be determined']",Is the bed in the bedroom bigger than the bed in the attic? A) Yes B) No C) They are the same size D) Cannot be determined. Answer:,B,Comparison,00672-4L4peQsMgfR_0.png
00053-kAMF2R7PCqX,0,Is the door made of the same material as the frame in the hallway?,"['Yes', 'No', 'Only the door is wood', 'Only the frame is wood']",Is the door made of the same material as the frame in the hallway? A) Yes B) No C) Only the door is wood D) Only the frame is wood. Answer:,A,Relationship,00053-kAMF2R7PCqX_1.png
00418-t6tH2pNA9X5,0,Is the kitchen sink closer to the windows than the dining table in the house?,"['Yes', 'No', 'They are equally close', 'Cannot determine']",Is the kitchen sink closer to the windows than the dining table in the house? A) Yes B) No C) They are equally close D) Cannot determine. Answer:,A,Relationship,00418-t6tH2pNA9X5_1.png
00790-qQgcM8T4hiD,0,Does the ceiling share the same color as the floor in the rooms?,"['Yes', 'No', 'Partially', 'Cannot be determined']",Does the ceiling share the same color as the floor in the rooms? A) Yes B) No C) Partially D) Cannot be determined. Answer:,A,Comparison,00790-qQgcM8T4hiD_1.png
00476-NtnvZSMK3en,0,Is the bed closer to the shelf with toys in the room with purple walls compared to the other rooms?,"['Yes', 'No', 'Same distance', 'Cannot determine']",Is the bed closer to the shelf with toys in the room with purple walls compared to the other rooms? A) Yes B) No C) Same distance D) Cannot determine. Answer:,A,Comparison,00476-NtnvZSMK3en_0.png
00279-YmEfzspXX5h,0,Is the cabinet closer to the ceiling than the shelves in the house?,"['Yes', 'No', 'They are at the same height', 'Cannot determine']",Is the cabinet closer to the ceiling than the shelves in the house? A) Yes B) No C) They are at the same height D) Cannot determine. Answer:,B,Comparison,00279-YmEfzspXX5h_0.png
00489-boJrpwDQtu9,0,Does the window reflect light in the same way as the mirror in the house?,"['Yes', 'No', 'Only during the daytime', 'Only during the nighttime']",Does the window reflect light in the same way as the mirror in the house? A) Yes B) No C) Only during the daytime D) Only during the nighttime. Answer:,B,Comparison,00489-boJrpwDQtu9_0.png
00841-SByzJLxpRGn,0,Does the refrigerator in the kitchen share the same material as the mirror on the wall?,"['Yes', 'No', 'They are partially similar', 'Cannot tell from the images']",Does the refrigerator in the kitchen share the same material as the mirror on the wall? A) Yes B) No C) They are partially similar D) Cannot tell from the images. Answer:,A,Comparison,00841-SByzJLxpRGn_0.png
00416-zCMdfYaW9iF,0,Is the glass sliding door closer to the outdoor chairs than the kitchen sink in the kitchen?,"['Yes', 'No', 'They are equidistant', 'Cannot determine']",Is the glass sliding door closer to the outdoor chairs than the kitchen sink in the kitchen? A) Yes B) No C) They are equidistant D) Cannot determine. Answer:,A,Relationship,00416-zCMdfYaW9iF_1.png
00218-fQHGxvurx9L,0,Does the wardrobe share the same material as the window frame in the bedroom?,"['Yes', 'No', 'Only partially', 'Cannot be determined']",Does the wardrobe share the same material as the window frame in the bedroom? A) Yes B) No C) Only partially D) Cannot be determined. Answer:,A,Attribute,00218-fQHGxvurx9L_1.png
00526-PFLHHbjscNN,0,Is the washing machine closer to the door in the house?,"['Yes', 'No', 'Same distance', 'Cannot determine']",Is the washing machine closer to the door in the house? A) Yes B) No C) Same distance D) Cannot determine. Answer:,B,Relationship,00526-PFLHHbjscNN_1.png
00698-SrHVAbHUpUX,0,Is the table lamp smaller in size than the floor lamp in the bedroom?,"['Yes', 'No', 'They are the same size', 'Cannot be determined']",Is the table lamp smaller in size than the floor lamp in the bedroom? A) Yes B) No C) They are the same size D) Cannot be determined. Answer:,A,Comparison,00698-SrHVAbHUpUX_1.png
00884-XMHNu9rRQ1y,0,Is the bookshelf larger than the cabinet in the living room?,"['Yes', 'No', 'They are the same size', 'Cannot determine']",Is the bookshelf larger than the cabinet in the living room? A) Yes B) No C) They are the same size D) Cannot determine. Answer:,A,Comparison,00884-XMHNu9rRQ1y_1.png
00411-o4tckGBtaxz,0,Is the oven taller than the toaster in the kitchen?,"['Yes', 'No', 'They are the same height', 'Toaster is taller']",Is the oven taller than the toaster in the kitchen? A) Yes B) No C) They are the same height D) Toaster is taller. Answer:,A,Comparison,00411-o4tckGBtaxz_1.png
00364-tEafuWwhhwr,0,Is the TV in the room smaller than the dresser in the room?,"['Yes', 'No', 'Both are the same size', 'Cannot determine']",Is the TV in the room smaller than the dresser in the room? A) Yes B) No C) Both are the same size D) Cannot determine. Answer:,A,Comparison,00364-tEafuWwhhwr_1.png
00794-WRphMcFxfhe,0,Is the sink in the kitchen wider than the toilet in the bathroom?,"['Yes', 'No', ""They're the same width"", 'Cannot determine']",Is the sink in the kitchen wider than the toilet in the bathroom? A) Yes B) No C) They're the same width D) Cannot determine. Answer:,A,Comparison,00794-WRphMcFxfhe_0.png
00277-RHrFkyC59tf,0,Is the staircase closer to the door than the painting?,"['Yes', 'No', 'They are equidistant', 'It cannot be determined']",Is the staircase closer to the door than the painting? A) Yes B) No C) They are equidistant D) It cannot be determined. Answer:,A,Relationship,00277-RHrFkyC59tf_1.png
00062-ACZZiU6BXLz,0,Is the ceiling fan closer to the bed than the window?,"['Yes', 'No', 'They are equidistant', 'Cannot determine']",Is the ceiling fan closer to the bed than the window? A) Yes B) No C) They are equidistant D) Cannot determine. Answer:,A,Relationship,00062-ACZZiU6BXLz_1.png
00271-cjLuWviyDEo,0,Is the mirror closer to the bathroom or the staircase in the house?,"['Bathroom', 'Staircase', 'Both equidistant', 'Cannot be determined']",Is the mirror closer to the bathroom or the staircase in the house? A) Bathroom B) Staircase C) Both equidistant D) Cannot be determined. Answer:,A,Relationship,00271-cjLuWviyDEo_0.png
00081-5biL7VEkByM,0,Does the couch face the window in the room?,"['Yes', 'No', 'Partly', 'Cannot Tell']",Does the couch face the window in the room? A) Yes B) No C) Partly D) Cannot Tell. Answer:,A,Relationship,00081-5biL7VEkByM_1.png
00365-tvvDpjzFJGe,0,Is the wooden beam used in the ceiling near the same position as the dining table in the room?,"['Yes', 'No', 'Only partially', 'Not visible']",Is the wooden beam used in the ceiling near the same position as the dining table in the room? A) Yes B) No C) Only partially D) Not visible. Answer:,A,Relationship,00365-tvvDpjzFJGe_0.png
00623-g7sKCMRfgUS,0,Does the room with the window have more natural light than the room with the light fixture?,"['Yes', 'No', 'They are the same', 'Not enough information']",Does the room with the window have more natural light than the room with the light fixture? A) Yes B) No C) They are the same D) Not enough information. Answer:,A,Comparison,00623-g7sKCMRfgUS_0.png
00016-qk9eeNeR4vw,0,Does the sofa face the television in the room?,"['Yes', 'No', 'Only partially', 'Cannot be determined']",Does the sofa face the television in the room? A) Yes B) No C) Only partially D) Cannot be determined. Answer:,A,Relationship,00016-qk9eeNeR4vw_1.png
00174-BqLwEyiLbza,0,Is the door wider than the window in the bedroom?,"['Yes', 'No', 'They are the same width', 'Cannot be determined']",Is the door wider than the window in the bedroom? A) Yes B) No C) They are the same width D) Cannot be determined. Answer:,B,Comparison,00174-BqLwEyiLbza_0.png
00538-3CBBjsNkhqW,0,Do the clothes appear in the same room as the shelves in this house?,"['Yes', 'No', 'Only in the bedroom', 'Only in the basement']",Do the clothes appear in the same room as the shelves in this house? A) Yes B) No C) Only in the bedroom D) Only in the basement. Answer:,A,Relationship,00538-3CBBjsNkhqW_0.png
00863-b28CWbpQvor,0,Does the bookshelf contain more items than the table in the house?,"['Yes', 'No', 'They contain the same number', 'Not enough information']",Does the bookshelf contain more items than the table in the house? A) Yes B) No C) They contain the same number D) Not enough information. Answer:,A,Comparison,00863-b28CWbpQvor_1.png
00606-W16Bm4ysK8v,0,Is the monitor bigger than the laptop in the study room?,"['Yes', 'No', 'They are the same size', 'Not visible']",Is the monitor bigger than the laptop in the study room? A) Yes B) No C) They are the same size D) Not visible. Answer:,A,Comparison,00606-W16Bm4ysK8v_0.png
00182-qWP3MMQM3eJ,0,Is the desk in the room next to the bed?,"['Yes', 'No', 'Unsure', 'Cannot say']",Is the desk in the room next to the bed? A) Yes B) No C) Unsure D) Cannot say. Answer:,B,Relationship,00182-qWP3MMQM3eJ_1.png
00645-rrjjmoZhZCo,0,Is the ceiling fan closer to the desk than the stairs?,"['Yes', 'No', 'They are equidistant', 'There is no ceiling fan']",Is the ceiling fan closer to the desk than the stairs? A) Yes B) No C) They are equidistant D) There is no ceiling fan. Answer:,B,Relationship,00645-rrjjmoZhZCo_0.png
00593-m17UDpW3tHm,0,Is the couch in the living room larger than the bed in the bedroom?,"['Yes', 'No', 'They are the same size', 'Not comparable']",Is the couch in the living room larger than the bed in the bedroom? A) Yes B) No C) They are the same size D) Not comparable. Answer:,B,Comparison,00593-m17UDpW3tHm_1.png
00740-cFqWyQ4Y9hT,0,Is the TV bigger than the wooden dresser?,"['Yes', 'No', 'They appear the same size', ""Can't tell""]",Is the TV bigger than the wooden dresser? A) Yes B) No C) They appear the same size D) Can't tell. Answer:,B,Comparison,00740-cFqWyQ4Y9hT_0.png
00693-adddVdvEXUK,0,Does the curtain in the room share the same color as the aquarium?,"['Yes', 'No', 'Partially', 'Cannot determine']",Does the curtain in the room share the same color as the aquarium? A) Yes B) No C) Partially D) Cannot determine. Answer:,B,Comparison,00693-adddVdvEXUK_1.png
00324-DoSbsoo4EAg,0,Is the refrigerator closer to the kitchen cabinet or farther from the kitchen cabinet than the living room?,"['Closer', 'Farther', 'Same distance', 'Not visible']",Is the refrigerator closer to the kitchen cabinet or farther from the kitchen cabinet than the living room? A) Closer B) Farther C) Same distance D) Not visible. Answer:,A,Relationship,00324-DoSbsoo4EAg_1.png
00881-u1bkiGRVyu9,0,Does the flower vase's color contrast the red ceiling lamp in the kitchen?,"['Yes', 'No', 'The colors are similar', 'The colors perfectly match']",Does the flower vase's color contrast the red ceiling lamp in the kitchen? A) Yes B) No C) The colors are similar D) The colors perfectly match. Answer:,A,Comparison,00881-u1bkiGRVyu9_1.png
00541-FnDDfrBZPhh,0,Is the TV in the living room closer to the sofa than in the basement?,"['Yes', 'No', 'Same distance', 'Impossible to determine']",Is the TV in the living room closer to the sofa than in the basement? A) Yes B) No C) Same distance D) Impossible to determine. Answer:,A,Relationship,00541-FnDDfrBZPhh_0.png
00851-YRUkbU5xsYj,0,Is the microwave positioned above the stove in the kitchen?,"['Yes', 'No', 'They are side by side', 'The stove is above the microwave']",Is the microwave positioned above the stove in the kitchen? A) Yes B) No C) They are side by side D) The stove is above the microwave. Answer:,A,Relationship,00851-YRUkbU5xsYj_0.png
00644-njMGKG4iwRK,0,Does the refrigerator share the same color as the oven in the kitchen?,"['Yes', 'No', 'Only the front', 'Only the sides']",Does the refrigerator share the same color as the oven in the kitchen? A) Yes B) No C) Only the front D) Only the sides. Answer:,A,Attribute,00644-njMGKG4iwRK_1.png
00429-UZ5rYGiwQgW,0,Is the chair positioned in front of the desk in the room?,"['Yes', 'No', 'The chair is beside the desk', 'The chair is behind the desk']",Is the chair positioned in front of the desk in the room? A) Yes B) No C) The chair is beside the desk D) The chair is behind the desk. Answer:,A,Relationship,00429-UZ5rYGiwQgW_1.png
00248-PM558qFsyi8,0,Does the lamp produce light near the bed in the bedroom?,"['Yes', 'No', 'Partially', 'Not visible']",Does the lamp produce light near the bed in the bedroom? A) Yes B) No C) Partially D) Not visible. Answer:,A,Relationship,00248-PM558qFsyi8_0.png
00248-PM558qFsyi8,0,Do the curtains cover more of the windows in the room?,"['Yes, the curtains cover more of the windows', 'No, the curtains cover less', 'They cover equally', 'None of the above']","Do the curtains cover more of the windows in the room? A) Yes, the curtains cover more of the windows B) No, the curtains cover less C) They cover equally D) None of the above. Answer:",A,Attribute,00248-PM558qFsyi8_1.png
00357-TzQLNfWugiZ,0,Is the ceiling fan in the bedroom closer to the window than the ceiling fan in the living room?,"['Yes', 'No', 'They are equidistant', 'There is no ceiling fan in the living room']",Is the ceiling fan in the bedroom closer to the window than the ceiling fan in the living room? A) Yes B) No C) They are equidistant D) There is no ceiling fan in the living room. Answer:,A,Relationship,00357-TzQLNfWugiZ_0.png
00366-fxbzYAGkrtm,0,Does the mirror share the same wall as the sink in the bathroom?,"['Yes', 'No', 'Only partially', 'Cannot determine']",Does the mirror share the same wall as the sink in the bathroom? A) Yes B) No C) Only partially D) Cannot determine. Answer:,A,Relationship,00366-fxbzYAGkrtm_1.png
00702-wCqnXzoru3X,0,Is the bed larger than the couch?,"['Yes', 'No', 'They are the same size', 'Cannot be determined']",Is the bed larger than the couch? A) Yes B) No C) They are the same size D) Cannot be determined. Answer:,D,Comparison,00702-wCqnXzoru3X_0.png
00595-TBdN234fGEb,0,Are the stairs made of the same material as the wooden beams?,"['Yes', 'No', 'Only partially', 'Unknown']",Are the stairs made of the same material as the wooden beams? A) Yes B) No C) Only partially D) Unknown. Answer:,A,Relationship,00595-TBdN234fGEb_1.png
00754-EqZacbtdApE,0,Is the door taller than the ceiling light in the hallway?,"['Yes', 'No', 'The door and ceiling light are the same height', 'Cannot be determined']",Is the door taller than the ceiling light in the hallway? A) Yes B) No C) The door and ceiling light are the same height D) Cannot be determined. Answer:,A,Comparison,00754-EqZacbtdApE_1.png
00233-PuFu1zFVc4k,0,Is the white wardrobe taller than the wooden shoe rack in the hallway?,"['Yes', 'No', 'They are the same height', 'Cannot be determined']",Is the white wardrobe taller than the wooden shoe rack in the hallway? A) Yes B) No C) They are the same height D) Cannot be determined. Answer:,A,Comparison,00233-PuFu1zFVc4k_1.png
00019-AfKhsVmG8L4,0,Is the window larger than the door in the house?,"['Yes', 'No', 'They are the same size', 'Cannot tell from the image']",Is the window larger than the door in the house? A) Yes B) No C) They are the same size D) Cannot tell from the image. Answer:,B,Comparison,00019-AfKhsVmG8L4_1.png
00359-aTf5zsbjZMb,0,Does the cabinet appear closer than the television within the rooms shown?,"['Yes', 'No', 'They are the same distance', 'Cannot determine']",Does the cabinet appear closer than the television within the rooms shown? A) Yes B) No C) They are the same distance D) Cannot determine. Answer:,A,Relationship,00359-aTf5zsbjZMb_0.png
00750-E1NrAhMoqvB,0,Does the table in the dining room have more chairs surrounding it than the table in the living area?,"['Yes', 'No', 'They have the same number', 'Cannot determine']",Does the table in the dining room have more chairs surrounding it than the table in the living area? A) Yes B) No C) They have the same number D) Cannot determine. Answer:,A,Comparison,00750-E1NrAhMoqvB_1.png
00347-bwoBmU23M2N,0,Is the stairs closer to the kitchen than the dining table in the house?,"['Yes', 'No', 'The distance is the same', 'Cannot be determined']",Is the stairs closer to the kitchen than the dining table in the house? A) Yes B) No C) The distance is the same D) Cannot be determined. Answer:,B,Relationship,00347-bwoBmU23M2N_0.png
00627-b2e31HFFizw,0,Is the mirror wider than the dresser in the bedroom?,"['Yes', 'No', 'They are the same width', 'Cannot be determined']",Is the mirror wider than the dresser in the bedroom? A) Yes B) No C) They are the same width D) Cannot be determined. Answer:,B,Comparison,00627-b2e31HFFizw_1.png
00653-4RuxhXRmb3V,0,Does the sink in the kitchen share the same design as the sink in the bathroom?,"['Yes', 'No', 'Only partly', 'They are identical']",Does the sink in the kitchen share the same design as the sink in the bathroom? A) Yes B) No C) Only partly D) They are identical. Answer:,B,Comparison,00653-4RuxhXRmb3V_1.png
00464-NfkadBDgBJV,0,Does the curtain cover the window?,"['Fully', 'Partially', 'Not at all', 'Depends on time of day']",Does the curtain cover the window? A) Fully B) Partially C) Not at all D) Depends on time of day. Answer:,B,Relationship,00464-NfkadBDgBJV_1.png
00472-Xuky7E5df6A,0,Does the painting in the hallway have more vibrant colors than the painting in the living room?,"['Yes', 'No', 'Both have equally vibrant colors', 'It is not visible']",Does the painting in the hallway have more vibrant colors than the painting in the living room? A) Yes B) No C) Both have equally vibrant colors D) It is not visible. Answer:,A,Comparison,00472-Xuky7E5df6A_0.png
00432-vCfHLVSyL21,0,Does the window have more visible panels than the cabinet handles in the house?,"['Yes', 'No', 'They are equal', 'Cannot be determined']",Does the window have more visible panels than the cabinet handles in the house? A) Yes B) No C) They are equal D) Cannot be determined. Answer:,A,Comparison,00432-vCfHLVSyL21_1.png
00131-bZsfeA9uRk7,0,Are the wooden beams closer to the glass doors in the terrace or the living room?,"['Terrace', 'Living Room', 'Both are equidistant', 'None of the above']",Are the wooden beams closer to the glass doors in the terrace or the living room? A) Terrace B) Living Room C) Both are equidistant D) None of the above. Answer:,A,Relationship,00131-bZsfeA9uRk7_1.png
00851-YRUkbU5xsYj,0,Does the window have the same color as the chair?,"['Yes', 'No', 'Partially', 'Unsure']",Does the window have the same color as the chair? A) Yes B) No C) Partially D) Unsure. Answer:,B,Attribute,00851-YRUkbU5xsYj_1.png
00518-o1F5JVHc6mb,0,Is the dining table larger than the kitchen table?,"['Yes', 'No', 'Same size', 'Indeterminable']",Is the dining table larger than the kitchen table? A) Yes B) No C) Same size D) Indeterminable. Answer:,A,Comparison,00518-o1F5JVHc6mb_0.png
00380-fdfRpE6Cfsr,0,Is the crib closer to the door than the rocking horse in the house?,"['Yes', 'No', 'They are equidistant', 'Cannot tell']",Is the crib closer to the door than the rocking horse in the house? A) Yes B) No C) They are equidistant D) Cannot tell. Answer:,A,Comparison,00380-fdfRpE6Cfsr_1.png
00688-SgkmkWjjmDJ,0,Does the sign share the same room as the dining table?,"['Yes', 'No', 'The sign is in a different house', 'The dining table is invisible']",Does the sign share the same room as the dining table? A) Yes B) No C) The sign is in a different house D) The dining table is invisible. Answer:,A,Relationship,00688-SgkmkWjjmDJ_1.png
00274-NcK5aACg44h,0,Is the curtain longer than the window in the room with blue walls?,"['Yes', 'No', 'Same length', 'Cannot determine']",Is the curtain longer than the window in the room with blue walls? A) Yes B) No C) Same length D) Cannot determine. Answer:,B,Attribute,00274-NcK5aACg44h_1.png
005831wypxmRjuUR,0,"Is the sign with ""CAPE ANN Inc. 1623"" farther from the couch in the living room than the kitchen's dining table?","['Yes', 'No', 'They are equally distant', 'Cannot determine']","Is the sign with ""CAPE ANN Inc. 1623"" farther from the couch in the living room than the kitchen's dining table? A) Yes B) No C) They are equally distant D) Cannot determine. Answer:",A,Comparison,005831wypxmRjuUR_0.png
00443-oz1yTAGPXkh,0,Is the dresser taller than the wardrobe in the house?,"['Yes', 'No', 'They are the same height', 'Not enough information']",Is the dresser taller than the wardrobe in the house? A) Yes B) No C) They are the same height D) Not enough information. Answer:,D,Comparison,00443-oz1yTAGPXkh_1.png
00398-Vnb6uKtzQCU,0,Is the pool table in the same room as the bar counter?,"['Yes', 'No', 'Only the bar counter is present', 'Only the pool table is present']",Is the pool table in the same room as the bar counter? A) Yes B) No C) Only the bar counter is present D) Only the pool table is present. Answer:,A,Relationship,00398-Vnb6uKtzQCU_0.png
00632-kXAEFtUBNFZ,0,Is the wardrobe taller than the desk in the room?,"['Yes', 'No', 'They are the same height', 'Insufficient information']",Is the wardrobe taller than the desk in the room? A) Yes B) No C) They are the same height D) Insufficient information. Answer:,A,Comparison,00632-kXAEFtUBNFZ_0.png
00314-NwG7cpZnRZb,0,Is the table surrounded by more chairs in the kitchen or the dining room?,"['Kitchen', 'Dining Room', 'Same number', 'Cannot determine']",Is the table surrounded by more chairs in the kitchen or the dining room? A) Kitchen B) Dining Room C) Same number D) Cannot determine. Answer:,A,Relationship,00314-NwG7cpZnRZb_1.png
00243-BfzKZxFShtq,0,Are the bar stools taller than the tables in the room?,"['Yes', 'No', 'Same height', 'Not visible']",Are the bar stools taller than the tables in the room? A) Yes B) No C) Same height D) Not visible. Answer:,A,Comparison,00243-BfzKZxFShtq_1.png
00063-KsD3yx9nZCv,0,Are the tables and chairs in the room with red tablecloths arranged more uniformly than those in the room with blue tablecloths?,"['Yes', 'No', 'They are evenly arranged in both rooms', 'They are not uniformly arranged in either room']",Are the tables and chairs in the room with red tablecloths arranged more uniformly than those in the room with blue tablecloths? A) Yes B) No C) They are evenly arranged in both rooms D) They are not uniformly arranged in either room. Answer:,A,Comparison,00063-KsD3yx9nZCv_0.png
00360-yA3RqPqMrGE,0,Is the lamp taller than the chandelier in the dining room?,"['Yes', 'No', 'Both are the same height', 'Cannot be determined']",Is the lamp taller than the chandelier in the dining room? A) Yes B) No C) Both are the same height D) Cannot be determined. Answer:,B,Comparison,00360-yA3RqPqMrGE_1.png
00038-aJg466zMSNt,0,Does the coat hook face the mirror in this hallway?,"['Yes', 'No', 'Only partially', 'They are adjacent']",Does the coat hook face the mirror in this hallway? A) Yes B) No C) Only partially D) They are adjacent. Answer:,A,Relationship,00038-aJg466zMSNt_0.png
00539-zUG6FL9TYeR,0,Is the bed in the same room as the dresser?,"['Yes', 'No', 'Maybe', 'Not sure']",Is the bed in the same room as the dresser? A) Yes B) No C) Maybe D) Not sure. Answer:,A,Relationship,00539-zUG6FL9TYeR_1.png
00544-t85xiAt9pao,0,Is the plant closer to the staircase than the table in the house?,"['Yes', 'No', 'Both are equally close', 'Not enough information']",Is the plant closer to the staircase than the table in the house? A) Yes B) No C) Both are equally close D) Not enough information. Answer:,A,Relationship,00544-t85xiAt9pao_0.png
00259-4J8N2Ah1a6o,0,Is the washing machine closer than the refrigerator to the circular window in the laundry room?,"['Yes', 'No', 'Both are equidistant', 'Cannot be determined']",Is the washing machine closer than the refrigerator to the circular window in the laundry room? A) Yes B) No C) Both are equidistant D) Cannot be determined. Answer:,A,Relationship,00259-4J8N2Ah1a6o_1.png
00076-fJ1GEE6PdHD,0,Is the staircase closer to the mirror in the house?,"['Yes', 'No', 'They are at the same distance', 'There is no mirror']",Is the staircase closer to the mirror in the house? A) Yes B) No C) They are at the same distance D) There is no mirror. Answer:,A,Attribute,00076-fJ1GEE6PdHD_0.png
00505-ZwnLFNzxASM,0,Is the color of the curtains similar to the kitchen counter? ,"['Yes, they are the same', 'No, they are different', 'They are similar but not the same', 'Unknown']","Is the color of the curtains similar to the kitchen counter?  A) Yes, they are the same B) No, they are different C) They are similar but not the same D) Unknown. Answer:",B,Comparison,00505-ZwnLFNzxASM_1.png
00189-KHhgcNqsc9h,0,Does the window in the image have curtains?,"['Yes', 'No', 'Only partially', 'Cannot be determined']",Does the window in the image have curtains? A) Yes B) No C) Only partially D) Cannot be determined. Answer:,A,Attribute,00189-KHhgcNqsc9h_1.png
00454-vjMVcmpC1hC,0,Is the microwave located higher than the oven in the kitchen?,"['Yes', 'No', 'They are at the same level', 'Unable to determine']",Is the microwave located higher than the oven in the kitchen? A) Yes B) No C) They are at the same level D) Unable to determine. Answer:,A,Comparison,00454-vjMVcmpC1hC_1.png
00868-vd3HHTEpmyA,0,Is the staircase closer to the entrance than the dining table in the house?,"['Yes', 'No', 'They are equidistant', 'Cannot be determined']",Is the staircase closer to the entrance than the dining table in the house? A) Yes B) No C) They are equidistant D) Cannot be determined. Answer:,A,Relationship,00868-vd3HHTEpmyA_1.png
00869-MHPLjHsuG27,0,Does the door in the hallway share the same color as the door in the living room?,"['Yes', 'No', 'Partially', 'Cannot determine']",Does the door in the hallway share the same color as the door in the living room? A) Yes B) No C) Partially D) Cannot determine. Answer:,A,Comparison,00869-MHPLjHsuG27_1.png
00640-qvNra81N8BU,0,Is the radiator in the entrance larger than the radiator in the garage?,"['Yes', 'No', 'They are the same size', 'Not visible']",Is the radiator in the entrance larger than the radiator in the garage? A) Yes B) No C) They are the same size D) Not visible. Answer:,B,Comparison,00640-qvNra81N8BU_0.png
00765-AuGMayXVFkc,0,Does the window in the bedroom appear larger than the door in the bedroom?,"['Yes', 'No', 'They are the same size', 'Cannot determine']",Does the window in the bedroom appear larger than the door in the bedroom? A) Yes B) No C) They are the same size D) Cannot determine. Answer:,A,Comparison,00765-AuGMayXVFkc_1.png
00453-6ySDHVkso9e,0,Does the kitchen window have the same number of panes as the living room window?,"['Yes', 'No', 'The kitchen window has more panes', 'The living room window has more panes']",Does the kitchen window have the same number of panes as the living room window? A) Yes B) No C) The kitchen window has more panes D) The living room window has more panes. Answer:,A,Comparison,00453-6ySDHVkso9e_1.png
00225-EbiLVt7CHc1,0,Does the window share the same wall as the heater in the room?,"['Yes', 'No', 'Only one of them is present', 'They are in different rooms']",Does the window share the same wall as the heater in the room? A) Yes B) No C) Only one of them is present D) They are in different rooms. Answer:,A,Relationship,00225-EbiLVt7CHc1_0.png
00766-XxbS57Z6PDU,0,Does the shelf have the same color as the wall in the room?,"['Yes', 'No', 'Partially', 'They are unpainted']",Does the shelf have the same color as the wall in the room? A) Yes B) No C) Partially D) They are unpainted. Answer:,B,Comparison,00766-XxbS57Z6PDU_1.png
00793-NRsmXFcVTbN,0,Is the window larger than the door in the house?,"['Yes', 'No', 'The same size', 'Cannot determine']",Is the window larger than the door in the house? A) Yes B) No C) The same size D) Cannot determine. Answer:,A,Comparison,00793-NRsmXFcVTbN_1.png
00097-rPwrKEnR3fk,0,Does the bathtub share the same material as the showerhead in the bathroom?,"['Yes', 'No', 'Depends on the angle', 'Not clear']",Does the bathtub share the same material as the showerhead in the bathroom? A) Yes B) No C) Depends on the angle D) Not clear. Answer:,B,Relationship,00097-rPwrKEnR3fk_1.png
00886-TPhiubUHKcP,0,Is the light switch closer to the thermostat than the wooden door in the house?,"['Yes', 'No', 'They are equidistant', 'Cannot determine']",Is the light switch closer to the thermostat than the wooden door in the house? A) Yes B) No C) They are equidistant D) Cannot determine. Answer:,A,Relationship,00886-TPhiubUHKcP_0.png
00772-zJ3fVx3BZYR,0,Is the ladder taller than the paint bucket in the room?,"['Yes', 'No', 'They are the same height', 'Cannot determine']",Is the ladder taller than the paint bucket in the room? A) Yes B) No C) They are the same height D) Cannot determine. Answer:,A,Comparison,00772-zJ3fVx3BZYR_1.png
00352-zmZvNTCxMZE,0,Does the radiator share the same material as the wooden walls in the room?,"['Yes', 'No', 'Partially', ""Can't determine""]",Does the radiator share the same material as the wooden walls in the room? A) Yes B) No C) Partially D) Can't determine. Answer:,B,Attribute,00352-zmZvNTCxMZE_0.png
00794-WRphMcFxfhe,0,Does the floor in the rooms have a different color compared to the walls?,"['Yes', 'No', 'Only in some rooms', 'The colors are the same but different shades']",Does the floor in the rooms have a different color compared to the walls? A) Yes B) No C) Only in some rooms D) The colors are the same but different shades. Answer:,A,Comparison,00794-WRphMcFxfhe_1.png
00106-ZVScmfktNQ1,0,Is the refrigerator taller than the television in the house?,"['Yes', 'No', 'Same height', 'Cannot determine']",Is the refrigerator taller than the television in the house? A) Yes B) No C) Same height D) Cannot determine. Answer:,A,Comparison,00106-ZVScmfktNQ1_1.png
00137-2tqbn5VLQoq,0,Does the toilet share the same room as the sink?,"['Yes', 'No', 'Uncertain', 'Same room not shown']",Does the toilet share the same room as the sink? A) Yes B) No C) Uncertain D) Same room not shown. Answer:,A,Relationship,00137-2tqbn5VLQoq_1.png
00287-SBHLgvFTVMZ,0,Is the toilet closer than the shower to the entrance in the bathroom?,"['Yes', 'No', 'Cannot be determined', 'They are equidistant']",Is the toilet closer than the shower to the entrance in the bathroom? A) Yes B) No C) Cannot be determined D) They are equidistant. Answer:,A,Attribute,00287-SBHLgvFTVMZ_1.png
00295-LQy8D2nmZ4x,0,Is the bookshelf closer to the dining table or farther from it compared to other furniture in the room?,"['Closer', 'Farther', 'At the same distance', 'No way to tell']",Is the bookshelf closer to the dining table or farther from it compared to other furniture in the room? A) Closer B) Farther C) At the same distance D) No way to tell. Answer:,A,Relationship,00295-LQy8D2nmZ4x_1.png
00190-NkvRYHk72vA,0,Does the sofa face the shelf in the room?,"['Yes', 'No', 'Partially', 'Cannot tell']",Does the sofa face the shelf in the room? A) Yes B) No C) Partially D) Cannot tell. Answer:,A,Relationship,00190-NkvRYHk72vA_0.png
00893-yZME6UR9dUN,0,Does the window have more wooden details than the door in the house?,"['Yes', 'No', 'Same amount', 'Cannot determine']",Does the window have more wooden details than the door in the house? A) Yes B) No C) Same amount D) Cannot determine. Answer:,A,Comparison,00893-yZME6UR9dUN_1.png
00574-bXu6SSWkJY8,0,Is the door closer to the bookshelf in the living room or the hallway?,"['Living room', 'Hallway', 'Equally close', 'Cannot determine']",Is the door closer to the bookshelf in the living room or the hallway? A) Living room B) Hallway C) Equally close D) Cannot determine. Answer:,A,Relationship,00574-bXu6SSWkJY8_1.png
00514-9DnDAhJ7qcj,0,Is the door in the same room as the bookshelf?,"['Yes', 'No', 'Not sure', 'None of the above']",Is the door in the same room as the bookshelf? A) Yes B) No C) Not sure D) None of the above. Answer:,A,Relationship,00514-9DnDAhJ7qcj_1.png
00490-BUFVGDCQNGb,0,Is the clock placed above the cabinet in the room?,"['Yes', 'No', 'The clock is beside the cabinet', 'The cabinet is above the clock']",Is the clock placed above the cabinet in the room? A) Yes B) No C) The clock is beside the cabinet D) The cabinet is above the clock. Answer:,A,Relationship,00490-BUFVGDCQNGb_0.png
00351-QxfX5te1gFu,0,Does the air conditioner face the same direction as the curtain in the room?,"['Yes', 'No', 'Partially', 'Not visible']",Does the air conditioner face the same direction as the curtain in the room? A) Yes B) No C) Partially D) Not visible. Answer:,A,Relationship,00351-QxfX5te1gFu_0.png
00723-hWDDQnSDMXb,0,Is the television closer to the window than the sofa in the living room?,"['Yes', 'No', 'They are at the same distance', 'The distance cannot be determined']",Is the television closer to the window than the sofa in the living room? A) Yes B) No C) They are at the same distance D) The distance cannot be determined. Answer:,A,Relationship,00723-hWDDQnSDMXb_1.png
00757-LVgQNuK8vtv,0,Is the bed larger than the wardrobe?,"['Yes', 'No', 'Same size', 'Cannot determine']",Is the bed larger than the wardrobe? A) Yes B) No C) Same size D) Cannot determine. Answer:,B,Comparison,00757-LVgQNuK8vtv_1.png
00265-3Ao63EY7J83,0,Is the bed bigger than the table in the bedroom?,"['Yes', 'No', 'They are the same size', 'Cannot determine']",Is the bed bigger than the table in the bedroom? A) Yes B) No C) They are the same size D) Cannot determine. Answer:,A,Comparison,00265-3Ao63EY7J83_1.png
00363-DS3nSAaa3Nr,0,Is the sofa closer to the table in the living room compared to the dining area?,"['Yes', 'No', 'They are equidistant', 'Cannot determine']",Is the sofa closer to the table in the living room compared to the dining area? A) Yes B) No C) They are equidistant D) Cannot determine. Answer:,A,Relationship,00363-DS3nSAaa3Nr_0.png
00693-adddVdvEXUK,0,Does the table in the dining room face the mirror in the dining room?,"['Yes', 'No', 'Sometimes', 'Cannot determine']",Does the table in the dining room face the mirror in the dining room? A) Yes B) No C) Sometimes D) Cannot determine. Answer:,A,Relationship,00693-adddVdvEXUK_0.png
00802-wcojb4TFT35,0,Is the mirror larger than the picture frame in the living room?,"['Yes', 'No', 'They are the same size', 'The sizes cannot be determined']",Is the mirror larger than the picture frame in the living room? A) Yes B) No C) They are the same size D) The sizes cannot be determined. Answer:,A,Comparison,00802-wcojb4TFT35_0.png
00369-FgXPKxNp5kK,0,Does the mirror and the cabinet in the room share the same color tone?,"['Yes', 'No', 'Partially', 'Not determinable']",Does the mirror and the cabinet in the room share the same color tone? A) Yes B) No C) Partially D) Not determinable. Answer:,A,Comparison,00369-FgXPKxNp5kK_0.png
00585-CxxHb5C8ZsP,0,Is the red couch closer to the fireplace than to the dining table?,"['Yes', 'No', 'They are equidistant', 'Cannot be determined']",Is the red couch closer to the fireplace than to the dining table? A) Yes B) No C) They are equidistant D) Cannot be determined. Answer:,A,Relationship,00585-CxxHb5C8ZsP_1.png
00208-SQqGpSHzfSr,0,Is the bed larger than the desk chair in the house?,"['Yes', 'No', 'They are the same size', 'Not enough information']",Is the bed larger than the desk chair in the house? A) Yes B) No C) They are the same size D) Not enough information. Answer:,A,Comparison,00208-SQqGpSHzfSr_0.png
00872-F7EAMsdDASd,0,Are the door and curtains in the same room?,"['Yes', 'No', 'Only the door is visible', 'Only the curtains are visible']",Are the door and curtains in the same room? A) Yes B) No C) Only the door is visible D) Only the curtains are visible. Answer:,B,Relationship,00872-F7EAMsdDASd_0.png
00449-JjsvQEqRxGS,0,Does the stove in the kitchen have more burners than the number of faucets on the sink?,"['Yes', 'No', 'They have the same number', 'Not visible']",Does the stove in the kitchen have more burners than the number of faucets on the sink? A) Yes B) No C) They have the same number D) Not visible. Answer:,A,Comparison,00449-JjsvQEqRxGS_0.png
00140-qWb4MVxqCW7,0,Is the bed larger than the sofa in the room?,"['Yes', 'No', 'They are the same size', 'Cannot determine']",Is the bed larger than the sofa in the room? A) Yes B) No C) They are the same size D) Cannot determine. Answer:,B,Comparison,00140-qWb4MVxqCW7_0.png
00042-qDjhFcNqFPi,0,Do the window blinds block the view outside of the window in the living room?,"['Completely', 'Partially', 'Not at all', 'There are no window blinds']",Do the window blinds block the view outside of the window in the living room? A) Completely B) Partially C) Not at all D) There are no window blinds. Answer:,B,Relationship,00042-qDjhFcNqFPi_1.png
00006-HkseAnWCgqk,0,Is the window in the room larger than the door?,"['Yes', 'No', 'They are the same size', 'Cannot determine']",Is the window in the room larger than the door? A) Yes B) No C) They are the same size D) Cannot determine. Answer:,D,Comparison,00006-HkseAnWCgqk_0.png
00408-RamZzGBBPbT,0,Is the bed closer to the window than the bookshelf in the house?,"['Yes', 'No', 'They are equidistant', 'Cannot be determined']",Is the bed closer to the window than the bookshelf in the house? A) Yes B) No C) They are equidistant D) Cannot be determined. Answer:,A,Comparison,00408-RamZzGBBPbT_1.png
00200-A9yB3w3UxXV,0,Is the plant closer to the windows in the kitchen compared to the living room?,"['Yes', 'No', 'Same distance', 'Cannot determine']",Is the plant closer to the windows in the kitchen compared to the living room? A) Yes B) No C) Same distance D) Cannot determine. Answer:,A,Relationship,00200-A9yB3w3UxXV_1.png
00858-cYkrGrCg2kB,0,Is the drum set in a room with more empty floor space than the dining table?,"['Yes', 'No', 'Both have the same floor space', 'Not enough information']",Is the drum set in a room with more empty floor space than the dining table? A) Yes B) No C) Both have the same floor space D) Not enough information. Answer:,A,Comparison,00858-cYkrGrCg2kB_0.png
00275-4dbCzNN5L5t,0,Does the sink have the same primary material as the stove in these rooms?,"['Yes', 'No', 'Only partially', 'Cannot determine']",Does the sink have the same primary material as the stove in these rooms? A) Yes B) No C) Only partially D) Cannot determine. Answer:,B,Comparison,00275-4dbCzNN5L5t_0.png
00392-M8PMwoYQTUV,0,Does the bed appear in the same room as the painting?,"['Yes', 'No', 'Only partially', 'Cannot tell']",Does the bed appear in the same room as the painting? A) Yes B) No C) Only partially D) Cannot tell. Answer:,A,Relationship,00392-M8PMwoYQTUV_1.png
00153-28FFMGySc6D,0,Does the mirror have a frame similar in style to the painting?,"['Yes', 'No', 'The painting does not have a frame', 'The mirror does not have a frame']",Does the mirror have a frame similar in style to the painting? A) Yes B) No C) The painting does not have a frame D) The mirror does not have a frame. Answer:,A,Comparison,00153-28FFMGySc6D_0.png
00383-yTgw14aa5ha,0,Is the TV in the living room larger than the TV in the bedroom?,"['Yes', 'No', 'They are the same size', 'Only one TV is present']",Is the TV in the living room larger than the TV in the bedroom? A) Yes B) No C) They are the same size D) Only one TV is present. Answer:,A,Comparison,00383-yTgw14aa5ha_0.png
00113-3goH1WRaCYC,0,Is the oven larger than the fridge in the kitchen?,"['Yes', 'No', 'They are the same size', 'Not enough information']",Is the oven larger than the fridge in the kitchen? A) Yes B) No C) They are the same size D) Not enough information. Answer:,B,Comparison,00113-3goH1WRaCYC_1.png
00118-F5j7ZLfMm1n,0,Is the table in the kitchen larger than the chair?,"['Yes', 'No', 'They are the same size', 'Not enough information']",Is the table in the kitchen larger than the chair? A) Yes B) No C) They are the same size D) Not enough information. Answer:,A,Comparison,00118-F5j7ZLfMm1n_0.png
00309-VKmpsujnc5t,0,Are the jackets closer to the entrance than the hats in the store?,"['Yes', 'No', 'The same distance', 'Cannot determine']",Are the jackets closer to the entrance than the hats in the store? A) Yes B) No C) The same distance D) Cannot determine. Answer:,B,Relationship,00309-VKmpsujnc5t_1.png
00616-zhzot8MvSjF,0,Does the sliding glass door have curtains covering it?,"['Yes', 'No', 'Partially', 'Cannot determine']",Does the sliding glass door have curtains covering it? A) Yes B) No C) Partially D) Cannot determine. Answer:,A,Attribute,00616-zhzot8MvSjF_0.png
00833-dHwjuKfkRUR,0,Is the door farther from the window in the tiled room compared to the bedroom?,"['Yes', 'No', 'Similar distance', 'Cannot determine']",Is the door farther from the window in the tiled room compared to the bedroom? A) Yes B) No C) Similar distance D) Cannot determine. Answer:,A,Comparison,00833-dHwjuKfkRUR_0.png
00128-pAjDzi9kWjE,0,Does the wardrobe contain coats?,"['Yes', 'No', 'Only one', 'Not visible']",Does the wardrobe contain coats? A) Yes B) No C) Only one D) Not visible. Answer:,A,Relationship,00128-pAjDzi9kWjE_0.png
00423-bEdki9cbHDG,0,Do the windows in the room have the same pattern curtains?,"['Yes', 'No', 'Only one curtain is patterned', 'There are no curtains']",Do the windows in the room have the same pattern curtains? A) Yes B) No C) Only one curtain is patterned D) There are no curtains. Answer:,B,Attribute,00423-bEdki9cbHDG_0.png
00036-41FNXLAZZgC,0,Is the sofa closer to the window in the living room than the dining table is to the window in the dining area?,"['Yes', 'No', 'They are equally distant', 'Cannot be determined']",Is the sofa closer to the window in the living room than the dining table is to the window in the dining area? A) Yes B) No C) They are equally distant D) Cannot be determined. Answer:,A,Relationship,00036-41FNXLAZZgC_0.png
00079-2ihrkjrbHVf,0,Does the mirror reflect more light compared to the paintings in the room?,"['Yes', 'No', 'They reflect the same amount', 'Not enough information']",Does the mirror reflect more light compared to the paintings in the room? A) Yes B) No C) They reflect the same amount D) Not enough information. Answer:,A,Attribute,00079-2ihrkjrbHVf_1.png
00855-c5eTyR3Rxyh,0,Is the painting closer to the door in the hallway compared to other rooms?,"['Yes', 'No', 'They are equidistant', 'Not visible enough to determine']",Is the painting closer to the door in the hallway compared to other rooms? A) Yes B) No C) They are equidistant D) Not visible enough to determine. Answer:,A,Relationship,00855-c5eTyR3Rxyh_1.png
00414-77mMEyxhs44,0,Does the guitar in the room seem more colorful than the painting in the hallway?,"['Yes', 'No', 'They are equally colorful', 'Cannot determine']",Does the guitar in the room seem more colorful than the painting in the hallway? A) Yes B) No C) They are equally colorful D) Cannot determine. Answer:,A,Comparison,00414-77mMEyxhs44_0.png
00432-vCfHLVSyL21,0,Are the door and shelves in the same room?,"['Yes', 'No', 'They are in adjacent rooms', 'Only one is visible']",Are the door and shelves in the same room? A) Yes B) No C) They are in adjacent rooms D) Only one is visible. Answer:,B,Relationship,00432-vCfHLVSyL21_0.png
00662-aRKASs4e8j1,0,Is the monitor larger than the computer in the lab?,"['Yes', 'No', 'They are the same size', 'The monitor is smaller']",Is the monitor larger than the computer in the lab? A) Yes B) No C) They are the same size D) The monitor is smaller. Answer:,A,Comparison,00662-aRKASs4e8j1_1.png
00627-b2e31HFFizw,0,Is the bed taller than the nightstand in the bedroom?,"['Yes', 'No', 'Same height', 'Cannot determine']",Is the bed taller than the nightstand in the bedroom? A) Yes B) No C) Same height D) Cannot determine. Answer:,A,Comparison,00627-b2e31HFFizw_0.png
00288-27cQLjQ5CjV,0,Does the bed have more pillows on it?,"['Yes', 'No', 'Same number', 'Not visible']",Does the bed have more pillows on it? A) Yes B) No C) Same number D) Not visible. Answer:,A,Attribute,00288-27cQLjQ5CjV_0.png
00575-pMntW4YkvvB,0,Is the cabinet in the bathroom smaller than the cabinet in the dining area?,"['Yes', 'No', 'They are the same size', 'Cannot determine']",Is the cabinet in the bathroom smaller than the cabinet in the dining area? A) Yes B) No C) They are the same size D) Cannot determine. Answer:,A,Comparison,00575-pMntW4YkvvB_1.png
00195-enfahKs8XHw,0,Are there more desks than chairs in the workspace?,"['Yes', 'No', 'They are equal', 'Cannot be determined']",Are there more desks than chairs in the workspace? A) Yes B) No C) They are equal D) Cannot be determined. Answer:,A,Comparison,00195-enfahKs8XHw_1.png
00561-VhissfC8ggN,0,Does the curtain share the same color as the sofa in the house?,"['Yes', 'No', 'Partially', 'Cannot Determine']",Does the curtain share the same color as the sofa in the house? A) Yes B) No C) Partially D) Cannot Determine. Answer:,B,Comparison,00561-VhissfC8ggN_1.png
00755-UAGeBzZJgkU,0,Is the bed larger than the chairs in the room?,"['Yes', 'No', 'They are the same size', 'Unable to determine']",Is the bed larger than the chairs in the room? A) Yes B) No C) They are the same size D) Unable to determine. Answer:,A,Comparison,00755-UAGeBzZJgkU_0.png
00714-Nf3aGQTDAA1,0,Are the wooden beams positioned above the railing in the structure?,"['Yes', 'No', 'Partially', 'Cannot determine']",Are the wooden beams positioned above the railing in the structure? A) Yes B) No C) Partially D) Cannot determine. Answer:,A,Relationship,00714-Nf3aGQTDAA1_0.png
00507-RfNGMBdVbAZ,0,Is the ceiling fan located closer to the blue armchair or the kitchen counter in the living room?,"['Blue armchair', 'Kitchen counter', 'They are equidistant', 'Cannot be determined']",Is the ceiling fan located closer to the blue armchair or the kitchen counter in the living room? A) Blue armchair B) Kitchen counter C) They are equidistant D) Cannot be determined. Answer:,A,Relationship,00507-RfNGMBdVbAZ_0.png
00027-cVppJowrUqs,0,Is the sofa bigger than the cabinet in the living room?,"['Yes', 'No', 'They are the same size', 'Cannot be determined']",Is the sofa bigger than the cabinet in the living room? A) Yes B) No C) They are the same size D) Cannot be determined. Answer:,B,Comparison,00027-cVppJowrUqs_0.png
00250-U3oQjwTuMX8,0,Does the mirror share the same location as the sink in the bathroom?,"['Yes', 'No', 'Only one mirror is present', 'Only one sink is present']",Does the mirror share the same location as the sink in the bathroom? A) Yes B) No C) Only one mirror is present D) Only one sink is present. Answer:,A,Relationship,00250-U3oQjwTuMX8_1.png
00068-812QqCky3T7,0,Does the cabinet share the same color as the countertop in the kitchen?,"['Yes', 'No', 'Only partially', 'Cannot determine from the image']",Does the cabinet share the same color as the countertop in the kitchen? A) Yes B) No C) Only partially D) Cannot determine from the image. Answer:,B,Comparison,00068-812QqCky3T7_1.png
00609-x1pTUWx9DPr,0,Is the black leather sofa bigger than the yellow tufted sofa in the living room?,"['Yes', 'No', 'They are the same size', 'The sizes cannot be compared']",Is the black leather sofa bigger than the yellow tufted sofa in the living room? A) Yes B) No C) They are the same size D) The sizes cannot be compared. Answer:,A,Comparison,00609-x1pTUWx9DPr_1.png
00047-u9LiqMn6kA6,0,Is the table closer to the painting on the wall than the chair in the hallway?,"['Yes', 'No', 'They are equally distant', 'Cannot be determined']",Is the table closer to the painting on the wall than the chair in the hallway? A) Yes B) No C) They are equally distant D) Cannot be determined. Answer:,A,Relationship,00047-u9LiqMn6kA6_1.png
00389-d6bYiL1d9Fh,0,Is the fireplace closer to the entrance of the house than the sofa?,"['Yes', 'No', 'They are equally distant', 'There is no entrance']",Is the fireplace closer to the entrance of the house than the sofa? A) Yes B) No C) They are equally distant D) There is no entrance. Answer:,B,Relationship,00389-d6bYiL1d9Fh_0.png
00371-6AGcGQf2wof,0,Does the painting share the same frame color as the mirror?,"['Yes', 'No', 'Only partially', ""It's hard to tell""]",Does the painting share the same frame color as the mirror? A) Yes B) No C) Only partially D) It's hard to tell. Answer:,A,Comparison,00371-6AGcGQf2wof_1.png
00010-DBjEcHFg4oq,0,Does the chandelier emit the same light color as the lamp in the bedroom?,"['Yes', 'No', 'Only the chandelier is lit', 'Only the lamp is lit']",Does the chandelier emit the same light color as the lamp in the bedroom? A) Yes B) No C) Only the chandelier is lit D) Only the lamp is lit. Answer:,A,Attribute,00010-DBjEcHFg4oq_0.png
00395-giViJCyCH2C,0,Is the mirror wider than the window in the room?,"['Yes', 'No', 'They are the same size', 'Cannot determine']",Is the mirror wider than the window in the room? A) Yes B) No C) They are the same size D) Cannot determine. Answer:,B,Comparison,00395-giViJCyCH2C_1.png
00433-uzH9yHazm9t,0,Is the sofa larger than the armchair in the living room?,"['Yes', 'No', 'They are the same size', 'Cannot determine']",Is the sofa larger than the armchair in the living room? A) Yes B) No C) They are the same size D) Cannot determine. Answer:,A,Comparison,00433-uzH9yHazm9t_1.png
00682-6r9GfBG7u1g,0,Is the wooden dining table larger than the wooden decor piece on the floor in the house?,"['Yes', 'No', 'They are the same size', 'Cannot determine']",Is the wooden dining table larger than the wooden decor piece on the floor in the house? A) Yes B) No C) They are the same size D) Cannot determine. Answer:,A,Comparison,00682-6r9GfBG7u1g_0.png
00618-T4G9hTR5WSv,0,Is the door bigger than the toilet?,"['Yes', 'No', 'They are the same size', 'It cannot be determined']",Is the door bigger than the toilet? A) Yes B) No C) They are the same size D) It cannot be determined. Answer:,A,Comparison,00618-T4G9hTR5WSv_1.png
00440-wPLokgvCnuk,0,Is the bed in the room wider than the door?,"['Yes', 'No', 'They are the same width', 'Cannot determine']",Is the bed in the room wider than the door? A) Yes B) No C) They are the same width D) Cannot determine. Answer:,A,Comparison,00440-wPLokgvCnuk_1.png
00417-nGhNxKrgBPb,0,Is the paint can closer to the garage door than the room entrance?,"['Yes', 'No', 'They are the same distance', 'Cannot determine']",Is the paint can closer to the garage door than the room entrance? A) Yes B) No C) They are the same distance D) Cannot determine. Answer:,B,Relationship,00417-nGhNxKrgBPb_0.png
00566-qmvPLqLAgvC,0,Is the TV positioned on top of the rug in the living room?,"['Yes', 'No', 'Partially', 'Not visible']",Is the TV positioned on top of the rug in the living room? A) Yes B) No C) Partially D) Not visible. Answer:,B,Relationship,00566-qmvPLqLAgvC_1.png
00502-nMeXfQU4PMS,0,Is the bed larger than the sofa in the room?,"['Yes', 'No', 'They are the same size', 'Cannot determine']",Is the bed larger than the sofa in the room? A) Yes B) No C) They are the same size D) Cannot determine. Answer:,A,Comparison,00502-nMeXfQU4PMS_1.png
00185-NjyeoK5BLx3,0,Is the dining table larger than the bed in this house?,"['Yes', 'No', 'They are the same size', 'Cannot determine']",Is the dining table larger than the bed in this house? A) Yes B) No C) They are the same size D) Cannot determine. Answer:,B,Comparison,00185-NjyeoK5BLx3_0.png
00689-d88Sc1udFcZ,0,Is the sofa bigger than the orange chair in the room?,"['Yes', 'No', 'They are the same size', 'Cannot determine']",Is the sofa bigger than the orange chair in the room? A) Yes B) No C) They are the same size D) Cannot determine. Answer:,A,Comparison,00689-d88Sc1udFcZ_0.png
00341-tYvWp85L81G,0,Is the amount of image frames equal to the amount of artworks on display?,"['Yes', 'No', 'There are more image frames', 'There are more artworks']",Is the amount of image frames equal to the amount of artworks on display? A) Yes B) No C) There are more image frames D) There are more artworks. Answer:,B,Comparison,00341-tYvWp85L81G_1.png
00723-hWDDQnSDMXb,0,Is the chair in the room with the window similar in color to the sofa in the living room?,"['Yes', 'No', 'Partially', 'Cannot tell']",Is the chair in the room with the window similar in color to the sofa in the living room? A) Yes B) No C) Partially D) Cannot tell. Answer:,B,Comparison,00723-hWDDQnSDMXb_0.png
00659-ZVPMj4YoZtK,0,Is the table closer to the wall than the TV cabinet in the living room?,"['Yes', 'No', 'Both are equally close', 'Not enough information']",Is the table closer to the wall than the TV cabinet in the living room? A) Yes B) No C) Both are equally close D) Not enough information. Answer:,A,Comparison,00659-ZVPMj4YoZtK_0.png
00511-8uSpPmctPXC,0,Is the bathtub the same color as the towel in the bathroom?,"['Yes', 'No', 'Only the inner parts are the same color', 'It cannot be determined']",Is the bathtub the same color as the towel in the bathroom? A) Yes B) No C) Only the inner parts are the same color D) It cannot be determined. Answer:,B,Attribute,00511-8uSpPmctPXC_0.png
00140-qWb4MVxqCW7,0,Is the yellow chair closer to the door than the television in the room?,"['Yes', 'No', 'They are equally distant', 'Cannot determine']",Is the yellow chair closer to the door than the television in the room? A) Yes B) No C) They are equally distant D) Cannot determine. Answer:,A,Relationship,00140-qWb4MVxqCW7_1.png
00153-28FFMGySc6D,0,Does the mirror share the same frame style as the painting in the house?,"['Yes', 'No', 'Only the mirror has a frame', 'Only the painting has a frame']",Does the mirror share the same frame style as the painting in the house? A) Yes B) No C) Only the mirror has a frame D) Only the painting has a frame. Answer:,B,Comparison,00153-28FFMGySc6D_1.png
00802-wcojb4TFT35,0,Is the sofa in the living room bigger than the dining table in the dining room?,"['Yes', 'No', 'They are the same size', ""It's unclear from the image""]",Is the sofa in the living room bigger than the dining table in the dining room? A) Yes B) No C) They are the same size D) It's unclear from the image. Answer:,D,Comparison,00802-wcojb4TFT35_1.png
00461-AiY2reLtjYJ,0,Does the mirror reflect the same view as seen through the window in the living room?,"['Yes', 'No', 'Partially', 'Cannot tell']",Does the mirror reflect the same view as seen through the window in the living room? A) Yes B) No C) Partially D) Cannot tell. Answer:,A,Relationship,00461-AiY2reLtjYJ_1.png
00089-Am8wmPcBmtN,0,Is the bed in the same room as the couch?,"['Yes', 'No', 'Only part of it', 'Not sure']",Is the bed in the same room as the couch? A) Yes B) No C) Only part of it D) Not sure. Answer:,B,Relationship,00089-Am8wmPcBmtN_1.png
00492-panm7DRsmDn,0,Is the fridge larger than the oven in the kitchen?,"['Yes', 'No', 'They are the same size', 'Not sure']",Is the fridge larger than the oven in the kitchen? A) Yes B) No C) They are the same size D) Not sure. Answer:,A,Comparison,00492-panm7DRsmDn_0.png
00584-ZxkSUELrWtQ,0,Does the clock hang higher than the wall painting in the room?,"['Yes', 'No', 'They are at the same height', 'Cannot determine']",Does the clock hang higher than the wall painting in the room? A) Yes B) No C) They are at the same height D) Cannot determine. Answer:,A,Comparison,00584-ZxkSUELrWtQ_1.png
00544-t85xiAt9pao,0,Does the sofa have the same color as the armchair?,"['Yes', 'No', 'Partially', 'Not visible']",Does the sofa have the same color as the armchair? A) Yes B) No C) Partially D) Not visible. Answer:,B,Comparison,00544-t85xiAt9pao_1.png
00671-knPYW3fibqY,0,Does the TV in the living room share the same color as the bookshelf in the study room?,"['Yes', 'No', 'Partially', 'Cannot Determine']",Does the TV in the living room share the same color as the bookshelf in the study room? A) Yes B) No C) Partially D) Cannot Determine. Answer:,B,Comparison,00671-knPYW3fibqY_1.png
00152-EgzWe8N3jZG,0,Is the bookshelf taller than the dresser?,"['Yes', 'No', 'Same height', 'Cannot be determined']",Is the bookshelf taller than the dresser? A) Yes B) No C) Same height D) Cannot be determined. Answer:,A,Comparison,00152-EgzWe8N3jZG_1.png
00050-wrq3kiEU4VR,0,Is the staircase taller than the sofa in the house?,"['Yes', 'No', 'They are the same height', 'Cannot be determined']",Is the staircase taller than the sofa in the house? A) Yes B) No C) They are the same height D) Cannot be determined. Answer:,A,Comparison,00050-wrq3kiEU4VR_0.png
00332-cWfRoQnzNiM,0,Is the bed closer to the lamp than the sofa in the living room?,"['Yes', 'No', 'Equally close', ""There's no lamp""]",Is the bed closer to the lamp than the sofa in the living room? A) Yes B) No C) Equally close D) There's no lamp. Answer:,A,Relationship,00332-cWfRoQnzNiM_0.png
00296-sLwz8nKD3wF,0,Are the dining table and chairs in the dining room of the same color?,"['Yes', 'No', 'Partially', 'Cannot Determine']",Are the dining table and chairs in the dining room of the same color? A) Yes B) No C) Partially D) Cannot Determine. Answer:,B,Attribute,00296-sLwz8nKD3wF_1.png
00491-Ty7djLDxQu3,0,Does the window receive more natural light than the radiator in the room?,"['Yes', 'No', 'Both receive equal light', 'Neither receives light']",Does the window receive more natural light than the radiator in the room? A) Yes B) No C) Both receive equal light D) Neither receives light. Answer:,A,Attribute,00491-Ty7djLDxQu3_0.png
00066-nHHVbEyHX3t,0,Is the dining table closer to the fireplace than the front door in the house?,"['Yes', 'No', 'The distances are equal', 'Cannot be determined']",Is the dining table closer to the fireplace than the front door in the house? A) Yes B) No C) The distances are equal D) Cannot be determined. Answer:,A,Relationship,00066-nHHVbEyHX3t_0.png
00203-VoVGtfYrpuQ,0,Does the TV share the same wall as the painting in the house?,"['Yes', 'No', 'Only partially', 'Cannot tell']",Does the TV share the same wall as the painting in the house? A) Yes B) No C) Only partially D) Cannot tell. Answer:,B,Relationship,00203-VoVGtfYrpuQ_0.png
00289-wz9FcGhrndc,0,Is the table made of the same material as the chairs in the room?,"['Yes', 'No', 'Only the legs are the same', 'Only the tabletop is the same']",Is the table made of the same material as the chairs in the room? A) Yes B) No C) Only the legs are the same D) Only the tabletop is the same. Answer:,A,Attribute,00289-wz9FcGhrndc_0.png
00494-5737gQA9p2T,0,Is the bed longer than the bench in the bedroom?,"['Yes', 'No', 'Same length', 'Cannot be determined']",Is the bed longer than the bench in the bedroom? A) Yes B) No C) Same length D) Cannot be determined. Answer:,A,Comparison,00494-5737gQA9p2T_0.png
00729-PyZonHqd5gy,0,Are the curtains open or closed on the window?,"['Open', 'Closed', 'Partially open', 'No curtains']",Are the curtains open or closed on the window? A) Open B) Closed C) Partially open D) No curtains. Answer:,A,Attribute,00729-PyZonHqd5gy_0.png
00826-BFRyYbPCCPE,0,Is the dining table farther from the sofa than the potted plant in the living room?,"['Yes', 'No', 'They are the same distance', 'Not determinable']",Is the dining table farther from the sofa than the potted plant in the living room? A) Yes B) No C) They are the same distance D) Not determinable. Answer:,A,Relationship,00826-BFRyYbPCCPE_0.png
00534-DBBESbk4Y3k,0,Is the railing attached to the stairs in the house?,"['Yes', 'No', 'Partially', 'Not visible']",Is the railing attached to the stairs in the house? A) Yes B) No C) Partially D) Not visible. Answer:,A,Relationship,00534-DBBESbk4Y3k_1.png
00785-AdNTcRg3THp,0,Is the window larger than the door in the room?,"['Yes', 'No', 'They are the same size', 'Cannot determine']",Is the window larger than the door in the room? A) Yes B) No C) They are the same size D) Cannot determine. Answer:,A,Comparison,00785-AdNTcRg3THp_1.png
00658-a3JCmxobR99,0,Is the door in the same room as the window?,"['Yes', 'No', 'Only in adjacent rooms', 'Not visible']",Is the door in the same room as the window? A) Yes B) No C) Only in adjacent rooms D) Not visible. Answer:,A,Relationship,00658-a3JCmxobR99_0.png
00751-DZsJKHoqEYg,0,Is the kitchen larger than the living room?,"['Yes', 'No', 'They are the same size', 'Not enough information']",Is the kitchen larger than the living room? A) Yes B) No C) They are the same size D) Not enough information. Answer:,B,Comparison,00751-DZsJKHoqEYg_1.png
00227-bvdRzJBgJyg,0,Is the sofa larger than the armchair in the living room?,"['Yes', 'No', 'They are the same size', 'Not clear']",Is the sofa larger than the armchair in the living room? A) Yes B) No C) They are the same size D) Not clear. Answer:,A,Comparison,00227-bvdRzJBgJyg_0.png
00397-ZNanfzgCdm3,0,Does the red wall share any color patterns with the blue wall?,"['Yes, both have stripes', 'Yes, both have polka dots', 'No, they are solid colors', 'Yes, both have floral patterns']","Does the red wall share any color patterns with the blue wall? A) Yes, both have stripes B) Yes, both have polka dots C) No, they are solid colors D) Yes, both have floral patterns. Answer:",C,Comparison,00397-ZNanfzgCdm3_0.png
00672-4L4peQsMgfR,0,Does the cabinet have more shelves than the refrigerator?,"['Yes', 'No', 'They have the same number of shelves', 'The cabinet has fewer shelves']",Does the cabinet have more shelves than the refrigerator? A) Yes B) No C) They have the same number of shelves D) The cabinet has fewer shelves. Answer:,A,Comparison,00672-4L4peQsMgfR_1.png
00065-kZhZfAhdnNN,0,Is the fridge closer to the entrance of the kitchen than the oven is?,"['Yes', 'No', 'They are equidistant', 'There is no oven']",Is the fridge closer to the entrance of the kitchen than the oven is? A) Yes B) No C) They are equidistant D) There is no oven. Answer:,B,Relationship,00065-kZhZfAhdnNN_0.png
00203-VoVGtfYrpuQ,0,Is the chair taller than the stool in the living area?,"['Yes', 'No', 'They are the same height', 'Not visible']",Is the chair taller than the stool in the living area? A) Yes B) No C) They are the same height D) Not visible. Answer:,B,Comparison,00203-VoVGtfYrpuQ_1.png
00119-k17yptqNRAn,0,Is the refrigerator in the kitchen farther from the wall than the fireplace in the living room?,"['Yes', 'No', 'They are equal', 'Cannot determine']",Is the refrigerator in the kitchen farther from the wall than the fireplace in the living room? A) Yes B) No C) They are equal D) Cannot determine. Answer:,B,Comparison,00119-k17yptqNRAn_1.png
00598-mt9H8KcxRKD,0,Does the door appear closer to the mirror in the corridor or in the office?,"['Corridor', 'Office', 'Both equally', 'Neither has a mirror']",Does the door appear closer to the mirror in the corridor or in the office? A) Corridor B) Office C) Both equally D) Neither has a mirror. Answer:,A,Relationship,00598-mt9H8KcxRKD_1.png
00003-NtVbfPCkBFy,0,Is the ceiling height in the kitchen greater than the ceiling height in the living room?,"['Yes', 'No', 'The ceiling heights are equal', 'Cannot determine']",Is the ceiling height in the kitchen greater than the ceiling height in the living room? A) Yes B) No C) The ceiling heights are equal D) Cannot determine. Answer:,B,Comparison,00003-NtVbfPCkBFy_0.png
00615-PUNuHY5M7MS,0,Is the refrigerator in the kitchen bigger than the oven?,"['Yes', 'No', 'They are the same size', 'Only the oven is visible']",Is the refrigerator in the kitchen bigger than the oven? A) Yes B) No C) They are the same size D) Only the oven is visible. Answer:,A,Comparison,00615-PUNuHY5M7MS_1.png
00703-xvDx98avcwd,0,Is the staircase closer to the fireplace in the house?,"['Yes', 'No', 'Equal distance', 'Not applicable']",Is the staircase closer to the fireplace in the house? A) Yes B) No C) Equal distance D) Not applicable. Answer:,B,Relationship,00703-xvDx98avcwd_1.png
00395-giViJCyCH2C,0,Is the bed larger than the chair in the house?,"['Yes', 'No', 'They are the same size', 'Cannot determine']",Is the bed larger than the chair in the house? A) Yes B) No C) They are the same size D) Cannot determine. Answer:,A,Comparison,00395-giViJCyCH2C_0.png
00025-ixTj1aTMup2,1,How many books are in the study?,"['1', '2', '3', '4']",How many books are in the study? A) 1 B) 2 C) 3 D) 4. Answer:,A,Counting,
00001-UVdNNRcVyV1,1,How many chairs and tables are in the dining area?,"['9', '7', '8', '10']",How many chairs and tables are in the dining area? A) 9 B) 7 C) 8 D) 10. Answer:,A,Counting,
00002-FxCkHAfgh7A,1,How many chairs and tables are in the dining area?,"['10 and 5', '8 and 6', '9 and 7', '12 and 4']",How many chairs and tables are in the dining area? A) 10 and 5 B) 8 and 6 C) 9 and 7 D) 12 and 4. Answer:,A,Counting,
00064-gQgtJ9Stk5s,1,How many appliances are in the kitchen and the living room?,"['1', '2', '3', '0']",How many appliances are in the kitchen and the living room? A) 1 B) 2 C) 3 D) 0. Answer:,A,Counting,
00060-TgWKHxhJAng,2,How many blinds are in the living room and the bedroom?,"['2', '1', '3', '4']",How many blinds are in the living room and the bedroom? A) 2 B) 1 C) 3 D) 4. Answer:,A,Counting,
00202-yVbpFay8gTU,1,How many beds are in the bedroom and the living room?,"['7', '6', '5', '4']",How many beds are in the bedroom and the living room? A) 7 B) 6 C) 5 D) 4. Answer:,A,Counting,
00378-DqJKU7YU7dA,1,How many pillows and curtains are in the living room?,"['2 pillows and 3 curtains', '3 pillows and 2 curtains', '4 pillows and 3 curtains', '5 pillows and 5 curtains']",How many pillows and curtains are in the living room? A) 2 pillows and 3 curtains B) 3 pillows and 2 curtains C) 4 pillows and 3 curtains D) 5 pillows and 5 curtains. Answer:,A,Counting,
00476-NtnvZSMK3en,2,How many toys are in the playroom?,"['3', '5', '7', '2']",How many toys are in the playroom? A) 3 B) 5 C) 7 D) 2. Answer:,A,Counting,
00167-yogvKWUrdnw,1,How many lamps are in the living room?,"['1', '2', '3', '4']",How many lamps are in the living room? A) 1 B) 2 C) 3 D) 4. Answer:,A,Counting,
00263-GGBvSFddQgs,2,How many pillows are in the living room?,"['10', '8', '12', '9']",How many pillows are in the living room? A) 10 B) 8 C) 12 D) 9. Answer:,D,Counting,
00470-udze1CSof5C,1,How many pictures are in the living room?,"['2', '4', '3', '1']",How many pictures are in the living room? A) 2 B) 4 C) 3 D) 1. Answer:,A,Counting,
00143-5Kw4nGdqYtS,2,How many pictures are in the living room?,"['2', '3', '4', '1']",How many pictures are in the living room? A) 2 B) 3 C) 4 D) 1. Answer:,B,Counting,
00366-fxbzYAGkrtm,1,How many beds are in the bedroom?,"['1', '2', '0', '5']",How many beds are in the bedroom? A) 1 B) 2 C) 0 D) 5. Answer:,A,Counting,
00256-92vYG1q49FY,1,How many pictures are in the living room?,"['3', '5', '6', '7']",How many pictures are in the living room? A) 3 B) 5 C) 6 D) 7. Answer:,C,Counting,
00263-GGBvSFddQgs,2,How many pillows are in the living room?,"['3', '4', '2', '5']",How many pillows are in the living room? A) 3 B) 4 C) 2 D) 5. Answer:,A,Counting,
00388-pcpn6mFqFCg,1,How many pictures are in the living room?,"['55', '65', '75', '45']",How many pictures are in the living room? A) 55 B) 65 C) 75 D) 45. Answer:,B,Counting,
00388-pcpn6mFqFCg,1,How many bags and boxes are in the garage?,"['3', '4', '5', '6']",How many bags and boxes are in the garage? A) 3 B) 4 C) 5 D) 6. Answer:,B,Counting,
00463-URjpCob8MGw,2,How many pillows and windows are in the living room?,"['3', '4', '5', '6']",How many pillows and windows are in the living room? A) 3 B) 4 C) 5 D) 6. Answer:,C,Counting,
00009-vLpv2VX547B,2,How many toys are in the playroom?,"['7', '5', '6', '8']",How many toys are in the playroom? A) 7 B) 5 C) 6 D) 8. Answer:,A,Counting,
00475-g7hUFVNac26,1,How many bags and shoes are in the closet?,"['4 bags and 5 shoes', '5 bags and 3 shoes', '2 bags and 4 shoes', '3 bags and 6 shoes']",How many bags and shoes are in the closet? A) 4 bags and 5 shoes B) 5 bags and 3 shoes C) 2 bags and 4 shoes D) 3 bags and 6 shoes. Answer:,D,Counting,
00166-RaYrxWt5pR1,1,How many chairs and tables are in the dining area?,"['3', '4', '5', '6']",How many chairs and tables are in the dining area? A) 3 B) 4 C) 5 D) 6. Answer:,B,Counting,
00081-5biL7VEkByM,1,How many books are in the study and the desk?,"['6', '8', '10', '5']",How many books are in the study and the desk? A) 6 B) 8 C) 10 D) 5. Answer:,B,Counting,
00214-WeyCwVzL53K,2,How many windows are in the living room?,"['8', '6', '5', '10']",How many windows are in the living room? A) 8 B) 6 C) 5 D) 10. Answer:,A,Counting,
00268-mHJxL9jnCox,1,How many tables and chairs are in the dining area?,"['5', '6', '7', '8']",How many tables and chairs are in the dining area? A) 5 B) 6 C) 7 D) 8. Answer:,C,Counting,
00018-as8Y8AYx6yW,1,How many chairs and tables are in the dining area?,"['12', '10', '15', '8']",How many chairs and tables are in the dining area? A) 12 B) 10 C) 15 D) 8. Answer:,B,Counting,
00422-8wJuSPJ9FXG,1,How many doors are in the living room and the kitchen?,"['2', '3', '1', '4']",How many doors are in the living room and the kitchen? A) 2 B) 3 C) 1 D) 4. Answer:,A,Counting,
00254-YMNvYDhK8mB,1,How many cabinets are in the kitchen?,"['38', '40', '36', '30']",How many cabinets are in the kitchen? A) 38 B) 40 C) 36 D) 30. Answer:,A,Counting,
00241-h6nwVLpAKQz,1,How many cabinets are in the kitchen?,"['3', '2', '4', '1']",How many cabinets are in the kitchen? A) 3 B) 2 C) 4 D) 1. Answer:,B,Counting,
00179-MVVzj944atG,1,How many doors are in the kitchen and the living room?,"['3', '5', '4', '6']",How many doors are in the kitchen and the living room? A) 3 B) 5 C) 4 D) 6. Answer:,A,Counting,
00256-92vYG1q49FY,1,How many pictures are in the living room?,"['40', '35', '50', '60']",How many pictures are in the living room? A) 40 B) 35 C) 50 D) 60. Answer:,A,Counting,
00444-sX9xad6ULKc,1,How many sinks are in the kitchen?,"['5', '3', '4', '2']",How many sinks are in the kitchen? A) 5 B) 3 C) 4 D) 2. Answer:,A,Counting,
00256-92vYG1q49FY,1,How many books are in the study and the desk?,"['5', '3', '6', '2']",How many books are in the study and the desk? A) 5 B) 3 C) 6 D) 2. Answer:,C,Counting,
00294-PPTLa8SkUfo,1,How many ovens are in the kitchen?,"['1', '2', '3', '4']",How many ovens are in the kitchen? A) 1 B) 2 C) 3 D) 4. Answer:,A,Counting,
00397-ZNanfzgCdm3,2,How many chairs are in the dining room?,"['1', '2', '3', '4']",How many chairs are in the dining room? A) 1 B) 2 C) 3 D) 4. Answer:,A,Counting,
00226-8mXffaQTtmP,1,How many lamps are in the living room?,"['5', '3', '4', '2']",How many lamps are in the living room? A) 5 B) 3 C) 4 D) 2. Answer:,B,Counting,
00250-U3oQjwTuMX8,1,How many chairs and tables are in the dining area?,"['1 chair and 2 tables', '2 chairs and 1 table', '2 chairs and 2 tables', '1 chair and 1 table']",How many chairs and tables are in the dining area? A) 1 chair and 2 tables B) 2 chairs and 1 table C) 2 chairs and 2 tables D) 1 chair and 1 table. Answer:,B,Counting,
000571UnKg1rAb8A,1,How many pillows are in the living room and the guest bedroom?,"['2', '3', '4', '5']",How many pillows are in the living room and the guest bedroom? A) 2 B) 3 C) 4 D) 5. Answer:,B,Counting,
00444-sX9xad6ULKc,1,How many cabinets are in the kitchen?,"['1', '2', '3', '4']",How many cabinets are in the kitchen? A) 1 B) 2 C) 3 D) 4. Answer:,B,Counting,
00203-VoVGtfYrpuQ,1,How many clothes are in the closet?,"['1', '3', '2', '4']",How many clothes are in the closet? A) 1 B) 3 C) 2 D) 4. Answer:,B,Counting,
00263-GGBvSFddQgs,1,How many chairs and doors are in the living room?,"['5', '6', '4', '3']",How many chairs and doors are in the living room? A) 5 B) 6 C) 4 D) 3. Answer:,A,Counting,
00173-qZ4B7U6XE5Y,1,How many candles and jars are in the living room?,"['2 candles and 1 jar', '1 candle and 2 jars', '3 candles and 2 jars', '1 candle and 1 jar']",How many candles and jars are in the living room? A) 2 candles and 1 jar B) 1 candle and 2 jars C) 3 candles and 2 jars D) 1 candle and 1 jar. Answer:,A,Counting,
00022-gmuS7Wgsbrx,2,How many doors and windows are in the living room?,"['1 door and 1 window', '2 doors and 2 windows', '3 doors and 1 window', '1 door and 2 windows']",How many doors and windows are in the living room? A) 1 door and 1 window B) 2 doors and 2 windows C) 3 doors and 1 window D) 1 door and 2 windows. Answer:,D,Counting,
00327-xgLmjqzoAzF,1,How many shoes and clothes are in the closet?,"['3 shoes and 2 clothes', '2 shoes and 3 clothes', '1 shoe and 4 clothes', '4 shoes and 1 clothes']",How many shoes and clothes are in the closet? A) 3 shoes and 2 clothes B) 2 shoes and 3 clothes C) 1 shoe and 4 clothes D) 4 shoes and 1 clothes. Answer:,B,Counting,
00217-qz3829g1Lzf,2,How many windows are in the living room?,"['5', '9', '7', '10']",How many windows are in the living room? A) 5 B) 9 C) 7 D) 10. Answer:,B,Counting,
00294-PPTLa8SkUfo,1,How many rugs are in the living room?,"['1', '2', '3', '0']",How many rugs are in the living room? A) 1 B) 2 C) 3 D) 0. Answer:,A,Counting,
00156-iQPq34e8hJX,1,How many tables are in the dining area?,"['10', '7', '15', '12']",How many tables are in the dining area? A) 10 B) 7 C) 15 D) 12. Answer:,B,Counting,
00380-fdfRpE6Cfsr,1,How many chairs and doors are in the living room?,"['8 and 5', '7 and 6', '5 and 9', '6 and 7']",How many chairs and doors are in the living room? A) 8 and 5 B) 7 and 6 C) 5 and 9 D) 6 and 7. Answer:,A,Counting,
00515-krsjseyn6fd,1,How many pillows and chairs are in the living room?,"['6', '8', '10', '12']",How many pillows and chairs are in the living room? A) 6 B) 8 C) 10 D) 12. Answer:,C,Counting,
00404-QN2dRqwd84J,1,How many pillows and curtains are in the living room?,"['3 pillows and 2 curtains', '4 pillows and 1 curtain', '5 pillows and 3 curtains', '6 pillows and 2 curtains']",How many pillows and curtains are in the living room? A) 3 pillows and 2 curtains B) 4 pillows and 1 curtain C) 5 pillows and 3 curtains D) 6 pillows and 2 curtains. Answer:,B,Counting,
00033-oPj9qMxrDEa,1,How many cabinets are in the kitchen?,"['10', '12', '8', '15']",How many cabinets are in the kitchen? A) 10 B) 12 C) 8 D) 15. Answer:,A,Counting,
00109-GTV2Y73Sn5t,1,How many cabinets are in the kitchen?,"['10', '15', '20', '5']",How many cabinets are in the kitchen? A) 10 B) 15 C) 20 D) 5. Answer:,B,Counting,
00023-zepmXAdrpjR,1,How many chairs are in the living room?,"['10', '14', '12', '8']",How many chairs are in the living room? A) 10 B) 14 C) 12 D) 8. Answer:,B,Counting,
00168-bHKTDQFJxTw,1,How many bottles and chairs are in the dining area?,"['10', '12', '8', '11']",How many bottles and chairs are in the dining area? A) 10 B) 12 C) 8 D) 11. Answer:,B,Counting,
00372-GMwtBqNLGBs,1,How many chairs and tables are in the dining area?,"['14 and 9', '10 and 12', '8 and 11', '5 and 15']",How many chairs and tables are in the dining area? A) 14 and 9 B) 10 and 12 C) 8 and 11 D) 5 and 15. Answer:,A,Counting,
00238-j6fHrce9pHR,2,How many lamps are in the living room and dining room?,"['3', '4', '5', '6']",How many lamps are in the living room and dining room? A) 3 B) 4 C) 5 D) 6. Answer:,A,Counting,
00378-DqJKU7YU7dA,1,How many lamps are in the living room?,"['5', '7', '3', '6']",How many lamps are in the living room? A) 5 B) 7 C) 3 D) 6. Answer:,B,Counting,
00241-h6nwVLpAKQz,1,How many beam and cabinet are in the kitchen?,"['1', '2', '3', '4']",How many beam and cabinet are in the kitchen? A) 1 B) 2 C) 3 D) 4. Answer:,C,Counting,
00422-8wJuSPJ9FXG,2,How many mirrors are in the bathroom?,"['1', '2', '3', '4']",How many mirrors are in the bathroom? A) 1 B) 2 C) 3 D) 4. Answer:,A,Counting,
00183-kEL17iFsVbw,1,How many windows are in the living room and the kitchen?,"['4', '5', '3', '6']",How many windows are in the living room and the kitchen? A) 4 B) 5 C) 3 D) 6. Answer:,B,Counting,
00251-wsAYBFtQaL7,1,How many pictures are in the living room?,"['2', '3', '1', '4']",How many pictures are in the living room? A) 2 B) 3 C) 1 D) 4. Answer:,A,Counting,
00466-xAHnY3QzFUN,1,How many chairs and tables are in the dining area?,"['5', '3', '4', '2']",How many chairs and tables are in the dining area? A) 5 B) 3 C) 4 D) 2. Answer:,A,Counting,
00251-wsAYBFtQaL7,1,How many kitchen cabinets are in the kitchen?,"['3', '4', '5', '2']",How many kitchen cabinets are in the kitchen? A) 3 B) 4 C) 5 D) 2. Answer:,A,Counting,
00409-rxGLNxH6eoJ,1,How many chairs are in the living room?,"['20', '15', '25', '10']",How many chairs are in the living room? A) 20 B) 15 C) 25 D) 10. Answer:,A,Counting,
00513-9oGV6Y9nNqB,1,How many sofas are in the living room?,"['3', '4', '5', '2']",How many sofas are in the living room? A) 3 B) 4 C) 5 D) 2. Answer:,A,Counting,
00142-DwDDvGo9QdA,1,How many chairs and tables are in the dining area?,"['15 chairs and 20 tables', '20 chairs and 25 tables', '25 chairs and 15 tables', '15 chairs and 10 tables']",How many chairs and tables are in the dining area? A) 15 chairs and 20 tables B) 20 chairs and 25 tables C) 25 chairs and 15 tables D) 15 chairs and 10 tables. Answer:,B,Counting,
00407-NPHxDe6VeCc,1,How many pillows and books are in the living room?,"['2 and 3', '3 and 4', '4 and 2', '5 and 6']",How many pillows and books are in the living room? A) 2 and 3 B) 3 and 4 C) 4 and 2 D) 5 and 6. Answer:,A,Counting,
00250-U3oQjwTuMX8,1,How many cabinets are in the kitchen and the living room?,"['2', '3', '4', '1']",How many cabinets are in the kitchen and the living room? A) 2 B) 3 C) 4 D) 1. Answer:,A,Counting,
00417-nGhNxKrgBPb,1,How many lamps are in the living room and the bedroom?,"['2', '1', '3', '4']",How many lamps are in the living room and the bedroom? A) 2 B) 1 C) 3 D) 4. Answer:,A,Counting,
00326-u9rPN5cHWBg,1,How many chairs and tables are in the dining area?,"['3 chairs and 2 tables', '2 chairs and 1 table', '4 chairs and 3 tables', '5 chairs and 1 table']",How many chairs and tables are in the dining area? A) 3 chairs and 2 tables B) 2 chairs and 1 table C) 4 chairs and 3 tables D) 5 chairs and 1 table. Answer:,B,Counting,
00207-FRQ75PjD278,2,How many books are in the study?,"['8', '10', '7', '9']",How many books are in the study? A) 8 B) 10 C) 7 D) 9. Answer:,B,Counting,
00491-Ty7djLDxQu3,1,How many beds are in the bedroom?,"['2', '3', '1', '4']",How many beds are in the bedroom? A) 2 B) 3 C) 1 D) 4. Answer:,A,Counting,
00159-DfUQLukPMPc,1,How many chairs are in the living room?,"['10', '8', '12', '15']",How many chairs are in the living room? A) 10 B) 8 C) 12 D) 15. Answer:,A,Counting,
00313-PE6kVEtrxtj,1,How many shower walls are in the bathroom?,"['1', '2', '3', '0']",How many shower walls are in the bathroom? A) 1 B) 2 C) 3 D) 0. Answer:,A,Counting,
00495-CQWES1bawee,1,How many flowers are in the garden?,"['3', '4', '5', '2']",How many flowers are in the garden? A) 3 B) 4 C) 5 D) 2. Answer:,A,Counting,
00390-c9DeZf2fcDf,1,How many sofas are in the living room and dining room?,"['3', '4', '5', '2']",How many sofas are in the living room and dining room? A) 3 B) 4 C) 5 D) 2. Answer:,B,Counting,
00166-RaYrxWt5pR1,1,How many pillows are in the living room and the guest bedroom?,"['3', '4', '5', '6']",How many pillows are in the living room and the guest bedroom? A) 3 B) 4 C) 5 D) 6. Answer:,B,Counting,
00487-erXNfWVjqZ8,1,How many cans are in the kitchen and the pantry?,"['17', '18', '15', '20']",How many cans are in the kitchen and the pantry? A) 17 B) 18 C) 15 D) 20. Answer:,A,Counting,
00495-CQWES1bawee,1,How many jars are in the kitchen and the pantry?,"['1', '2', '3', '4']",How many jars are in the kitchen and the pantry? A) 1 B) 2 C) 3 D) 4. Answer:,B,Counting,
00076-fJ1GEE6PdHD,1,How many doors are in the living room and the kitchen?,"['6', '5', '4', '3']",How many doors are in the living room and the kitchen? A) 6 B) 5 C) 4 D) 3. Answer:,A,Counting,
00384-ceJTwFNjqCt,1,How many keyboards and chairs are in the office area?,"['5 keyboards and 7 chairs', '4 keyboards and 10 chairs', '3 keyboards and 8 chairs', '5 keyboards and 6 chairs']",How many keyboards and chairs are in the office area? A) 5 keyboards and 7 chairs B) 4 keyboards and 10 chairs C) 3 keyboards and 8 chairs D) 5 keyboards and 6 chairs. Answer:,A,Counting,
00250-U3oQjwTuMX8,1,How many chairs are in the living room?,"['1', '2', '3', '4']",How many chairs are in the living room? A) 1 B) 2 C) 3 D) 4. Answer:,A,Counting,
00173-qZ4B7U6XE5Y,1,How many bottles are in the kitchen and the living room?,"['3', '2', '4', '1']",How many bottles are in the kitchen and the living room? A) 3 B) 2 C) 4 D) 1. Answer:,B,Counting,
00123-C3ifY177Ldq,1,How many tables and chairs are in the dining area?,"['3 tables and 5 chairs', '2 tables and 6 chairs', '1 table and 4 chairs', '3 tables and 6 chairs']",How many tables and chairs are in the dining area? A) 3 tables and 5 chairs B) 2 tables and 6 chairs C) 1 table and 4 chairs D) 3 tables and 6 chairs. Answer:,D,Counting,
00269-JNiWU5TZLtt,1,How many chairs and lamps are in the living room?,"['6 and 5', '4 and 3', '5 and 4', '7 and 6']",How many chairs and lamps are in the living room? A) 6 and 5 B) 4 and 3 C) 5 and 4 D) 7 and 6. Answer:,B,Counting,
00508-4vwGX7U38Ux,1,How many books are in the study?,"['5', '6', '7', '8']",How many books are in the study? A) 5 B) 6 C) 7 D) 8. Answer:,B,Counting,
00009-vLpv2VX547B,2,How many lamps are in the living room?,"['1', '2', '3', '0']",How many lamps are in the living room? A) 1 B) 2 C) 3 D) 0. Answer:,A,Counting,
00306-Y4L8fjz2yH7,1,How many chairs and tables are in the dining area?,"['6', '8', '5', '7']",How many chairs and tables are in the dining area? A) 6 B) 8 C) 5 D) 7. Answer:,A,Counting,
00096-6HRFAUDqpTb,1,How many bins are in the kitchen?,"['1', '2', '3', '0']",How many bins are in the kitchen? A) 1 B) 2 C) 3 D) 0. Answer:,A,Counting,
00378-DqJKU7YU7dA,1,How many cabinets are in the kitchen and the bathroom?,"['3', '5', '4', '2']",How many cabinets are in the kitchen and the bathroom? A) 3 B) 5 C) 4 D) 2. Answer:,A,Counting,
00516-ytXtEYghmvL,1,How many sinks are in the kitchen and bathroom?,"['1', '2', '0', '3']",How many sinks are in the kitchen and bathroom? A) 1 B) 2 C) 0 D) 3. Answer:,A,Counting,
00444-sX9xad6ULKc,1,How many pillows are in the living room?,"['10', '15', '20', '5']",How many pillows are in the living room? A) 10 B) 15 C) 20 D) 5. Answer:,C,Counting,
00172-bB6nKqfsb1z,1,How many doors are in the kitchen and the living room?,"['1', '3', '2', '4']",How many doors are in the kitchen and the living room? A) 1 B) 3 C) 2 D) 4. Answer:,C,Counting,
00217-qz3829g1Lzf,2,How many pillows and curtains are in the living room?,"['4 and 1', '3 and 2', '2 and 0', '1 and 3']",How many pillows and curtains are in the living room? A) 4 and 1 B) 3 and 2 C) 2 and 0 D) 1 and 3. Answer:,A,Counting,
00059-kJxT5qssH4H,1,How many windows are in the living room and the kitchen?,"['3', '4', '5', '2']",How many windows are in the living room and the kitchen? A) 3 B) 4 C) 5 D) 2. Answer:,B,Counting,
00238-j6fHrce9pHR,1,How many pictures are in the living room?,"['50', '42', '38', '45']",How many pictures are in the living room? A) 50 B) 42 C) 38 D) 45. Answer:,A,Counting,
00464-NfkadBDgBJV,2,How many pictures and books are in the living room?,"['2 pictures and 1 book', '4 pictures and 1 book', '3 pictures and 1 book', '1 picture and 2 books']",How many pictures and books are in the living room? A) 2 pictures and 1 book B) 4 pictures and 1 book C) 3 pictures and 1 book D) 1 picture and 2 books. Answer:,A,Counting,
00463-URjpCob8MGw,1,How many radiators are in the living room?,"['10', '8', '12', '6']",How many radiators are in the living room? A) 10 B) 8 C) 12 D) 6. Answer:,B,Counting,
00256-92vYG1q49FY,1,How many chairs are in the living room and dining room?,"['6', '4', '5', '7']",How many chairs are in the living room and dining room? A) 6 B) 4 C) 5 D) 7. Answer:,A,Counting,
00238-j6fHrce9pHR,1,How many pillows and chairs are in the living room?,"['2 pillows and 5 chairs', '3 pillows and 2 chairs', '4 pillows and 3 chairs', '1 pillow and 4 chairs']",How many pillows and chairs are in the living room? A) 2 pillows and 5 chairs B) 3 pillows and 2 chairs C) 4 pillows and 3 chairs D) 1 pillow and 4 chairs. Answer:,B,Counting,
00081-5biL7VEkByM,1,How many books are in the study and the desk?,"['10', '15', '8', '6']",How many books are in the study and the desk? A) 10 B) 15 C) 8 D) 6. Answer:,B,Counting,
00414-77mMEyxhs44,2,How many cabinets and pictures are in the living room?,"['5 and 3', '4 and 6', '3 and 5', '2 and 7']",How many cabinets and pictures are in the living room? A) 5 and 3 B) 4 and 6 C) 3 and 5 D) 2 and 7. Answer:,B,Counting,
00034-6imZUJGRUq4,1,How many toys are in the living room and the playroom?,"['1', '2', '3', '4']",How many toys are in the living room and the playroom? A) 1 B) 2 C) 3 D) 4. Answer:,B,Counting,
00386-b3WpMbPFB6q,1,How many doors and ventilation systems are in the garage?,"['2', '3', '4', '5']",How many doors and ventilation systems are in the garage? A) 2 B) 3 C) 4 D) 5. Answer:,B,Counting,
00245-741Fdj7NLF9,1,How many pillows and curtains are in the living room?,"['5', '2', '3', '4']",How many pillows and curtains are in the living room? A) 5 B) 2 C) 3 D) 4. Answer:,A,Counting,
00105-xWvSkKiWQpC,1,How many chairs are in the living room?,"['5', '8', '6', '10']",How many chairs are in the living room? A) 5 B) 8 C) 6 D) 10. Answer:,B,Counting,
00081-5biL7VEkByM,2,How many books are in the study?,"['20', '25', '30', '35']",How many books are in the study? A) 20 B) 25 C) 30 D) 35. Answer:,A,Counting,
00064-gQgtJ9Stk5s,1,How many pictures are in the living room and the kitchen?,"['4', '5', '3', '6']",How many pictures are in the living room and the kitchen? A) 4 B) 5 C) 3 D) 6. Answer:,B,Counting,
00422-8wJuSPJ9FXG,2,How many pictures and mirrors are in the living room?,"['2', '3', '4', '5']",How many pictures and mirrors are in the living room? A) 2 B) 3 C) 4 D) 5. Answer:,A,Counting,
00234-nACV8wLu1u5,1,How many shower and bathtub objects are in the bathroom?,"['0', '2', '3', '1']",How many shower and bathtub objects are in the bathroom? A) 0 B) 2 C) 3 D) 1. Answer:,B,Counting,
00384-ceJTwFNjqCt,1,How many clocks are in the living room and the kitchen?,"['4', '1', '3', '2']",How many clocks are in the living room and the kitchen? A) 4 B) 1 C) 3 D) 2. Answer:,D,Counting,
00282-8nSVqHLMRwQ,1,How many chairs are in the living room?,"['15', '10', '12', '20']",How many chairs are in the living room? A) 15 B) 10 C) 12 D) 20. Answer:,A,Counting,
00256-92vYG1q49FY,1,How many books and pictures are in the living room?,"['8', '9', '10', '11']",How many books and pictures are in the living room? A) 8 B) 9 C) 10 D) 11. Answer:,B,Counting,
00294-PPTLa8SkUfo,1,How many towels and rugs are in the bathroom?,"['5', '6', '4', '7']",How many towels and rugs are in the bathroom? A) 5 B) 6 C) 4 D) 7. Answer:,B,Counting,
00173-qZ4B7U6XE5Y,1,How many jars and boxes are in the kitchen?,"['5', '6', '7', '8']",How many jars and boxes are in the kitchen? A) 5 B) 6 C) 7 D) 8. Answer:,A,Counting,
00006-HkseAnWCgqk,1,How many bathroom accessories are in the bathroom?,"['1', '2', '3', '4']",How many bathroom accessories are in the bathroom? A) 1 B) 2 C) 3 D) 4. Answer:,B,Counting,
00466-xAHnY3QzFUN,1,How many bowls are in the kitchen?,"['1', '2', '0', '3']",How many bowls are in the kitchen? A) 1 B) 2 C) 0 D) 3. Answer:,A,Counting,
00484-fc7RfUCN5mY,1,How many beds and tables are in the living room?,"['1 bed and 3 tables', '2 beds and 2 tables', '1 bed and 2 tables', '3 beds and 1 table']",How many beds and tables are in the living room? A) 1 bed and 3 tables B) 2 beds and 2 tables C) 1 bed and 2 tables D) 3 beds and 1 table. Answer:,C,Counting,
00386-b3WpMbPFB6q,1,How many boxes are in the living room and the kitchen?,"['1', '3', '2', '0']",How many boxes are in the living room and the kitchen? A) 1 B) 3 C) 2 D) 0. Answer:,B,Counting,
00143-5Kw4nGdqYtS,2,How many clutter are in the garage?,"['1', '2', '3', '4']",How many clutter are in the garage? A) 1 B) 2 C) 3 D) 4. Answer:,A,Counting,
00434-L5QEsaVqwrY,1,How many kitchen cabinets are in the kitchen area and the dining area?,"['2', '3', '5', '1']",How many kitchen cabinets are in the kitchen area and the dining area? A) 2 B) 3 C) 5 D) 1. Answer:,A,Counting,
00402-zR6kPe1PsyS,1,How many windows and doors are in the living room?,"['8', '7', '5', '9']",How many windows and doors are in the living room? A) 8 B) 7 C) 5 D) 9. Answer:,A,Counting,
00256-92vYG1q49FY,1,How many bottles and kitchen cabinets are in the kitchen and dining area?,"['1 bottle and 1 kitchen cabinet', '2 bottles and 2 kitchen cabinets', '1 bottle and 2 kitchen cabinets', '2 bottles and 1 kitchen cabinet']",How many bottles and kitchen cabinets are in the kitchen and dining area? A) 1 bottle and 1 kitchen cabinet B) 2 bottles and 2 kitchen cabinets C) 1 bottle and 2 kitchen cabinets D) 2 bottles and 1 kitchen cabinet. Answer:,C,Counting,
00105-xWvSkKiWQpC,1,How many pictures are in the living room?,"['1', '2', '3', '4']",How many pictures are in the living room? A) 1 B) 2 C) 3 D) 4. Answer:,B,Counting,
00096-6HRFAUDqpTb,1,How many pillows and blankets are in the bedroom?,"['4', '3', '2', '5']",How many pillows and blankets are in the bedroom? A) 4 B) 3 C) 2 D) 5. Answer:,A,Counting,
00000-kfPV7w3FaU5,1,How many tables and chairs are in the dining area?,"['1', '2', '3', '0']",How many tables and chairs are in the dining area? A) 1 B) 2 C) 3 D) 0. Answer:,A,Counting,
00261-fK2vEV32Lag,2,How many pillows are in the living room and the guest bedroom?,"['3', '1', '5', '2']",How many pillows are in the living room and the guest bedroom? A) 3 B) 1 C) 5 D) 2. Answer:,A,Counting,
00168-bHKTDQFJxTw,2,How many toilets are in the bathroom?,"['6', '5', '8', '7']",How many toilets are in the bathroom? A) 6 B) 5 C) 8 D) 7. Answer:,D,Counting,
00327-xgLmjqzoAzF,1,How many pillows and blankets are in the bedroom?,"['1 and 2', '2 and 1', '3 and 3', '4 and 0']",How many pillows and blankets are in the bedroom? A) 1 and 2 B) 2 and 1 C) 3 and 3 D) 4 and 0. Answer:,A,Counting,
00410-v7DzfFFEpsD,1,How many boxes are in the living room?,"['5', '10', '15', '20']",How many boxes are in the living room? A) 5 B) 10 C) 15 D) 20. Answer:,C,Counting,
00064-gQgtJ9Stk5s,1,How many books are in the study?,"['10', '12', '15', '20']",How many books are in the study? A) 10 B) 12 C) 15 D) 20. Answer:,C,Counting,
00272-kA2nG18hCAr,1,How many books are in the study?,"['5', '3', '7', '2']",How many books are in the study? A) 5 B) 3 C) 7 D) 2. Answer:,A,Counting,
00203-VoVGtfYrpuQ,1,How many pillows are in the living room?,"['5', '12', '8', '15']",How many pillows are in the living room? A) 5 B) 12 C) 8 D) 15. Answer:,B,Counting,
00410-v7DzfFFEpsD,1,How many kitchen cabinets are in the kitchen area and the dining area?,"['4', '2', '5', '3']",How many kitchen cabinets are in the kitchen area and the dining area? A) 4 B) 2 C) 5 D) 3. Answer:,A,Counting,
00109-GTV2Y73Sn5t,1,How many books are in the study?,"['1', '2', '3', '4']",How many books are in the study? A) 1 B) 2 C) 3 D) 4. Answer:,A,Counting,
00136-z8SrvZ4eyqV,1,How many doors are in the living room?,"['5', '6', '4', '3']",How many doors are in the living room? A) 5 B) 6 C) 4 D) 3. Answer:,A,Counting,
00043-Jfyvj3xn2aJ,1,How many boxes and bags are in the garage?,"['5', '4', '6', '7']",How many boxes and bags are in the garage? A) 5 B) 4 C) 6 D) 7. Answer:,A,Counting,
00397-ZNanfzgCdm3,2,How many chairs and pillows are in the bed room?,"['2', '3', '4', '5']",How many chairs and pillows are in the bed room? A) 2 B) 3 C) 4 D) 5. Answer:,B,Counting,
00176-wcJYziD5pmF,1,How many chairs and sofas are in the living room?,"['10 chairs and 4 sofas', '8 chairs and 5 sofas', '6 chairs and 6 sofas', '5 chairs and 3 sofas']",How many chairs and sofas are in the living room? A) 10 chairs and 4 sofas B) 8 chairs and 5 sofas C) 6 chairs and 6 sofas D) 5 chairs and 3 sofas. Answer:,A,Counting,
00474-v46TaF2rxHK,1,How many sofas are in the living room?,"['3', '4', '5', '2']",How many sofas are in the living room? A) 3 B) 4 C) 5 D) 2. Answer:,B,Counting,
00251-wsAYBFtQaL7,1,How many windows and doors are in the living room?,"['6', '4', '5', '3']",How many windows and doors are in the living room? A) 6 B) 4 C) 5 D) 3. Answer:,A,Counting,
00069-Y8Y6ukxGMvn,1,How many chairs and sofas are in the living room?,"['12 and 3', '5 and 2', '10 and 4', '15 and 2']",How many chairs and sofas are in the living room? A) 12 and 3 B) 5 and 2 C) 10 and 4 D) 15 and 2. Answer:,C,Counting,
00087-YY8rqV6L6rf,1,How many cabinets are in the kitchen?,"['5', '7', '3', '4']",How many cabinets are in the kitchen? A) 5 B) 7 C) 3 D) 4. Answer:,B,Counting,
00378-DqJKU7YU7dA,1,How many lamps and chairs are in the living room?,"['4', '3', '5', '2']",How many lamps and chairs are in the living room? A) 4 B) 3 C) 5 D) 2. Answer:,C,Counting,
00256-92vYG1q49FY,1,How many mirrors and rugs are in the living room?,"['3', '2', '4', '5']",How many mirrors and rugs are in the living room? A) 3 B) 2 C) 4 D) 5. Answer:,A,Counting,
00479-p4ZPcGtk6Ex,1,How many chairs and sofas are in the living room?,"['9', '7', '5', '6']",How many chairs and sofas are in the living room? A) 9 B) 7 C) 5 D) 6. Answer:,A,Counting,
00254-YMNvYDhK8mB,1,How many cabinets are in the kitchen?,"['15', '18', '20', '17']",How many cabinets are in the kitchen? A) 15 B) 18 C) 20 D) 17. Answer:,D,Counting,
00178-yqNxxJnA3iL,1,How many chairs are in the living room and dining room?,"['30', '25', '28', '35']",How many chairs are in the living room and dining room? A) 30 B) 25 C) 28 D) 35. Answer:,B,Counting,
00035-3XYAD64HpDr,1,How many books are in the study?,"['1', '2', '3', '4']",How many books are in the study? A) 1 B) 2 C) 3 D) 4. Answer:,B,Counting,
00479-p4ZPcGtk6Ex,1,How many sofas are in the living room?,"['2', '4', '3', '5']",How many sofas are in the living room? A) 2 B) 4 C) 3 D) 5. Answer:,D,Counting,
00127-EN7GiDgxdQ2,1,How many sofas are in the living room?,"['3', '2', '5', '1']",How many sofas are in the living room? A) 3 B) 2 C) 5 D) 1. Answer:,A,Counting,
00020-XYyR54sxe6b,1,How many chairs and tables are in the dining area?,"['4', '5', '3', '6']",How many chairs and tables are in the dining area? A) 4 B) 5 C) 3 D) 6. Answer:,D,Counting,
00238-j6fHrce9pHR,1,How many doors are in the kitchen and the living room?,"['1', '2', '3', '4']",How many doors are in the kitchen and the living room? A) 1 B) 2 C) 3 D) 4. Answer:,C,Counting,
00260-ECStCRoCNWM,1,How many chairs are in the living room?,"['5', '7', '6', '4']",How many chairs are in the living room? A) 5 B) 7 C) 6 D) 4. Answer:,A,Counting,
00330-WhNyDTnd9g5,1,How many bins are in the kitchen?,"['4', '3', '5', '2']",How many bins are in the kitchen? A) 4 B) 3 C) 5 D) 2. Answer:,C,Counting,
00143-5Kw4nGdqYtS,1,How many pictures are in the living room?,"['10', '12', '14', '16']",How many pictures are in the living room? A) 10 B) 12 C) 14 D) 16. Answer:,B,Counting,
00414-77mMEyxhs44,1,How many books are in the study and the desk?,"['4', '5', '3', '6']",How many books are in the study and the desk? A) 4 B) 5 C) 3 D) 6. Answer:,A,Counting,
00176-wcJYziD5pmF,1,How many chairs are in the living room and dining room?,"['12', '8', '10', '14']",How many chairs are in the living room and dining room? A) 12 B) 8 C) 10 D) 14. Answer:,A,Counting,
00025-ixTj1aTMup2,2,How many showers are in the bathroom?,"['2', '3', '1', '4']",How many showers are in the bathroom? A) 2 B) 3 C) 1 D) 4. Answer:,A,Counting,
00408-RamZzGBBPbT,1,How many books and chairs are in the living room?,"['2', '3', '4', '5']",How many books and chairs are in the living room? A) 2 B) 3 C) 4 D) 5. Answer:,A,Counting,
00109-GTV2Y73Sn5t,1,How many chairs are in the living room?,"['5', '6', '4', '3']",How many chairs are in the living room? A) 5 B) 6 C) 4 D) 3. Answer:,B,Counting,
00205-NEVASPhcrxR,1,How many boxes and shelves are in the garage?,"['2', '3', '4', '5']",How many boxes and shelves are in the garage? A) 2 B) 3 C) 4 D) 5. Answer:,C,Counting,
00087-YY8rqV6L6rf,1,How many clutter are in the living room?,"['5', '7', '4', '6']",How many clutter are in the living room? A) 5 B) 7 C) 4 D) 6. Answer:,A,Counting,
00251-wsAYBFtQaL7,1,How many pillows are in the living room?,"['1', '2', '3', '0']",How many pillows are in the living room? A) 1 B) 2 C) 3 D) 0. Answer:,B,Counting,
00313-PE6kVEtrxtj,2,How many bins are in the kitchen and the garage?,"['5', '4', '6', '3']",How many bins are in the kitchen and the garage? A) 5 B) 4 C) 6 D) 3. Answer:,B,Counting,
00009-vLpv2VX547B,2,How many pictures are in the living room?,"['50', '42', '36', '39']",How many pictures are in the living room? A) 50 B) 42 C) 36 D) 39. Answer:,A,Counting,
00143-5Kw4nGdqYtS,2,How many doors are in the kitchen and the living room?,"['2', '1', '3', '4']",How many doors are in the kitchen and the living room? A) 2 B) 1 C) 3 D) 4. Answer:,A,Counting,
00009-vLpv2VX547B,1,How many toys are in the playroom?,"['2', '3', '5', '1']",How many toys are in the playroom? A) 2 B) 3 C) 5 D) 1. Answer:,B,Counting,
00349-p32JzpQyhPk,1,How many books are in the study and the study room?,"['10', '8', '15', '7']",How many books are in the study and the study room? A) 10 B) 8 C) 15 D) 7. Answer:,B,Counting,
00470-udze1CSof5C,1,How many tables are in the dining area?,"['8', '7', '6', '5']",How many tables are in the dining area? A) 8 B) 7 C) 6 D) 5. Answer:,A,Counting,
00081-5biL7VEkByM,1,How many pictures are in the living room?,"['25', '30', '20', '35']",How many pictures are in the living room? A) 25 B) 30 C) 20 D) 35. Answer:,D,Counting,
00020-XYyR54sxe6b,1,How many chairs and tables are in the dining area?,"['5', '4', '3', '6']",How many chairs and tables are in the dining area? A) 5 B) 4 C) 3 D) 6. Answer:,A,Counting,
00168-bHKTDQFJxTw,1,How many boxes are in the garage?,"['1', '2', '3', '4']",How many boxes are in the garage? A) 1 B) 2 C) 3 D) 4. Answer:,B,Counting,
00009-vLpv2VX547B,1,How many cups and sinks are in the kitchen?,"['2 cups and 2 sinks', '1 cup and 1 sink', '3 cups and 1 sink', '2 cups and 1 sink']",How many cups and sinks are in the kitchen? A) 2 cups and 2 sinks B) 1 cup and 1 sink C) 3 cups and 1 sink D) 2 cups and 1 sink. Answer:,D,Counting,
00055-HxmXPBbFCkH,1,How many bathtubs are in the bathroom?,"['1', '2', '3', '4']",How many bathtubs are in the bathroom? A) 1 B) 2 C) 3 D) 4. Answer:,A,Counting,
00397-ZNanfzgCdm3,1,How many pillows are in the living room and the bedroom?,"['4', '5', '3', '6']",How many pillows are in the living room and the bedroom? A) 4 B) 5 C) 3 D) 6. Answer:,A,Counting,
00372-GMwtBqNLGBs,1,How many tables are in the dining area?,"['5', '7', '4', '3']",How many tables are in the dining area? A) 5 B) 7 C) 4 D) 3. Answer:,A,Counting,
00164-XfUxBGTFQQb,1,How many pillows and bins are in the living room?,"['5', '4', '6', '3']",How many pillows and bins are in the living room? A) 5 B) 4 C) 6 D) 3. Answer:,C,Counting,
00304-X6Pct1msZv5,1,How many boxes are in the living room and the kitchen?,"['4', '5', '6', '7']",How many boxes are in the living room and the kitchen? A) 4 B) 5 C) 6 D) 7. Answer:,C,Counting,
00035-3XYAD64HpDr,2,How many pictures are in the living room?,"['3', '4', '6', '5']",How many pictures are in the living room? A) 3 B) 4 C) 6 D) 5. Answer:,D,Counting,
00508-4vwGX7U38Ux,1,How many books are in the study and the desk?,"['2', '3', '4', '5']",How many books are in the study and the desk? A) 2 B) 3 C) 4 D) 5. Answer:,C,Counting,
00313-PE6kVEtrxtj,2,How many bags are in the living room?,"['4', '2', '3', '5']",How many bags are in the living room? A) 4 B) 2 C) 3 D) 5. Answer:,A,Counting,
00013-sfbj7jspYWj,1,How many doors are in the living room?,"['10', '2', '5', '8']",How many doors are in the living room? A) 10 B) 2 C) 5 D) 8. Answer:,A,Counting,
00188-dQrLTxHvLXU,1,How many sinks are in the kitchen and bathroom?,"['2', '3', '1', '0']",How many sinks are in the kitchen and bathroom? A) 2 B) 3 C) 1 D) 0. Answer:,A,Counting,
00263-GGBvSFddQgs,1,How many bins are in the kitchen and the garage?,"['4', '3', '5', '2']",How many bins are in the kitchen and the garage? A) 4 B) 3 C) 5 D) 2. Answer:,A,Counting,
00202-yVbpFay8gTU,1,How many sofas and tables are in the living room?,"['4', '5', '6', '3']",How many sofas and tables are in the living room? A) 4 B) 5 C) 6 D) 3. Answer:,A,Counting,
00043-Jfyvj3xn2aJ,1,How many towels are in the bathroom?,"['5', '3', '4', '2']",How many towels are in the bathroom? A) 5 B) 3 C) 4 D) 2. Answer:,A,Counting,
00260-ECStCRoCNWM,1,How many chairs and tables are in the dining area?,"['5 and 4', '6 and 5', '4 and 3', '5 and 2']",How many chairs and tables are in the dining area? A) 5 and 4 B) 6 and 5 C) 4 and 3 D) 5 and 2. Answer:,A,Counting,
00043-Jfyvj3xn2aJ,1,How many books are in the study room and the desk?,"['15', '18', '20', '12']",How many books are in the study and the desk? A) 15 B) 18 C) 20 D) 12. Answer:,B,Counting,
00043-Jfyvj3xn2aJ,1,How many boxes are in the living room and the kitchen?,"['4', '3', '5', '2']",How many boxes are in the living room and the kitchen? A) 4 B) 3 C) 5 D) 2. Answer:,A,Counting,
00362-o94q92w5PK5,1,How many chairs are in the living room?,"['5', '8', '10', '12']",How many chairs are in the living room? A) 5 B) 8 C) 10 D) 12. Answer:,A,Counting,
00043-Jfyvj3xn2aJ,1,How many books are on the bookshelf in the study?,"['50', '30', '40', '25']",How many books are on the bookshelf in the study? A) 50 B) 30 C) 40 D) 25. Answer:,A,Counting,
00407-NPHxDe6VeCc,1,How many doors are in the living room and the kitchen?,"['1', '2', '3', '4']",How many doors are in the living room and the kitchen? A) 1 B) 2 C) 3 D) 4. Answer:,B,Counting,
00386-b3WpMbPFB6q,1,How many cabinets are in the kitchen and the living room?,"['3', '2', '1', '4']",How many cabinets are in the kitchen and the living room? A) 3 B) 2 C) 1 D) 4. Answer:,A,Counting,
00097-rPwrKEnR3fk,1,How many toilets are in the bathroom?,"['1', '2', '0', '3']",How many toilets are in the bathroom? A) 1 B) 2 C) 0 D) 3. Answer:,A,Counting,
00179-MVVzj944atG,2,How many pictures are in the living room and the bedroom?,"['4', '2', '5', '3']",How many pictures are in the living room and the bedroom? A) 4 B) 2 C) 5 D) 3. Answer:,A,Counting,
00378-DqJKU7YU7dA,1,How many shower walls are in the bathroom?,"['1', '2', '3', '0']",How many shower walls are in the bathroom? A) 1 B) 2 C) 3 D) 0. Answer:,A,Counting,
001621sM6KvYg3J5,1,How many rugs are in the living room?,"['6', '4', '5', '3']",How many rugs are in the living room? A) 6 B) 4 C) 5 D) 3. Answer:,A,Counting,
00302-JFgrz9MNz4b,1,How many chairs and tables are in the dining area?,"['11', '10', '8', '12']",How many chairs and tables are in the dining area? A) 11 B) 10 C) 8 D) 12. Answer:,B,Counting,
00023-zepmXAdrpjR,1,How many chairs and tables are in the dining area?,"['4 and 1', '3 and 2', '5 and 3', '2 and 4']",How many chairs and tables are in the dining area? A) 4 and 1 B) 3 and 2 C) 5 and 3 D) 2 and 4. Answer:,A,Counting,
00025-ixTj1aTMup2,1,How many drawer and picture objects are in the living room?,"['1', '2', '3', '4']",How many drawer and picture objects are in the living room? A) 1 B) 2 C) 3 D) 4. Answer:,A,Counting,
00009-vLpv2VX547B,1,How many cabinets and chairs are in the dining room?,"['10', '9', '6', '8']",How many cabinets and chairs are in the dining room? A) 10 B) 9 C) 6 D) 8. Answer:,D,Counting,
