scene,floor,question,choices,question_formatted,answer,label,source_image
00797-99ML7CGPqsQ,0,Is the door color darker than the ceiling color?,"['Yes', 'No', 'They are the same color', 'The ceiling is darker']",Is the door color darker than the ceiling color? A) Yes B) No C) They are the same color D) The ceiling is darker. Answer:,A,Comparison,00797-99ML7CGPqsQ_0.png
00672-4L4peQsMgfR,0,Is the bed in the bedroom bigger than the bed in the attic?,"['Yes', 'No', 'They are the same size', 'Cannot be determined']",Is the bed in the bedroom bigger than the bed in the attic? A) Yes B) No C) They are the same size D) Cannot be determined. Answer:,B,Comparison,00672-4L4peQsMgfR_0.png
00053-kAMF2R7PCqX,0,Is the door made of the same material as the frame in the hallway?,"['Yes', 'No', 'Only the door is wood', 'Only the frame is wood']",Is the door made of the same material as the frame in the hallway? A) Yes B) No C) Only the door is wood D) Only the frame is wood. Answer:,A,Relationship,00053-kAMF2R7PCqX_1.png
00418-t6tH2pNA9X5,0,Is the kitchen sink closer to the windows than the dining table in the house?,"['Yes', 'No', 'They are equally close', 'Cannot determine']",Is the kitchen sink closer to the windows than the dining table in the house? A) Yes B) No C) They are equally close D) Cannot determine. Answer:,A,Relationship,00418-t6tH2pNA9X5_1.png
00790-qQgcM8T4hiD,0,Does the ceiling share the same color as the floor in the rooms?,"['Yes', 'No', 'Partially', 'Cannot be determined']",Does the ceiling share the same color as the floor in the rooms? A) Yes B) No C) Partially D) Cannot be determined. Answer:,A,Comparison,00790-qQgcM8T4hiD_1.png
00476-NtnvZSMK3en,0,Is the bed closer to the shelf with toys in the room with purple walls compared to the other rooms?,"['Yes', 'No', 'Same distance', 'Cannot determine']",Is the bed closer to the shelf with toys in the room with purple walls compared to the other rooms? A) Yes B) No C) Same distance D) Cannot determine. Answer:,A,Comparison,00476-NtnvZSMK3en_0.png
00279-YmEfzspXX5h,0,Is the cabinet closer to the ceiling than the shelves in the house?,"['Yes', 'No', 'They are at the same height', 'Cannot determine']",Is the cabinet closer to the ceiling than the shelves in the house? A) Yes B) No C) They are at the same height D) Cannot determine. Answer:,B,Comparison,00279-YmEfzspXX5h_0.png
00489-boJrpwDQtu9,0,Does the window reflect light in the same way as the mirror in the house?,"['Yes', 'No', 'Only during the daytime', 'Only during the nighttime']",Does the window reflect light in the same way as the mirror in the house? A) Yes B) No C) Only during the daytime D) Only during the nighttime. Answer:,B,Comparison,00489-boJrpwDQtu9_0.png
00841-SByzJLxpRGn,0,Does the refrigerator in the kitchen share the same material as the mirror on the wall?,"['Yes', 'No', 'They are partially similar', 'Cannot tell from the images']",Does the refrigerator in the kitchen share the same material as the mirror on the wall? A) Yes B) No C) They are partially similar D) Cannot tell from the images. Answer:,A,Comparison,00841-SByzJLxpRGn_0.png
00416-zCMdfYaW9iF,0,Is the glass sliding door closer to the outdoor chairs than the kitchen sink in the kitchen?,"['Yes', 'No', 'They are equidistant', 'Cannot determine']",Is the glass sliding door closer to the outdoor chairs than the kitchen sink in the kitchen? A) Yes B) No C) They are equidistant D) Cannot determine. Answer:,A,Relationship,00416-zCMdfYaW9iF_1.png
00218-fQHGxvurx9L,0,Does the wardrobe share the same material as the window frame in the bedroom?,"['Yes', 'No', 'Only partially', 'Cannot be determined']",Does the wardrobe share the same material as the window frame in the bedroom? A) Yes B) No C) Only partially D) Cannot be determined. Answer:,A,Attribute,00218-fQHGxvurx9L_1.png
00526-PFLHHbjscNN,0,Is the washing machine closer to the door in the house?,"['Yes', 'No', 'Same distance', 'Cannot determine']",Is the washing machine closer to the door in the house? A) Yes B) No C) Same distance D) Cannot determine. Answer:,B,Relationship,00526-PFLHHbjscNN_1.png
00698-SrHVAbHUpUX,0,Is the table lamp smaller in size than the floor lamp in the bedroom?,"['Yes', 'No', 'They are the same size', 'Cannot be determined']",Is the table lamp smaller in size than the floor lamp in the bedroom? A) Yes B) No C) They are the same size D) Cannot be determined. Answer:,A,Comparison,00698-SrHVAbHUpUX_1.png
00884-XMHNu9rRQ1y,0,Is the bookshelf larger than the cabinet in the living room?,"['Yes', 'No', 'They are the same size', 'Cannot determine']",Is the bookshelf larger than the cabinet in the living room? A) Yes B) No C) They are the same size D) Cannot determine. Answer:,A,Comparison,00884-XMHNu9rRQ1y_1.png
00411-o4tckGBtaxz,0,Is the oven taller than the toaster in the kitchen?,"['Yes', 'No', 'They are the same height', 'Toaster is taller']",Is the oven taller than the toaster in the kitchen? A) Yes B) No C) They are the same height D) Toaster is taller. Answer:,A,Comparison,00411-o4tckGBtaxz_1.png
00364-tEafuWwhhwr,0,Is the TV in the room smaller than the dresser in the room?,"['Yes', 'No', 'Both are the same size', 'Cannot determine']",Is the TV in the room smaller than the dresser in the room? A) Yes B) No C) Both are the same size D) Cannot determine. Answer:,A,Comparison,00364-tEafuWwhhwr_1.png
00794-WRphMcFxfhe,0,Is the sink in the kitchen wider than the toilet in the bathroom?,"['Yes', 'No', ""They're the same width"", 'Cannot determine']",Is the sink in the kitchen wider than the toilet in the bathroom? A) Yes B) No C) They're the same width D) Cannot determine. Answer:,A,Comparison,00794-WRphMcFxfhe_0.png
00277-RHrFkyC59tf,0,Is the staircase closer to the door than the painting?,"['Yes', 'No', 'They are equidistant', 'It cannot be determined']",Is the staircase closer to the door than the painting? A) Yes B) No C) They are equidistant D) It cannot be determined. Answer:,A,Relationship,00277-RHrFkyC59tf_1.png
00062-ACZZiU6BXLz,0,Is the ceiling fan closer to the bed than the window?,"['Yes', 'No', 'They are equidistant', 'Cannot determine']",Is the ceiling fan closer to the bed than the window? A) Yes B) No C) They are equidistant D) Cannot determine. Answer:,A,Relationship,00062-ACZZiU6BXLz_1.png
00271-cjLuWviyDEo,0,Is the mirror closer to the bathroom or the staircase in the house?,"['Bathroom', 'Staircase', 'Both equidistant', 'Cannot be determined']",Is the mirror closer to the bathroom or the staircase in the house? A) Bathroom B) Staircase C) Both equidistant D) Cannot be determined. Answer:,A,Relationship,00271-cjLuWviyDEo_0.png
00081-5biL7VEkByM,0,Does the couch face the window in the room?,"['Yes', 'No', 'Partly', 'Cannot Tell']",Does the couch face the window in the room? A) Yes B) No C) Partly D) Cannot Tell. Answer:,A,Relationship,00081-5biL7VEkByM_1.png
00365-tvvDpjzFJGe,0,Is the wooden beam used in the ceiling near the same position as the dining table in the room?,"['Yes', 'No', 'Only partially', 'Not visible']",Is the wooden beam used in the ceiling near the same position as the dining table in the room? A) Yes B) No C) Only partially D) Not visible. Answer:,A,Relationship,00365-tvvDpjzFJGe_0.png
00623-g7sKCMRfgUS,0,Does the room with the window have more natural light than the room with the light fixture?,"['Yes', 'No', 'They are the same', 'Not enough information']",Does the room with the window have more natural light than the room with the light fixture? A) Yes B) No C) They are the same D) Not enough information. Answer:,A,Comparison,00623-g7sKCMRfgUS_0.png
00016-qk9eeNeR4vw,0,Does the sofa face the television in the room?,"['Yes', 'No', 'Only partially', 'Cannot be determined']",Does the sofa face the television in the room? A) Yes B) No C) Only partially D) Cannot be determined. Answer:,A,Relationship,00016-qk9eeNeR4vw_1.png
00174-BqLwEyiLbza,0,Is the door wider than the window in the bedroom?,"['Yes', 'No', 'They are the same width', 'Cannot be determined']",Is the door wider than the window in the bedroom? A) Yes B) No C) They are the same width D) Cannot be determined. Answer:,B,Comparison,00174-BqLwEyiLbza_0.png
00538-3CBBjsNkhqW,0,Do the clothes appear in the same room as the shelves in this house?,"['Yes', 'No', 'Only in the bedroom', 'Only in the basement']",Do the clothes appear in the same room as the shelves in this house? A) Yes B) No C) Only in the bedroom D) Only in the basement. Answer:,A,Relationship,00538-3CBBjsNkhqW_0.png
00863-b28CWbpQvor,0,Does the bookshelf contain more items than the table in the house?,"['Yes', 'No', 'They contain the same number', 'Not enough information']",Does the bookshelf contain more items than the table in the house? A) Yes B) No C) They contain the same number D) Not enough information. Answer:,A,Comparison,00863-b28CWbpQvor_1.png
00606-W16Bm4ysK8v,0,Is the monitor bigger than the laptop in the study room?,"['Yes', 'No', 'They are the same size', 'Not visible']",Is the monitor bigger than the laptop in the study room? A) Yes B) No C) They are the same size D) Not visible. Answer:,A,Comparison,00606-W16Bm4ysK8v_0.png
00182-qWP3MMQM3eJ,0,Is the desk in the room next to the bed?,"['Yes', 'No', 'Unsure', 'Cannot say']",Is the desk in the room next to the bed? A) Yes B) No C) Unsure D) Cannot say. Answer:,B,Relationship,00182-qWP3MMQM3eJ_1.png
00645-rrjjmoZhZCo,0,Is the ceiling fan closer to the desk than the stairs?,"['Yes', 'No', 'They are equidistant', 'There is no ceiling fan']",Is the ceiling fan closer to the desk than the stairs? A) Yes B) No C) They are equidistant D) There is no ceiling fan. Answer:,B,Relationship,00645-rrjjmoZhZCo_0.png
00593-m17UDpW3tHm,0,Is the couch in the living room larger than the bed in the bedroom?,"['Yes', 'No', 'They are the same size', 'Not comparable']",Is the couch in the living room larger than the bed in the bedroom? A) Yes B) No C) They are the same size D) Not comparable. Answer:,B,Comparison,00593-m17UDpW3tHm_1.png
00740-cFqWyQ4Y9hT,0,Is the TV bigger than the wooden dresser?,"['Yes', 'No', 'They appear the same size', ""Can't tell""]",Is the TV bigger than the wooden dresser? A) Yes B) No C) They appear the same size D) Can't tell. Answer:,B,Comparison,00740-cFqWyQ4Y9hT_0.png
00693-adddVdvEXUK,0,Does the curtain in the room share the same color as the aquarium?,"['Yes', 'No', 'Partially', 'Cannot determine']",Does the curtain in the room share the same color as the aquarium? A) Yes B) No C) Partially D) Cannot determine. Answer:,B,Comparison,00693-adddVdvEXUK_1.png
00324-DoSbsoo4EAg,0,Is the refrigerator closer to the kitchen cabinet or farther from the kitchen cabinet than the living room?,"['Closer', 'Farther', 'Same distance', 'Not visible']",Is the refrigerator closer to the kitchen cabinet or farther from the kitchen cabinet than the living room? A) Closer B) Farther C) Same distance D) Not visible. Answer:,A,Relationship,00324-DoSbsoo4EAg_1.png
00881-u1bkiGRVyu9,0,Does the flower vase's color contrast the red ceiling lamp in the kitchen?,"['Yes', 'No', 'The colors are similar', 'The colors perfectly match']",Does the flower vase's color contrast the red ceiling lamp in the kitchen? A) Yes B) No C) The colors are similar D) The colors perfectly match. Answer:,A,Comparison,00881-u1bkiGRVyu9_1.png
00541-FnDDfrBZPhh,0,Is the TV in the living room closer to the sofa than in the basement?,"['Yes', 'No', 'Same distance', 'Impossible to determine']",Is the TV in the living room closer to the sofa than in the basement? A) Yes B) No C) Same distance D) Impossible to determine. Answer:,A,Relationship,00541-FnDDfrBZPhh_0.png
00851-YRUkbU5xsYj,0,Is the microwave positioned above the stove in the kitchen?,"['Yes', 'No', 'They are side by side', 'The stove is above the microwave']",Is the microwave positioned above the stove in the kitchen? A) Yes B) No C) They are side by side D) The stove is above the microwave. Answer:,A,Relationship,00851-YRUkbU5xsYj_0.png
00644-njMGKG4iwRK,0,Does the refrigerator share the same color as the oven in the kitchen?,"['Yes', 'No', 'Only the front', 'Only the sides']",Does the refrigerator share the same color as the oven in the kitchen? A) Yes B) No C) Only the front D) Only the sides. Answer:,A,Attribute,00644-njMGKG4iwRK_1.png
00429-UZ5rYGiwQgW,0,Is the chair positioned in front of the desk in the room?,"['Yes', 'No', 'The chair is beside the desk', 'The chair is behind the desk']",Is the chair positioned in front of the desk in the room? A) Yes B) No C) The chair is beside the desk D) The chair is behind the desk. Answer:,A,Relationship,00429-UZ5rYGiwQgW_1.png
00248-PM558qFsyi8,0,Does the lamp produce light near the bed in the bedroom?,"['Yes', 'No', 'Partially', 'Not visible']",Does the lamp produce light near the bed in the bedroom? A) Yes B) No C) Partially D) Not visible. Answer:,A,Relationship,00248-PM558qFsyi8_0.png
00248-PM558qFsyi8,0,Do the curtains cover more of the windows in the room?,"['Yes, the curtains cover more of the windows', 'No, the curtains cover less', 'They cover equally', 'None of the above']","Do the curtains cover more of the windows in the room? A) Yes, the curtains cover more of the windows B) No, the curtains cover less C) They cover equally D) None of the above. Answer:",A,Attribute,00248-PM558qFsyi8_1.png
00357-TzQLNfWugiZ,0,Is the ceiling fan in the bedroom closer to the window than the ceiling fan in the living room?,"['Yes', 'No', 'They are equidistant', 'There is no ceiling fan in the living room']",Is the ceiling fan in the bedroom closer to the window than the ceiling fan in the living room? A) Yes B) No C) They are equidistant D) There is no ceiling fan in the living room. Answer:,A,Relationship,00357-TzQLNfWugiZ_0.png
00366-fxbzYAGkrtm,0,Does the mirror share the same wall as the sink in the bathroom?,"['Yes', 'No', 'Only partially', 'Cannot determine']",Does the mirror share the same wall as the sink in the bathroom? A) Yes B) No C) Only partially D) Cannot determine. Answer:,A,Relationship,00366-fxbzYAGkrtm_1.png
00702-wCqnXzoru3X,0,Is the bed larger than the couch?,"['Yes', 'No', 'They are the same size', 'Cannot be determined']",Is the bed larger than the couch? A) Yes B) No C) They are the same size D) Cannot be determined. Answer:,D,Comparison,00702-wCqnXzoru3X_0.png
00595-TBdN234fGEb,0,Are the stairs made of the same material as the wooden beams?,"['Yes', 'No', 'Only partially', 'Unknown']",Are the stairs made of the same material as the wooden beams? A) Yes B) No C) Only partially D) Unknown. Answer:,A,Relationship,00595-TBdN234fGEb_1.png
00754-EqZacbtdApE,0,Is the door taller than the ceiling light in the hallway?,"['Yes', 'No', 'The door and ceiling light are the same height', 'Cannot be determined']",Is the door taller than the ceiling light in the hallway? A) Yes B) No C) The door and ceiling light are the same height D) Cannot be determined. Answer:,A,Comparison,00754-EqZacbtdApE_1.png
00233-PuFu1zFVc4k,0,Is the white wardrobe taller than the wooden shoe rack in the hallway?,"['Yes', 'No', 'They are the same height', 'Cannot be determined']",Is the white wardrobe taller than the wooden shoe rack in the hallway? A) Yes B) No C) They are the same height D) Cannot be determined. Answer:,A,Comparison,00233-PuFu1zFVc4k_1.png
00019-AfKhsVmG8L4,0,Is the window larger than the door in the house?,"['Yes', 'No', 'They are the same size', 'Cannot tell from the image']",Is the window larger than the door in the house? A) Yes B) No C) They are the same size D) Cannot tell from the image. Answer:,B,Comparison,00019-AfKhsVmG8L4_1.png
00359-aTf5zsbjZMb,0,Does the cabinet appear closer than the television within the rooms shown?,"['Yes', 'No', 'They are the same distance', 'Cannot determine']",Does the cabinet appear closer than the television within the rooms shown? A) Yes B) No C) They are the same distance D) Cannot determine. Answer:,A,Relationship,00359-aTf5zsbjZMb_0.png
00750-E1NrAhMoqvB,0,Does the table in the dining room have more chairs surrounding it than the table in the living area?,"['Yes', 'No', 'They have the same number', 'Cannot determine']",Does the table in the dining room have more chairs surrounding it than the table in the living area? A) Yes B) No C) They have the same number D) Cannot determine. Answer:,A,Comparison,00750-E1NrAhMoqvB_1.png
00347-bwoBmU23M2N,0,Is the stairs closer to the kitchen than the dining table in the house?,"['Yes', 'No', 'The distance is the same', 'Cannot be determined']",Is the stairs closer to the kitchen than the dining table in the house? A) Yes B) No C) The distance is the same D) Cannot be determined. Answer:,B,Relationship,00347-bwoBmU23M2N_0.png
00627-b2e31HFFizw,0,Is the mirror wider than the dresser in the bedroom?,"['Yes', 'No', 'They are the same width', 'Cannot be determined']",Is the mirror wider than the dresser in the bedroom? A) Yes B) No C) They are the same width D) Cannot be determined. Answer:,B,Comparison,00627-b2e31HFFizw_1.png
00653-4RuxhXRmb3V,0,Does the sink in the kitchen share the same design as the sink in the bathroom?,"['Yes', 'No', 'Only partly', 'They are identical']",Does the sink in the kitchen share the same design as the sink in the bathroom? A) Yes B) No C) Only partly D) They are identical. Answer:,B,Comparison,00653-4RuxhXRmb3V_1.png
00464-NfkadBDgBJV,0,Does the curtain cover the window?,"['Fully', 'Partially', 'Not at all', 'Depends on time of day']",Does the curtain cover the window? A) Fully B) Partially C) Not at all D) Depends on time of day. Answer:,B,Relationship,00464-NfkadBDgBJV_1.png
00472-Xuky7E5df6A,0,Does the painting in the hallway have more vibrant colors than the painting in the living room?,"['Yes', 'No', 'Both have equally vibrant colors', 'It is not visible']",Does the painting in the hallway have more vibrant colors than the painting in the living room? A) Yes B) No C) Both have equally vibrant colors D) It is not visible. Answer:,A,Comparison,00472-Xuky7E5df6A_0.png
00432-vCfHLVSyL21,0,Does the window have more visible panels than the cabinet handles in the house?,"['Yes', 'No', 'They are equal', 'Cannot be determined']",Does the window have more visible panels than the cabinet handles in the house? A) Yes B) No C) They are equal D) Cannot be determined. Answer:,A,Comparison,00432-vCfHLVSyL21_1.png
00131-bZsfeA9uRk7,0,Are the wooden beams closer to the glass doors in the terrace or the living room?,"['Terrace', 'Living Room', 'Both are equidistant', 'None of the above']",Are the wooden beams closer to the glass doors in the terrace or the living room? A) Terrace B) Living Room C) Both are equidistant D) None of the above. Answer:,A,Relationship,00131-bZsfeA9uRk7_1.png
00851-YRUkbU5xsYj,0,Does the window have the same color as the chair?,"['Yes', 'No', 'Partially', 'Unsure']",Does the window have the same color as the chair? A) Yes B) No C) Partially D) Unsure. Answer:,B,Attribute,00851-YRUkbU5xsYj_1.png
00518-o1F5JVHc6mb,0,Is the dining table larger than the kitchen table?,"['Yes', 'No', 'Same size', 'Indeterminable']",Is the dining table larger than the kitchen table? A) Yes B) No C) Same size D) Indeterminable. Answer:,A,Comparison,00518-o1F5JVHc6mb_0.png
00380-fdfRpE6Cfsr,0,Is the crib closer to the door than the rocking horse in the house?,"['Yes', 'No', 'They are equidistant', 'Cannot tell']",Is the crib closer to the door than the rocking horse in the house? A) Yes B) No C) They are equidistant D) Cannot tell. Answer:,A,Comparison,00380-fdfRpE6Cfsr_1.png
00688-SgkmkWjjmDJ,0,Does the sign share the same room as the dining table?,"['Yes', 'No', 'The sign is in a different house', 'The dining table is invisible']",Does the sign share the same room as the dining table? A) Yes B) No C) The sign is in a different house D) The dining table is invisible. Answer:,A,Relationship,00688-SgkmkWjjmDJ_1.png
00274-NcK5aACg44h,0,Is the curtain longer than the window in the room with blue walls?,"['Yes', 'No', 'Same length', 'Cannot determine']",Is the curtain longer than the window in the room with blue walls? A) Yes B) No C) Same length D) Cannot determine. Answer:,B,Attribute,00274-NcK5aACg44h_1.png
005831wypxmRjuUR,0,"Is the sign with ""CAPE ANN Inc. 1623"" farther from the couch in the living room than the kitchen's dining table?","['Yes', 'No', 'They are equally distant', 'Cannot determine']","Is the sign with ""CAPE ANN Inc. 1623"" farther from the couch in the living room than the kitchen's dining table? A) Yes B) No C) They are equally distant D) Cannot determine. Answer:",A,Comparison,005831wypxmRjuUR_0.png
00443-oz1yTAGPXkh,0,Is the dresser taller than the wardrobe in the house?,"['Yes', 'No', 'They are the same height', 'Not enough information']",Is the dresser taller than the wardrobe in the house? A) Yes B) No C) They are the same height D) Not enough information. Answer:,D,Comparison,00443-oz1yTAGPXkh_1.png
00398-Vnb6uKtzQCU,0,Is the pool table in the same room as the bar counter?,"['Yes', 'No', 'Only the bar counter is present', 'Only the pool table is present']",Is the pool table in the same room as the bar counter? A) Yes B) No C) Only the bar counter is present D) Only the pool table is present. Answer:,A,Relationship,00398-Vnb6uKtzQCU_0.png
00632-kXAEFtUBNFZ,0,Is the wardrobe taller than the desk in the room?,"['Yes', 'No', 'They are the same height', 'Insufficient information']",Is the wardrobe taller than the desk in the room? A) Yes B) No C) They are the same height D) Insufficient information. Answer:,A,Comparison,00632-kXAEFtUBNFZ_0.png
00314-NwG7cpZnRZb,0,Is the table surrounded by more chairs in the kitchen or the dining room?,"['Kitchen', 'Dining Room', 'Same number', 'Cannot determine']",Is the table surrounded by more chairs in the kitchen or the dining room? A) Kitchen B) Dining Room C) Same number D) Cannot determine. Answer:,A,Relationship,00314-NwG7cpZnRZb_1.png
00243-BfzKZxFShtq,0,Are the bar stools taller than the tables in the room?,"['Yes', 'No', 'Same height', 'Not visible']",Are the bar stools taller than the tables in the room? A) Yes B) No C) Same height D) Not visible. Answer:,A,Comparison,00243-BfzKZxFShtq_1.png
00063-KsD3yx9nZCv,0,Are the tables and chairs in the room with red tablecloths arranged more uniformly than those in the room with blue tablecloths?,"['Yes', 'No', 'They are evenly arranged in both rooms', 'They are not uniformly arranged in either room']",Are the tables and chairs in the room with red tablecloths arranged more uniformly than those in the room with blue tablecloths? A) Yes B) No C) They are evenly arranged in both rooms D) They are not uniformly arranged in either room. Answer:,A,Comparison,00063-KsD3yx9nZCv_0.png
00360-yA3RqPqMrGE,0,Is the lamp taller than the chandelier in the dining room?,"['Yes', 'No', 'Both are the same height', 'Cannot be determined']",Is the lamp taller than the chandelier in the dining room? A) Yes B) No C) Both are the same height D) Cannot be determined. Answer:,B,Comparison,00360-yA3RqPqMrGE_1.png
00038-aJg466zMSNt,0,Does the coat hook face the mirror in this hallway?,"['Yes', 'No', 'Only partially', 'They are adjacent']",Does the coat hook face the mirror in this hallway? A) Yes B) No C) Only partially D) They are adjacent. Answer:,A,Relationship,00038-aJg466zMSNt_0.png
00539-zUG6FL9TYeR,0,Is the bed in the same room as the dresser?,"['Yes', 'No', 'Maybe', 'Not sure']",Is the bed in the same room as the dresser? A) Yes B) No C) Maybe D) Not sure. Answer:,A,Relationship,00539-zUG6FL9TYeR_1.png
00544-t85xiAt9pao,0,Is the plant closer to the staircase than the table in the house?,"['Yes', 'No', 'Both are equally close', 'Not enough information']",Is the plant closer to the staircase than the table in the house? A) Yes B) No C) Both are equally close D) Not enough information. Answer:,A,Relationship,00544-t85xiAt9pao_0.png
00259-4J8N2Ah1a6o,0,Is the washing machine closer than the refrigerator to the circular window in the laundry room?,"['Yes', 'No', 'Both are equidistant', 'Cannot be determined']",Is the washing machine closer than the refrigerator to the circular window in the laundry room? A) Yes B) No C) Both are equidistant D) Cannot be determined. Answer:,A,Relationship,00259-4J8N2Ah1a6o_1.png
00076-fJ1GEE6PdHD,0,Is the staircase closer to the mirror in the house?,"['Yes', 'No', 'They are at the same distance', 'There is no mirror']",Is the staircase closer to the mirror in the house? A) Yes B) No C) They are at the same distance D) There is no mirror. Answer:,A,Attribute,00076-fJ1GEE6PdHD_0.png
00505-ZwnLFNzxASM,0,Is the color of the curtains similar to the kitchen counter? ,"['Yes, they are the same', 'No, they are different', 'They are similar but not the same', 'Unknown']","Is the color of the curtains similar to the kitchen counter?  A) Yes, they are the same B) No, they are different C) They are similar but not the same D) Unknown. Answer:",B,Comparison,00505-ZwnLFNzxASM_1.png
00189-KHhgcNqsc9h,0,Does the window in the image have curtains?,"['Yes', 'No', 'Only partially', 'Cannot be determined']",Does the window in the image have curtains? A) Yes B) No C) Only partially D) Cannot be determined. Answer:,A,Attribute,00189-KHhgcNqsc9h_1.png
00454-vjMVcmpC1hC,0,Is the microwave located higher than the oven in the kitchen?,"['Yes', 'No', 'They are at the same level', 'Unable to determine']",Is the microwave located higher than the oven in the kitchen? A) Yes B) No C) They are at the same level D) Unable to determine. Answer:,A,Comparison,00454-vjMVcmpC1hC_1.png
00868-vd3HHTEpmyA,0,Is the staircase closer to the entrance than the dining table in the house?,"['Yes', 'No', 'They are equidistant', 'Cannot be determined']",Is the staircase closer to the entrance than the dining table in the house? A) Yes B) No C) They are equidistant D) Cannot be determined. Answer:,A,Relationship,00868-vd3HHTEpmyA_1.png
00869-MHPLjHsuG27,0,Does the door in the hallway share the same color as the door in the living room?,"['Yes', 'No', 'Partially', 'Cannot determine']",Does the door in the hallway share the same color as the door in the living room? A) Yes B) No C) Partially D) Cannot determine. Answer:,A,Comparison,00869-MHPLjHsuG27_1.png
00640-qvNra81N8BU,0,Is the radiator in the entrance larger than the radiator in the garage?,"['Yes', 'No', 'They are the same size', 'Not visible']",Is the radiator in the entrance larger than the radiator in the garage? A) Yes B) No C) They are the same size D) Not visible. Answer:,B,Comparison,00640-qvNra81N8BU_0.png
00765-AuGMayXVFkc,0,Does the window in the bedroom appear larger than the door in the bedroom?,"['Yes', 'No', 'They are the same size', 'Cannot determine']",Does the window in the bedroom appear larger than the door in the bedroom? A) Yes B) No C) They are the same size D) Cannot determine. Answer:,A,Comparison,00765-AuGMayXVFkc_1.png
00453-6ySDHVkso9e,0,Does the kitchen window have the same number of panes as the living room window?,"['Yes', 'No', 'The kitchen window has more panes', 'The living room window has more panes']",Does the kitchen window have the same number of panes as the living room window? A) Yes B) No C) The kitchen window has more panes D) The living room window has more panes. Answer:,A,Comparison,00453-6ySDHVkso9e_1.png
00225-EbiLVt7CHc1,0,Does the window share the same wall as the heater in the room?,"['Yes', 'No', 'Only one of them is present', 'They are in different rooms']",Does the window share the same wall as the heater in the room? A) Yes B) No C) Only one of them is present D) They are in different rooms. Answer:,A,Relationship,00225-EbiLVt7CHc1_0.png
00766-XxbS57Z6PDU,0,Does the shelf have the same color as the wall in the room?,"['Yes', 'No', 'Partially', 'They are unpainted']",Does the shelf have the same color as the wall in the room? A) Yes B) No C) Partially D) They are unpainted. Answer:,B,Comparison,00766-XxbS57Z6PDU_1.png
00793-NRsmXFcVTbN,0,Is the window larger than the door in the house?,"['Yes', 'No', 'The same size', 'Cannot determine']",Is the window larger than the door in the house? A) Yes B) No C) The same size D) Cannot determine. Answer:,A,Comparison,00793-NRsmXFcVTbN_1.png
00097-rPwrKEnR3fk,0,Does the bathtub share the same material as the showerhead in the bathroom?,"['Yes', 'No', 'Depends on the angle', 'Not clear']",Does the bathtub share the same material as the showerhead in the bathroom? A) Yes B) No C) Depends on the angle D) Not clear. Answer:,B,Relationship,00097-rPwrKEnR3fk_1.png
00886-TPhiubUHKcP,0,Is the light switch closer to the thermostat than the wooden door in the house?,"['Yes', 'No', 'They are equidistant', 'Cannot determine']",Is the light switch closer to the thermostat than the wooden door in the house? A) Yes B) No C) They are equidistant D) Cannot determine. Answer:,A,Relationship,00886-TPhiubUHKcP_0.png
00772-zJ3fVx3BZYR,0,Is the ladder taller than the paint bucket in the room?,"['Yes', 'No', 'They are the same height', 'Cannot determine']",Is the ladder taller than the paint bucket in the room? A) Yes B) No C) They are the same height D) Cannot determine. Answer:,A,Comparison,00772-zJ3fVx3BZYR_1.png
00352-zmZvNTCxMZE,0,Does the radiator share the same material as the wooden walls in the room?,"['Yes', 'No', 'Partially', ""Can't determine""]",Does the radiator share the same material as the wooden walls in the room? A) Yes B) No C) Partially D) Can't determine. Answer:,B,Attribute,00352-zmZvNTCxMZE_0.png
00794-WRphMcFxfhe,0,Does the floor in the rooms have a different color compared to the walls?,"['Yes', 'No', 'Only in some rooms', 'The colors are the same but different shades']",Does the floor in the rooms have a different color compared to the walls? A) Yes B) No C) Only in some rooms D) The colors are the same but different shades. Answer:,A,Comparison,00794-WRphMcFxfhe_1.png
00106-ZVScmfktNQ1,0,Is the refrigerator taller than the television in the house?,"['Yes', 'No', 'Same height', 'Cannot determine']",Is the refrigerator taller than the television in the house? A) Yes B) No C) Same height D) Cannot determine. Answer:,A,Comparison,00106-ZVScmfktNQ1_1.png
00137-2tqbn5VLQoq,0,Does the toilet share the same room as the sink?,"['Yes', 'No', 'Uncertain', 'Same room not shown']",Does the toilet share the same room as the sink? A) Yes B) No C) Uncertain D) Same room not shown. Answer:,A,Relationship,00137-2tqbn5VLQoq_1.png
00287-SBHLgvFTVMZ,0,Is the toilet closer than the shower to the entrance in the bathroom?,"['Yes', 'No', 'Cannot be determined', 'They are equidistant']",Is the toilet closer than the shower to the entrance in the bathroom? A) Yes B) No C) Cannot be determined D) They are equidistant. Answer:,A,Attribute,00287-SBHLgvFTVMZ_1.png
00295-LQy8D2nmZ4x,0,Is the bookshelf closer to the dining table or farther from it compared to other furniture in the room?,"['Closer', 'Farther', 'At the same distance', 'No way to tell']",Is the bookshelf closer to the dining table or farther from it compared to other furniture in the room? A) Closer B) Farther C) At the same distance D) No way to tell. Answer:,A,Relationship,00295-LQy8D2nmZ4x_1.png
00190-NkvRYHk72vA,0,Does the sofa face the shelf in the room?,"['Yes', 'No', 'Partially', 'Cannot tell']",Does the sofa face the shelf in the room? A) Yes B) No C) Partially D) Cannot tell. Answer:,A,Relationship,00190-NkvRYHk72vA_0.png
00893-yZME6UR9dUN,0,Does the window have more wooden details than the door in the house?,"['Yes', 'No', 'Same amount', 'Cannot determine']",Does the window have more wooden details than the door in the house? A) Yes B) No C) Same amount D) Cannot determine. Answer:,A,Comparison,00893-yZME6UR9dUN_1.png
00574-bXu6SSWkJY8,0,Is the door closer to the bookshelf in the living room or the hallway?,"['Living room', 'Hallway', 'Equally close', 'Cannot determine']",Is the door closer to the bookshelf in the living room or the hallway? A) Living room B) Hallway C) Equally close D) Cannot determine. Answer:,A,Relationship,00574-bXu6SSWkJY8_1.png
00514-9DnDAhJ7qcj,0,Is the door in the same room as the bookshelf?,"['Yes', 'No', 'Not sure', 'None of the above']",Is the door in the same room as the bookshelf? A) Yes B) No C) Not sure D) None of the above. Answer:,A,Relationship,00514-9DnDAhJ7qcj_1.png
00490-BUFVGDCQNGb,0,Is the clock placed above the cabinet in the room?,"['Yes', 'No', 'The clock is beside the cabinet', 'The cabinet is above the clock']",Is the clock placed above the cabinet in the room? A) Yes B) No C) The clock is beside the cabinet D) The cabinet is above the clock. Answer:,A,Relationship,00490-BUFVGDCQNGb_0.png
00351-QxfX5te1gFu,0,Does the air conditioner face the same direction as the curtain in the room?,"['Yes', 'No', 'Partially', 'Not visible']",Does the air conditioner face the same direction as the curtain in the room? A) Yes B) No C) Partially D) Not visible. Answer:,A,Relationship,00351-QxfX5te1gFu_0.png
00723-hWDDQnSDMXb,0,Is the television closer to the window than the sofa in the living room?,"['Yes', 'No', 'They are at the same distance', 'The distance cannot be determined']",Is the television closer to the window than the sofa in the living room? A) Yes B) No C) They are at the same distance D) The distance cannot be determined. Answer:,A,Relationship,00723-hWDDQnSDMXb_1.png
00757-LVgQNuK8vtv,0,Is the bed larger than the wardrobe?,"['Yes', 'No', 'Same size', 'Cannot determine']",Is the bed larger than the wardrobe? A) Yes B) No C) Same size D) Cannot determine. Answer:,B,Comparison,00757-LVgQNuK8vtv_1.png
00265-3Ao63EY7J83,0,Is the bed bigger than the table in the bedroom?,"['Yes', 'No', 'They are the same size', 'Cannot determine']",Is the bed bigger than the table in the bedroom? A) Yes B) No C) They are the same size D) Cannot determine. Answer:,A,Comparison,00265-3Ao63EY7J83_1.png
00363-DS3nSAaa3Nr,0,Is the sofa closer to the table in the living room compared to the dining area?,"['Yes', 'No', 'They are equidistant', 'Cannot determine']",Is the sofa closer to the table in the living room compared to the dining area? A) Yes B) No C) They are equidistant D) Cannot determine. Answer:,A,Relationship,00363-DS3nSAaa3Nr_0.png
00693-adddVdvEXUK,0,Does the table in the dining room face the mirror in the dining room?,"['Yes', 'No', 'Sometimes', 'Cannot determine']",Does the table in the dining room face the mirror in the dining room? A) Yes B) No C) Sometimes D) Cannot determine. Answer:,A,Relationship,00693-adddVdvEXUK_0.png
00802-wcojb4TFT35,0,Is the mirror larger than the picture frame in the living room?,"['Yes', 'No', 'They are the same size', 'The sizes cannot be determined']",Is the mirror larger than the picture frame in the living room? A) Yes B) No C) They are the same size D) The sizes cannot be determined. Answer:,A,Comparison,00802-wcojb4TFT35_0.png
00369-FgXPKxNp5kK,0,Does the mirror and the cabinet in the room share the same color tone?,"['Yes', 'No', 'Partially', 'Not determinable']",Does the mirror and the cabinet in the room share the same color tone? A) Yes B) No C) Partially D) Not determinable. Answer:,A,Comparison,00369-FgXPKxNp5kK_0.png
00585-CxxHb5C8ZsP,0,Is the red couch closer to the fireplace than to the dining table?,"['Yes', 'No', 'They are equidistant', 'Cannot be determined']",Is the red couch closer to the fireplace than to the dining table? A) Yes B) No C) They are equidistant D) Cannot be determined. Answer:,A,Relationship,00585-CxxHb5C8ZsP_1.png
00208-SQqGpSHzfSr,0,Is the bed larger than the desk chair in the house?,"['Yes', 'No', 'They are the same size', 'Not enough information']",Is the bed larger than the desk chair in the house? A) Yes B) No C) They are the same size D) Not enough information. Answer:,A,Comparison,00208-SQqGpSHzfSr_0.png
00872-F7EAMsdDASd,0,Are the door and curtains in the same room?,"['Yes', 'No', 'Only the door is visible', 'Only the curtains are visible']",Are the door and curtains in the same room? A) Yes B) No C) Only the door is visible D) Only the curtains are visible. Answer:,B,Relationship,00872-F7EAMsdDASd_0.png
00449-JjsvQEqRxGS,0,Does the stove in the kitchen have more burners than the number of faucets on the sink?,"['Yes', 'No', 'They have the same number', 'Not visible']",Does the stove in the kitchen have more burners than the number of faucets on the sink? A) Yes B) No C) They have the same number D) Not visible. Answer:,A,Comparison,00449-JjsvQEqRxGS_0.png
00140-qWb4MVxqCW7,0,Is the bed larger than the sofa in the room?,"['Yes', 'No', 'They are the same size', 'Cannot determine']",Is the bed larger than the sofa in the room? A) Yes B) No C) They are the same size D) Cannot determine. Answer:,B,Comparison,00140-qWb4MVxqCW7_0.png
00042-qDjhFcNqFPi,0,Do the window blinds block the view outside of the window in the living room?,"['Completely', 'Partially', 'Not at all', 'There are no window blinds']",Do the window blinds block the view outside of the window in the living room? A) Completely B) Partially C) Not at all D) There are no window blinds. Answer:,B,Relationship,00042-qDjhFcNqFPi_1.png
00006-HkseAnWCgqk,0,Is the window in the room larger than the door?,"['Yes', 'No', 'They are the same size', 'Cannot determine']",Is the window in the room larger than the door? A) Yes B) No C) They are the same size D) Cannot determine. Answer:,D,Comparison,00006-HkseAnWCgqk_0.png
00408-RamZzGBBPbT,0,Is the bed closer to the window than the bookshelf in the house?,"['Yes', 'No', 'They are equidistant', 'Cannot be determined']",Is the bed closer to the window than the bookshelf in the house? A) Yes B) No C) They are equidistant D) Cannot be determined. Answer:,A,Comparison,00408-RamZzGBBPbT_1.png
00200-A9yB3w3UxXV,0,Is the plant closer to the windows in the kitchen compared to the living room?,"['Yes', 'No', 'Same distance', 'Cannot determine']",Is the plant closer to the windows in the kitchen compared to the living room? A) Yes B) No C) Same distance D) Cannot determine. Answer:,A,Relationship,00200-A9yB3w3UxXV_1.png
00858-cYkrGrCg2kB,0,Is the drum set in a room with more empty floor space than the dining table?,"['Yes', 'No', 'Both have the same floor space', 'Not enough information']",Is the drum set in a room with more empty floor space than the dining table? A) Yes B) No C) Both have the same floor space D) Not enough information. Answer:,A,Comparison,00858-cYkrGrCg2kB_0.png
00275-4dbCzNN5L5t,0,Does the sink have the same primary material as the stove in these rooms?,"['Yes', 'No', 'Only partially', 'Cannot determine']",Does the sink have the same primary material as the stove in these rooms? A) Yes B) No C) Only partially D) Cannot determine. Answer:,B,Comparison,00275-4dbCzNN5L5t_0.png
00392-M8PMwoYQTUV,0,Does the bed appear in the same room as the painting?,"['Yes', 'No', 'Only partially', 'Cannot tell']",Does the bed appear in the same room as the painting? A) Yes B) No C) Only partially D) Cannot tell. Answer:,A,Relationship,00392-M8PMwoYQTUV_1.png
00153-28FFMGySc6D,0,Does the mirror have a frame similar in style to the painting?,"['Yes', 'No', 'The painting does not have a frame', 'The mirror does not have a frame']",Does the mirror have a frame similar in style to the painting? A) Yes B) No C) The painting does not have a frame D) The mirror does not have a frame. Answer:,A,Comparison,00153-28FFMGySc6D_0.png
00383-yTgw14aa5ha,0,Is the TV in the living room larger than the TV in the bedroom?,"['Yes', 'No', 'They are the same size', 'Only one TV is present']",Is the TV in the living room larger than the TV in the bedroom? A) Yes B) No C) They are the same size D) Only one TV is present. Answer:,A,Comparison,00383-yTgw14aa5ha_0.png
00113-3goH1WRaCYC,0,Is the oven larger than the fridge in the kitchen?,"['Yes', 'No', 'They are the same size', 'Not enough information']",Is the oven larger than the fridge in the kitchen? A) Yes B) No C) They are the same size D) Not enough information. Answer:,B,Comparison,00113-3goH1WRaCYC_1.png
00118-F5j7ZLfMm1n,0,Is the table in the kitchen larger than the chair?,"['Yes', 'No', 'They are the same size', 'Not enough information']",Is the table in the kitchen larger than the chair? A) Yes B) No C) They are the same size D) Not enough information. Answer:,A,Comparison,00118-F5j7ZLfMm1n_0.png
00309-VKmpsujnc5t,0,Are the jackets closer to the entrance than the hats in the store?,"['Yes', 'No', 'The same distance', 'Cannot determine']",Are the jackets closer to the entrance than the hats in the store? A) Yes B) No C) The same distance D) Cannot determine. Answer:,B,Relationship,00309-VKmpsujnc5t_1.png
00616-zhzot8MvSjF,0,Does the sliding glass door have curtains covering it?,"['Yes', 'No', 'Partially', 'Cannot determine']",Does the sliding glass door have curtains covering it? A) Yes B) No C) Partially D) Cannot determine. Answer:,A,Attribute,00616-zhzot8MvSjF_0.png
00833-dHwjuKfkRUR,0,Is the door farther from the window in the tiled room compared to the bedroom?,"['Yes', 'No', 'Similar distance', 'Cannot determine']",Is the door farther from the window in the tiled room compared to the bedroom? A) Yes B) No C) Similar distance D) Cannot determine. Answer:,A,Comparison,00833-dHwjuKfkRUR_0.png
00128-pAjDzi9kWjE,0,Does the wardrobe contain coats?,"['Yes', 'No', 'Only one', 'Not visible']",Does the wardrobe contain coats? A) Yes B) No C) Only one D) Not visible. Answer:,A,Relationship,00128-pAjDzi9kWjE_0.png
00423-bEdki9cbHDG,0,Do the windows in the room have the same pattern curtains?,"['Yes', 'No', 'Only one curtain is patterned', 'There are no curtains']",Do the windows in the room have the same pattern curtains? A) Yes B) No C) Only one curtain is patterned D) There are no curtains. Answer:,B,Attribute,00423-bEdki9cbHDG_0.png
00036-41FNXLAZZgC,0,Is the sofa closer to the window in the living room than the dining table is to the window in the dining area?,"['Yes', 'No', 'They are equally distant', 'Cannot be determined']",Is the sofa closer to the window in the living room than the dining table is to the window in the dining area? A) Yes B) No C) They are equally distant D) Cannot be determined. Answer:,A,Relationship,00036-41FNXLAZZgC_0.png
00079-2ihrkjrbHVf,0,Does the mirror reflect more light compared to the paintings in the room?,"['Yes', 'No', 'They reflect the same amount', 'Not enough information']",Does the mirror reflect more light compared to the paintings in the room? A) Yes B) No C) They reflect the same amount D) Not enough information. Answer:,A,Attribute,00079-2ihrkjrbHVf_1.png
00855-c5eTyR3Rxyh,0,Is the painting closer to the door in the hallway compared to other rooms?,"['Yes', 'No', 'They are equidistant', 'Not visible enough to determine']",Is the painting closer to the door in the hallway compared to other rooms? A) Yes B) No C) They are equidistant D) Not visible enough to determine. Answer:,A,Relationship,00855-c5eTyR3Rxyh_1.png
00414-77mMEyxhs44,0,Does the guitar in the room seem more colorful than the painting in the hallway?,"['Yes', 'No', 'They are equally colorful', 'Cannot determine']",Does the guitar in the room seem more colorful than the painting in the hallway? A) Yes B) No C) They are equally colorful D) Cannot determine. Answer:,A,Comparison,00414-77mMEyxhs44_0.png
00432-vCfHLVSyL21,0,Are the door and shelves in the same room?,"['Yes', 'No', 'They are in adjacent rooms', 'Only one is visible']",Are the door and shelves in the same room? A) Yes B) No C) They are in adjacent rooms D) Only one is visible. Answer:,B,Relationship,00432-vCfHLVSyL21_0.png
00662-aRKASs4e8j1,0,Is the monitor larger than the computer in the lab?,"['Yes', 'No', 'They are the same size', 'The monitor is smaller']",Is the monitor larger than the computer in the lab? A) Yes B) No C) They are the same size D) The monitor is smaller. Answer:,A,Comparison,00662-aRKASs4e8j1_1.png
00627-b2e31HFFizw,0,Is the bed taller than the nightstand in the bedroom?,"['Yes', 'No', 'Same height', 'Cannot determine']",Is the bed taller than the nightstand in the bedroom? A) Yes B) No C) Same height D) Cannot determine. Answer:,A,Comparison,00627-b2e31HFFizw_0.png
00288-27cQLjQ5CjV,0,Does the bed have more pillows on it?,"['Yes', 'No', 'Same number', 'Not visible']",Does the bed have more pillows on it? A) Yes B) No C) Same number D) Not visible. Answer:,A,Attribute,00288-27cQLjQ5CjV_0.png
00575-pMntW4YkvvB,0,Is the cabinet in the bathroom smaller than the cabinet in the dining area?,"['Yes', 'No', 'They are the same size', 'Cannot determine']",Is the cabinet in the bathroom smaller than the cabinet in the dining area? A) Yes B) No C) They are the same size D) Cannot determine. Answer:,A,Comparison,00575-pMntW4YkvvB_1.png
00195-enfahKs8XHw,0,Are there more desks than chairs in the workspace?,"['Yes', 'No', 'They are equal', 'Cannot be determined']",Are there more desks than chairs in the workspace? A) Yes B) No C) They are equal D) Cannot be determined. Answer:,A,Comparison,00195-enfahKs8XHw_1.png
00561-VhissfC8ggN,0,Does the curtain share the same color as the sofa in the house?,"['Yes', 'No', 'Partially', 'Cannot Determine']",Does the curtain share the same color as the sofa in the house? A) Yes B) No C) Partially D) Cannot Determine. Answer:,B,Comparison,00561-VhissfC8ggN_1.png
00755-UAGeBzZJgkU,0,Is the bed larger than the chairs in the room?,"['Yes', 'No', 'They are the same size', 'Unable to determine']",Is the bed larger than the chairs in the room? A) Yes B) No C) They are the same size D) Unable to determine. Answer:,A,Comparison,00755-UAGeBzZJgkU_0.png
00714-Nf3aGQTDAA1,0,Are the wooden beams positioned above the railing in the structure?,"['Yes', 'No', 'Partially', 'Cannot determine']",Are the wooden beams positioned above the railing in the structure? A) Yes B) No C) Partially D) Cannot determine. Answer:,A,Relationship,00714-Nf3aGQTDAA1_0.png
00507-RfNGMBdVbAZ,0,Is the ceiling fan located closer to the blue armchair or the kitchen counter in the living room?,"['Blue armchair', 'Kitchen counter', 'They are equidistant', 'Cannot be determined']",Is the ceiling fan located closer to the blue armchair or the kitchen counter in the living room? A) Blue armchair B) Kitchen counter C) They are equidistant D) Cannot be determined. Answer:,A,Relationship,00507-RfNGMBdVbAZ_0.png
00027-cVppJowrUqs,0,Is the sofa bigger than the cabinet in the living room?,"['Yes', 'No', 'They are the same size', 'Cannot be determined']",Is the sofa bigger than the cabinet in the living room? A) Yes B) No C) They are the same size D) Cannot be determined. Answer:,B,Comparison,00027-cVppJowrUqs_0.png
00250-U3oQjwTuMX8,0,Does the mirror share the same location as the sink in the bathroom?,"['Yes', 'No', 'Only one mirror is present', 'Only one sink is present']",Does the mirror share the same location as the sink in the bathroom? A) Yes B) No C) Only one mirror is present D) Only one sink is present. Answer:,A,Relationship,00250-U3oQjwTuMX8_1.png
00068-812QqCky3T7,0,Does the cabinet share the same color as the countertop in the kitchen?,"['Yes', 'No', 'Only partially', 'Cannot determine from the image']",Does the cabinet share the same color as the countertop in the kitchen? A) Yes B) No C) Only partially D) Cannot determine from the image. Answer:,B,Comparison,00068-812QqCky3T7_1.png
00609-x1pTUWx9DPr,0,Is the black leather sofa bigger than the yellow tufted sofa in the living room?,"['Yes', 'No', 'They are the same size', 'The sizes cannot be compared']",Is the black leather sofa bigger than the yellow tufted sofa in the living room? A) Yes B) No C) They are the same size D) The sizes cannot be compared. Answer:,A,Comparison,00609-x1pTUWx9DPr_1.png
00047-u9LiqMn6kA6,0,Is the table closer to the painting on the wall than the chair in the hallway?,"['Yes', 'No', 'They are equally distant', 'Cannot be determined']",Is the table closer to the painting on the wall than the chair in the hallway? A) Yes B) No C) They are equally distant D) Cannot be determined. Answer:,A,Relationship,00047-u9LiqMn6kA6_1.png
00389-d6bYiL1d9Fh,0,Is the fireplace closer to the entrance of the house than the sofa?,"['Yes', 'No', 'They are equally distant', 'There is no entrance']",Is the fireplace closer to the entrance of the house than the sofa? A) Yes B) No C) They are equally distant D) There is no entrance. Answer:,B,Relationship,00389-d6bYiL1d9Fh_0.png
00371-6AGcGQf2wof,0,Does the painting share the same frame color as the mirror?,"['Yes', 'No', 'Only partially', ""It's hard to tell""]",Does the painting share the same frame color as the mirror? A) Yes B) No C) Only partially D) It's hard to tell. Answer:,A,Comparison,00371-6AGcGQf2wof_1.png
00010-DBjEcHFg4oq,0,Does the chandelier emit the same light color as the lamp in the bedroom?,"['Yes', 'No', 'Only the chandelier is lit', 'Only the lamp is lit']",Does the chandelier emit the same light color as the lamp in the bedroom? A) Yes B) No C) Only the chandelier is lit D) Only the lamp is lit. Answer:,A,Attribute,00010-DBjEcHFg4oq_0.png
00395-giViJCyCH2C,0,Is the mirror wider than the window in the room?,"['Yes', 'No', 'They are the same size', 'Cannot determine']",Is the mirror wider than the window in the room? A) Yes B) No C) They are the same size D) Cannot determine. Answer:,B,Comparison,00395-giViJCyCH2C_1.png
00433-uzH9yHazm9t,0,Is the sofa larger than the armchair in the living room?,"['Yes', 'No', 'They are the same size', 'Cannot determine']",Is the sofa larger than the armchair in the living room? A) Yes B) No C) They are the same size D) Cannot determine. Answer:,A,Comparison,00433-uzH9yHazm9t_1.png
00682-6r9GfBG7u1g,0,Is the wooden dining table larger than the wooden decor piece on the floor in the house?,"['Yes', 'No', 'They are the same size', 'Cannot determine']",Is the wooden dining table larger than the wooden decor piece on the floor in the house? A) Yes B) No C) They are the same size D) Cannot determine. Answer:,A,Comparison,00682-6r9GfBG7u1g_0.png
00618-T4G9hTR5WSv,0,Is the door bigger than the toilet?,"['Yes', 'No', 'They are the same size', 'It cannot be determined']",Is the door bigger than the toilet? A) Yes B) No C) They are the same size D) It cannot be determined. Answer:,A,Comparison,00618-T4G9hTR5WSv_1.png
00440-wPLokgvCnuk,0,Is the bed in the room wider than the door?,"['Yes', 'No', 'They are the same width', 'Cannot determine']",Is the bed in the room wider than the door? A) Yes B) No C) They are the same width D) Cannot determine. Answer:,A,Comparison,00440-wPLokgvCnuk_1.png
00417-nGhNxKrgBPb,0,Is the paint can closer to the garage door than the room entrance?,"['Yes', 'No', 'They are the same distance', 'Cannot determine']",Is the paint can closer to the garage door than the room entrance? A) Yes B) No C) They are the same distance D) Cannot determine. Answer:,B,Relationship,00417-nGhNxKrgBPb_0.png
00566-qmvPLqLAgvC,0,Is the TV positioned on top of the rug in the living room?,"['Yes', 'No', 'Partially', 'Not visible']",Is the TV positioned on top of the rug in the living room? A) Yes B) No C) Partially D) Not visible. Answer:,B,Relationship,00566-qmvPLqLAgvC_1.png
00502-nMeXfQU4PMS,0,Is the bed larger than the sofa in the room?,"['Yes', 'No', 'They are the same size', 'Cannot determine']",Is the bed larger than the sofa in the room? A) Yes B) No C) They are the same size D) Cannot determine. Answer:,A,Comparison,00502-nMeXfQU4PMS_1.png
00185-NjyeoK5BLx3,0,Is the dining table larger than the bed in this house?,"['Yes', 'No', 'They are the same size', 'Cannot determine']",Is the dining table larger than the bed in this house? A) Yes B) No C) They are the same size D) Cannot determine. Answer:,B,Comparison,00185-NjyeoK5BLx3_0.png
00689-d88Sc1udFcZ,0,Is the sofa bigger than the orange chair in the room?,"['Yes', 'No', 'They are the same size', 'Cannot determine']",Is the sofa bigger than the orange chair in the room? A) Yes B) No C) They are the same size D) Cannot determine. Answer:,A,Comparison,00689-d88Sc1udFcZ_0.png
00341-tYvWp85L81G,0,Is the amount of image frames equal to the amount of artworks on display?,"['Yes', 'No', 'There are more image frames', 'There are more artworks']",Is the amount of image frames equal to the amount of artworks on display? A) Yes B) No C) There are more image frames D) There are more artworks. Answer:,B,Comparison,00341-tYvWp85L81G_1.png
00723-hWDDQnSDMXb,0,Is the chair in the room with the window similar in color to the sofa in the living room?,"['Yes', 'No', 'Partially', 'Cannot tell']",Is the chair in the room with the window similar in color to the sofa in the living room? A) Yes B) No C) Partially D) Cannot tell. Answer:,B,Comparison,00723-hWDDQnSDMXb_0.png
00659-ZVPMj4YoZtK,0,Is the table closer to the wall than the TV cabinet in the living room?,"['Yes', 'No', 'Both are equally close', 'Not enough information']",Is the table closer to the wall than the TV cabinet in the living room? A) Yes B) No C) Both are equally close D) Not enough information. Answer:,A,Comparison,00659-ZVPMj4YoZtK_0.png
00511-8uSpPmctPXC,0,Is the bathtub the same color as the towel in the bathroom?,"['Yes', 'No', 'Only the inner parts are the same color', 'It cannot be determined']",Is the bathtub the same color as the towel in the bathroom? A) Yes B) No C) Only the inner parts are the same color D) It cannot be determined. Answer:,B,Attribute,00511-8uSpPmctPXC_0.png
00140-qWb4MVxqCW7,0,Is the yellow chair closer to the door than the television in the room?,"['Yes', 'No', 'They are equally distant', 'Cannot determine']",Is the yellow chair closer to the door than the television in the room? A) Yes B) No C) They are equally distant D) Cannot determine. Answer:,A,Relationship,00140-qWb4MVxqCW7_1.png
00153-28FFMGySc6D,0,Does the mirror share the same frame style as the painting in the house?,"['Yes', 'No', 'Only the mirror has a frame', 'Only the painting has a frame']",Does the mirror share the same frame style as the painting in the house? A) Yes B) No C) Only the mirror has a frame D) Only the painting has a frame. Answer:,B,Comparison,00153-28FFMGySc6D_1.png
00802-wcojb4TFT35,0,Is the sofa in the living room bigger than the dining table in the dining room?,"['Yes', 'No', 'They are the same size', ""It's unclear from the image""]",Is the sofa in the living room bigger than the dining table in the dining room? A) Yes B) No C) They are the same size D) It's unclear from the image. Answer:,D,Comparison,00802-wcojb4TFT35_1.png
00461-AiY2reLtjYJ,0,Does the mirror reflect the same view as seen through the window in the living room?,"['Yes', 'No', 'Partially', 'Cannot tell']",Does the mirror reflect the same view as seen through the window in the living room? A) Yes B) No C) Partially D) Cannot tell. Answer:,A,Relationship,00461-AiY2reLtjYJ_1.png
00089-Am8wmPcBmtN,0,Is the bed in the same room as the couch?,"['Yes', 'No', 'Only part of it', 'Not sure']",Is the bed in the same room as the couch? A) Yes B) No C) Only part of it D) Not sure. Answer:,B,Relationship,00089-Am8wmPcBmtN_1.png
00492-panm7DRsmDn,0,Is the fridge larger than the oven in the kitchen?,"['Yes', 'No', 'They are the same size', 'Not sure']",Is the fridge larger than the oven in the kitchen? A) Yes B) No C) They are the same size D) Not sure. Answer:,A,Comparison,00492-panm7DRsmDn_0.png
00584-ZxkSUELrWtQ,0,Does the clock hang higher than the wall painting in the room?,"['Yes', 'No', 'They are at the same height', 'Cannot determine']",Does the clock hang higher than the wall painting in the room? A) Yes B) No C) They are at the same height D) Cannot determine. Answer:,A,Comparison,00584-ZxkSUELrWtQ_1.png
00544-t85xiAt9pao,0,Does the sofa have the same color as the armchair?,"['Yes', 'No', 'Partially', 'Not visible']",Does the sofa have the same color as the armchair? A) Yes B) No C) Partially D) Not visible. Answer:,B,Comparison,00544-t85xiAt9pao_1.png
00671-knPYW3fibqY,0,Does the TV in the living room share the same color as the bookshelf in the study room?,"['Yes', 'No', 'Partially', 'Cannot Determine']",Does the TV in the living room share the same color as the bookshelf in the study room? A) Yes B) No C) Partially D) Cannot Determine. Answer:,B,Comparison,00671-knPYW3fibqY_1.png
00152-EgzWe8N3jZG,0,Is the bookshelf taller than the dresser?,"['Yes', 'No', 'Same height', 'Cannot be determined']",Is the bookshelf taller than the dresser? A) Yes B) No C) Same height D) Cannot be determined. Answer:,A,Comparison,00152-EgzWe8N3jZG_1.png
00050-wrq3kiEU4VR,0,Is the staircase taller than the sofa in the house?,"['Yes', 'No', 'They are the same height', 'Cannot be determined']",Is the staircase taller than the sofa in the house? A) Yes B) No C) They are the same height D) Cannot be determined. Answer:,A,Comparison,00050-wrq3kiEU4VR_0.png
00332-cWfRoQnzNiM,0,Is the bed closer to the lamp than the sofa in the living room?,"['Yes', 'No', 'Equally close', ""There's no lamp""]",Is the bed closer to the lamp than the sofa in the living room? A) Yes B) No C) Equally close D) There's no lamp. Answer:,A,Relationship,00332-cWfRoQnzNiM_0.png
00296-sLwz8nKD3wF,0,Are the dining table and chairs in the dining room of the same color?,"['Yes', 'No', 'Partially', 'Cannot Determine']",Are the dining table and chairs in the dining room of the same color? A) Yes B) No C) Partially D) Cannot Determine. Answer:,B,Attribute,00296-sLwz8nKD3wF_1.png
00491-Ty7djLDxQu3,0,Does the window receive more natural light than the radiator in the room?,"['Yes', 'No', 'Both receive equal light', 'Neither receives light']",Does the window receive more natural light than the radiator in the room? A) Yes B) No C) Both receive equal light D) Neither receives light. Answer:,A,Attribute,00491-Ty7djLDxQu3_0.png
00066-nHHVbEyHX3t,0,Is the dining table closer to the fireplace than the front door in the house?,"['Yes', 'No', 'The distances are equal', 'Cannot be determined']",Is the dining table closer to the fireplace than the front door in the house? A) Yes B) No C) The distances are equal D) Cannot be determined. Answer:,A,Relationship,00066-nHHVbEyHX3t_0.png
00203-VoVGtfYrpuQ,0,Does the TV share the same wall as the painting in the house?,"['Yes', 'No', 'Only partially', 'Cannot tell']",Does the TV share the same wall as the painting in the house? A) Yes B) No C) Only partially D) Cannot tell. Answer:,B,Relationship,00203-VoVGtfYrpuQ_0.png
00289-wz9FcGhrndc,0,Is the table made of the same material as the chairs in the room?,"['Yes', 'No', 'Only the legs are the same', 'Only the tabletop is the same']",Is the table made of the same material as the chairs in the room? A) Yes B) No C) Only the legs are the same D) Only the tabletop is the same. Answer:,A,Attribute,00289-wz9FcGhrndc_0.png
00494-5737gQA9p2T,0,Is the bed longer than the bench in the bedroom?,"['Yes', 'No', 'Same length', 'Cannot be determined']",Is the bed longer than the bench in the bedroom? A) Yes B) No C) Same length D) Cannot be determined. Answer:,A,Comparison,00494-5737gQA9p2T_0.png
00729-PyZonHqd5gy,0,Are the curtains open or closed on the window?,"['Open', 'Closed', 'Partially open', 'No curtains']",Are the curtains open or closed on the window? A) Open B) Closed C) Partially open D) No curtains. Answer:,A,Attribute,00729-PyZonHqd5gy_0.png
00826-BFRyYbPCCPE,0,Is the dining table farther from the sofa than the potted plant in the living room?,"['Yes', 'No', 'They are the same distance', 'Not determinable']",Is the dining table farther from the sofa than the potted plant in the living room? A) Yes B) No C) They are the same distance D) Not determinable. Answer:,A,Relationship,00826-BFRyYbPCCPE_0.png
00534-DBBESbk4Y3k,0,Is the railing attached to the stairs in the house?,"['Yes', 'No', 'Partially', 'Not visible']",Is the railing attached to the stairs in the house? A) Yes B) No C) Partially D) Not visible. Answer:,A,Relationship,00534-DBBESbk4Y3k_1.png
00785-AdNTcRg3THp,0,Is the window larger than the door in the room?,"['Yes', 'No', 'They are the same size', 'Cannot determine']",Is the window larger than the door in the room? A) Yes B) No C) They are the same size D) Cannot determine. Answer:,A,Comparison,00785-AdNTcRg3THp_1.png
00658-a3JCmxobR99,0,Is the door in the same room as the window?,"['Yes', 'No', 'Only in adjacent rooms', 'Not visible']",Is the door in the same room as the window? A) Yes B) No C) Only in adjacent rooms D) Not visible. Answer:,A,Relationship,00658-a3JCmxobR99_0.png
00751-DZsJKHoqEYg,0,Is the kitchen larger than the living room?,"['Yes', 'No', 'They are the same size', 'Not enough information']",Is the kitchen larger than the living room? A) Yes B) No C) They are the same size D) Not enough information. Answer:,B,Comparison,00751-DZsJKHoqEYg_1.png
00227-bvdRzJBgJyg,0,Is the sofa larger than the armchair in the living room?,"['Yes', 'No', 'They are the same size', 'Not clear']",Is the sofa larger than the armchair in the living room? A) Yes B) No C) They are the same size D) Not clear. Answer:,A,Comparison,00227-bvdRzJBgJyg_0.png
00397-ZNanfzgCdm3,0,Does the red wall share any color patterns with the blue wall?,"['Yes, both have stripes', 'Yes, both have polka dots', 'No, they are solid colors', 'Yes, both have floral patterns']","Does the red wall share any color patterns with the blue wall? A) Yes, both have stripes B) Yes, both have polka dots C) No, they are solid colors D) Yes, both have floral patterns. Answer:",C,Comparison,00397-ZNanfzgCdm3_0.png
00672-4L4peQsMgfR,0,Does the cabinet have more shelves than the refrigerator?,"['Yes', 'No', 'They have the same number of shelves', 'The cabinet has fewer shelves']",Does the cabinet have more shelves than the refrigerator? A) Yes B) No C) They have the same number of shelves D) The cabinet has fewer shelves. Answer:,A,Comparison,00672-4L4peQsMgfR_1.png
00065-kZhZfAhdnNN,0,Is the fridge closer to the entrance of the kitchen than the oven is?,"['Yes', 'No', 'They are equidistant', 'There is no oven']",Is the fridge closer to the entrance of the kitchen than the oven is? A) Yes B) No C) They are equidistant D) There is no oven. Answer:,B,Relationship,00065-kZhZfAhdnNN_0.png
00203-VoVGtfYrpuQ,0,Is the chair taller than the stool in the living area?,"['Yes', 'No', 'They are the same height', 'Not visible']",Is the chair taller than the stool in the living area? A) Yes B) No C) They are the same height D) Not visible. Answer:,B,Comparison,00203-VoVGtfYrpuQ_1.png
00119-k17yptqNRAn,0,Is the refrigerator in the kitchen farther from the wall than the fireplace in the living room?,"['Yes', 'No', 'They are equal', 'Cannot determine']",Is the refrigerator in the kitchen farther from the wall than the fireplace in the living room? A) Yes B) No C) They are equal D) Cannot determine. Answer:,B,Comparison,00119-k17yptqNRAn_1.png
00598-mt9H8KcxRKD,0,Does the door appear closer to the mirror in the corridor or in the office?,"['Corridor', 'Office', 'Both equally', 'Neither has a mirror']",Does the door appear closer to the mirror in the corridor or in the office? A) Corridor B) Office C) Both equally D) Neither has a mirror. Answer:,A,Relationship,00598-mt9H8KcxRKD_1.png
00003-NtVbfPCkBFy,0,Is the ceiling height in the kitchen greater than the ceiling height in the living room?,"['Yes', 'No', 'The ceiling heights are equal', 'Cannot determine']",Is the ceiling height in the kitchen greater than the ceiling height in the living room? A) Yes B) No C) The ceiling heights are equal D) Cannot determine. Answer:,B,Comparison,00003-NtVbfPCkBFy_0.png
00615-PUNuHY5M7MS,0,Is the refrigerator in the kitchen bigger than the oven?,"['Yes', 'No', 'They are the same size', 'Only the oven is visible']",Is the refrigerator in the kitchen bigger than the oven? A) Yes B) No C) They are the same size D) Only the oven is visible. Answer:,A,Comparison,00615-PUNuHY5M7MS_1.png
00703-xvDx98avcwd,0,Is the staircase closer to the fireplace in the house?,"['Yes', 'No', 'Equal distance', 'Not applicable']",Is the staircase closer to the fireplace in the house? A) Yes B) No C) Equal distance D) Not applicable. Answer:,B,Relationship,00703-xvDx98avcwd_1.png
00395-giViJCyCH2C,0,Is the bed larger than the chair in the house?,"['Yes', 'No', 'They are the same size', 'Cannot determine']",Is the bed larger than the chair in the house? A) Yes B) No C) They are the same size D) Cannot determine. Answer:,A,Comparison,00395-giViJCyCH2C_0.png
006101EiJpeRNEs1,0,Is the sofa larger than the rug in the living room?,"['Yes', 'No', 'They are the same size', 'Not enough information']",Is the sofa larger than the rug in the living room? A) Yes B) No C) They are the same size D) Not enough information. Answer:,A,Comparison,006101EiJpeRNEs1_1.png
00622-bxwHR9ipFG8,0,Is the photo closer to the door than to the air conditioner in the room?,"['Yes', 'No', 'They are equidistant', 'The distance cannot be determined']",Is the photo closer to the door than to the air conditioner in the room? A) Yes B) No C) They are equidistant D) The distance cannot be determined. Answer:,A,Relationship,00622-bxwHR9ipFG8_1.png
00837-vBMLrTe4uLA,0,Is the stairs closer to the toilet than the mirror in the house?,"['Yes', 'No', 'They are equidistant', 'Cannot determine']",Is the stairs closer to the toilet than the mirror in the house? A) Yes B) No C) They are equidistant D) Cannot determine. Answer:,B,Comparison,00837-vBMLrTe4uLA_0.png
00724-H77MhktmmAF,0,Are the windows in the image closer to the doors than to the fireplace?,"['Yes', 'No', 'The windows are equally close to both', 'There are no doors in the image']",Are the windows in the image closer to the doors than to the fireplace? A) Yes B) No C) The windows are equally close to both D) There are no doors in the image. Answer:,A,Relationship,00724-H77MhktmmAF_0.png
00376-wxixLWuvLjd,0,Is the ceiling light color similar to the curtain color in the room?,"['Yes', 'No', 'Only slightly', 'Not enough information']",Is the ceiling light color similar to the curtain color in the room? A) Yes B) No C) Only slightly D) Not enough information. Answer:,A,Attribute,00376-wxixLWuvLjd_1.png
00214-WeyCwVzL53K,0,Is the window in the bathroom bigger than the window in the bedroom?,"['Yes', 'No', 'They are the same size', 'Cannot determine']",Is the window in the bathroom bigger than the window in the bedroom? A) Yes B) No C) They are the same size D) Cannot determine. Answer:,B,Comparison,00214-WeyCwVzL53K_0.png
00661-SSwbmq72C21,0,Does the bed face the window in the bedroom?,"['Yes', 'No', 'Partially', 'Cannot determine']",Does the bed face the window in the bedroom? A) Yes B) No C) Partially D) Cannot determine. Answer:,A,Relationship,00661-SSwbmq72C21_1.png
00836-7GAhQPFzMot,0,Does the window allow more natural light into the room compared to the lamp?,"['Yes', 'No', 'Both provide the same amount of light', 'More details needed']",Does the window allow more natural light into the room compared to the lamp? A) Yes B) No C) Both provide the same amount of light D) More details needed. Answer:,A,Comparison,00836-7GAhQPFzMot_1.png
00636-FXuXGH9YQTW,0,Is the window in the bedroom bigger than the door in the living room?,"['Yes', 'No', 'They are the same size', 'Cannot determine']",Is the window in the bedroom bigger than the door in the living room? A) Yes B) No C) They are the same size D) Cannot determine. Answer:,A,Comparison,00636-FXuXGH9YQTW_1.png
00118-F5j7ZLfMm1n,0,Is the bed in the bedroom longer than the sofa in the living room?,"['Yes', 'No', 'They are the same length', 'Cannot be determined']",Is the bed in the bedroom longer than the sofa in the living room? A) Yes B) No C) They are the same length D) Cannot be determined. Answer:,D,Comparison,00118-F5j7ZLfMm1n_1.png
00325-bMvM1KL4WsR,0,Is the TV closer to the Window in this house than it is to the dining table?,"['Yes', 'No', 'Equidistant', 'Cannot be determined']",Is the TV closer to the Window in this house than it is to the dining table? A) Yes B) No C) Equidistant D) Cannot be determined. Answer:,A,Comparison,00325-bMvM1KL4WsR_1.png
00035-3XYAD64HpDr,0,Is the desk higher than the chair in the home office?,"['Yes', 'No', 'They are the same height', 'Cannot be determined']",Is the desk higher than the chair in the home office? A) Yes B) No C) They are the same height D) Cannot be determined. Answer:,A,Comparison,00035-3XYAD64HpDr_0.png
00222-g8Xrdbe9fir,0,Is the door made of the same material as the cabinets in the house?,"['Yes', 'No', 'Partially', 'Uncertain']",Is the door made of the same material as the cabinets in the house? A) Yes B) No C) Partially D) Uncertain. Answer:,A,Attribute,00222-g8Xrdbe9fir_0.png
00500-fKP4sxcoxpL,0,Is the sofa closer to the window than the dining table in the living room?,"['Yes', 'No', 'Equally close', 'Cannot be determined']",Is the sofa closer to the window than the dining table in the living room? A) Yes B) No C) Equally close D) Cannot be determined. Answer:,A,Comparison,00500-fKP4sxcoxpL_0.png
00804-BHXhpBwSMLh,0,Is the television closer to the sofa than the stove is to the countertop in the house?,"['Yes', 'No', 'Both are equidistant', 'Cannot determine']",Is the television closer to the sofa than the stove is to the countertop in the house? A) Yes B) No C) Both are equidistant D) Cannot determine. Answer:,A,Comparison,00804-BHXhpBwSMLh_1.png
00524-hbr5fTQhAAa,0,Is the sofa closer to the fireplace than the mirror in the room?,"['Yes', 'No', 'They are at the same distance', 'Not clear from the image']",Is the sofa closer to the fireplace than the mirror in the room? A) Yes B) No C) They are at the same distance D) Not clear from the image. Answer:,B,Relationship,00524-hbr5fTQhAAa_1.png
00548-otTm4oTrHvc,0,Does the painting in the living room share the same shape as the mirror in the bedroom?,"['Yes', 'No', 'They are similar but not identical', 'The shapes are unclear']",Does the painting in the living room share the same shape as the mirror in the bedroom? A) Yes B) No C) They are similar but not identical D) The shapes are unclear. Answer:,B,Comparison,00548-otTm4oTrHvc_1.png
00101-n8AnEznQQpv,0,Does the bed in the bedroom share the same color as the clothes in the bedroom closet?,"['Yes', 'No', 'Some of them', 'Not sure']",Does the bed in the bedroom share the same color as the clothes in the bedroom closet? A) Yes B) No C) Some of them D) Not sure. Answer:,A,Comparison,00101-n8AnEznQQpv_0.png
00807-rsggHU7g7dh,0,Is the door wider than the window in any of the rooms?,"['Yes, in one of the rooms', 'Yes, in all rooms', 'No, in all rooms', 'Only if they are closed']","Is the door wider than the window in any of the rooms? A) Yes, in one of the rooms B) Yes, in all rooms C) No, in all rooms D) Only if they are closed. Answer:",A,Comparison,00807-rsggHU7g7dh_1.png
00279-YmEfzspXX5h,0,Is the dining table closer to the mirror in both rooms?,"['Yes', 'No', 'Only in one room', 'They are equally close']",Is the dining table closer to the mirror in both rooms? A) Yes B) No C) Only in one room D) They are equally close. Answer:,C,Relationship,00279-YmEfzspXX5h_1.png
00416-zCMdfYaW9iF,0,Is the number of clothes in the closet greater than the number of sofas in the living room?,"['Yes', 'No', 'Same amount', 'Cannot determine']",Is the number of clothes in the closet greater than the number of sofas in the living room? A) Yes B) No C) Same amount D) Cannot determine. Answer:,A,Comparison,00416-zCMdfYaW9iF_0.png
00117-2NwLiyeKcrK,0,Are the chairs surrounding the table in the dining room?,"['Yes', 'No', 'Some of them', 'None of them']",Are the chairs surrounding the table in the dining room? A) Yes B) No C) Some of them D) None of them. Answer:,A,Relationship,00117-2NwLiyeKcrK_0.png
00796-m49MsVC7BwA,0,Is the sliding door adjacent to the balcony?,"['Yes', 'No', 'Only partially', 'It depends on the perspective']",Is the sliding door adjacent to the balcony? A) Yes B) No C) Only partially D) It depends on the perspective. Answer:,A,Relationship,00796-m49MsVC7BwA_0.png
00827-BAbdmeyTvMZ,0,Is the chair taller than the table in the hallway?,"['Yes', 'No', 'They are the same height', 'Cannot determine']",Is the chair taller than the table in the hallway? A) Yes B) No C) They are the same height D) Cannot determine. Answer:,B,Comparison,00827-BAbdmeyTvMZ_1.png
00517-jG9pucmJVBZ,0,Are the door and walls the same color in the living room?,"['Yes', 'No', 'Only in some places', ""It can't be determined""]",Are the door and walls the same color in the living room? A) Yes B) No C) Only in some places D) It can't be determined. Answer:,B,Attribute,00517-jG9pucmJVBZ_0.png
00212-bAdy4hKf1a1,0,Is the ceiling fan in the living room positioned closer to the fireplace than the television?,"['Yes', 'No', 'They are equidistant', 'The fan is farther than the television']",Is the ceiling fan in the living room positioned closer to the fireplace than the television? A) Yes B) No C) They are equidistant D) The fan is farther than the television. Answer:,A,Relationship,00212-bAdy4hKf1a1_0.png
00276-HLBJGGyicLV,0,Is the TV closer to the beds than the door in the room?,"['Yes', 'No', 'They are equidistant', 'The TV is farther than the door']",Is the TV closer to the beds than the door in the room? A) Yes B) No C) They are equidistant D) The TV is farther than the door. Answer:,A,Relationship,00276-HLBJGGyicLV_0.png
00695-BJovXQkqbC3,0,Is the grandfather clock the same color as the sofa in the living room?,"['Yes', 'No', 'Partially', 'Cannot determine']",Is the grandfather clock the same color as the sofa in the living room? A) Yes B) No C) Partially D) Cannot determine. Answer:,B,Comparison,00695-BJovXQkqbC3_0.png
00052-H1D2FZ8TAv1,0,Is the bed closer to the window than the sofa in the bedroom?,"['Yes', 'No', 'They are equidistant', 'Cannot determine']",Is the bed closer to the window than the sofa in the bedroom? A) Yes B) No C) They are equidistant D) Cannot determine. Answer:,A,Relationship,00052-H1D2FZ8TAv1_1.png
00798-bpqKLXHnxei,0,Is the radiator closer to the window in the room?,"['Yes', 'No', 'Same distance', 'Not visible']",Is the radiator closer to the window in the room? A) Yes B) No C) Same distance D) Not visible. Answer:,A,Relationship,00798-bpqKLXHnxei_1.png
00435-rmDFTEWfNcz,0,Is the bed positioned closer to the dresser in the first bedroom or the second bedroom?,"['First bedroom', 'Second bedroom', 'Both are the same distance', 'Unable to determine']",Is the bed positioned closer to the dresser in the first bedroom or the second bedroom? A) First bedroom B) Second bedroom C) Both are the same distance D) Unable to determine. Answer:,A,Relationship,00435-rmDFTEWfNcz_1.png
00128-pAjDzi9kWjE,0,Does the plant in the kitchen appear taller than the plant in the bathroom?,"['Yes', 'No', 'They are the same height', 'Cannot determine']",Does the plant in the kitchen appear taller than the plant in the bathroom? A) Yes B) No C) They are the same height D) Cannot determine. Answer:,A,Comparison,00128-pAjDzi9kWjE_1.png
00355-Qkm4CooNoPi,0,Does the door handle share the same material as the cabinet handle in the house?,"['Yes', 'No', 'Partially', 'Cannot determine']",Does the door handle share the same material as the cabinet handle in the house? A) Yes B) No C) Partially D) Cannot determine. Answer:,D,Comparison,00355-Qkm4CooNoPi_0.png
00424-Hsk3jDzNySy,0,Is the clock higher or lower on the wall compared to the mirror?,"['Higher', 'Lower', 'Same level', 'Not on the wall']",Is the clock higher or lower on the wall compared to the mirror? A) Higher B) Lower C) Same level D) Not on the wall. Answer:,A,Attribute,00424-Hsk3jDzNySy_1.png
00059-kJxT5qssH4H,0,Is the TV closer to the desk than the chair is in the room?,"['Yes', 'No', 'Both are at the same distance', 'Cannot determine']",Is the TV closer to the desk than the chair is in the room? A) Yes B) No C) Both are at the same distance D) Cannot determine. Answer:,A,Relationship,00059-kJxT5qssH4H_1.png
00638-iePHCSf119p,0,Is the bar counter closer to the wall than the tables in the room?,"['Yes', 'No', 'Only some are closer', 'Cannot determine']",Is the bar counter closer to the wall than the tables in the room? A) Yes B) No C) Only some are closer D) Cannot determine. Answer:,A,Relationship,00638-iePHCSf119p_1.png
00196-3Y14etT7365,0,Is the computer closer to the bookshelf than it is to the window in the workspace?,"['Yes', 'No', 'They are equidistant', 'Cannot be determined']",Is the computer closer to the bookshelf than it is to the window in the workspace? A) Yes B) No C) They are equidistant D) Cannot be determined. Answer:,A,Relationship,00196-3Y14etT7365_1.png
00669-DNWbUAJYsPy,0,Does the bed share the same color scheme as the chair in the room?,"['Yes', 'No', 'Partially', 'Cannot tell']",Does the bed share the same color scheme as the chair in the room? A) Yes B) No C) Partially D) Cannot tell. Answer:,B,Comparison,00669-DNWbUAJYsPy_1.png
00831-yr17PDCnDDW,0,Is the conference table larger than any one of the chairs in the meeting room?,"['Yes', 'No', 'Same size', 'Not visible']",Is the conference table larger than any one of the chairs in the meeting room? A) Yes B) No C) Same size D) Not visible. Answer:,A,Comparison,00831-yr17PDCnDDW_1.png
00464-NfkadBDgBJV,0,Is the door farther from the window than the TV in the room?,"['Yes', 'No', 'They are the same distance', 'Cannot determine']",Is the door farther from the window than the TV in the room? A) Yes B) No C) They are the same distance D) Cannot determine. Answer:,A,Comparison,00464-NfkadBDgBJV_0.png
00235-DWsM2ficpne,0,Is the door in the kitchen closer to the clock than to the entrance door?,"['Yes', 'No', 'Equidistant', 'Not visible']",Is the door in the kitchen closer to the clock than to the entrance door? A) Yes B) No C) Equidistant D) Not visible. Answer:,A,Relationship,00235-DWsM2ficpne_1.png
00251-wsAYBFtQaL7,0,Is the toilet closer to the sink than the bathtub in the bathroom?,"['Yes', 'No', 'They are equidistant', 'There is no bathtub']",Is the toilet closer to the sink than the bathtub in the bathroom? A) Yes B) No C) They are equidistant D) There is no bathtub. Answer:,A,Relationship,00251-wsAYBFtQaL7_1.png
00579-9hJwm8k7Gka,0,Is the dresser taller than the plant in the room?,"['Yes', 'No', 'They are the same height', 'The dresser is shorter']",Is the dresser taller than the plant in the room? A) Yes B) No C) They are the same height D) The dresser is shorter. Answer:,A,Comparison,00579-9hJwm8k7Gka_0.png
00478-QDvRVeWFCjM,0,Is the television positioned directly above the fireplace in the living room?,"['Yes', 'No', 'Only partially', 'Cannot determine']",Is the television positioned directly above the fireplace in the living room? A) Yes B) No C) Only partially D) Cannot determine. Answer:,A,Relationship,00478-QDvRVeWFCjM_1.png
00000-kfPV7w3FaU5,0,Does the toilet share the same color as the sink in the bathroom?,"['Yes', 'No', 'Only the toilet is white', 'Only the sink is white']",Does the toilet share the same color as the sink in the bathroom? A) Yes B) No C) Only the toilet is white D) Only the sink is white. Answer:,A,Comparison,00000-kfPV7w3FaU5_1.png
00657-TSJmdttd2GV,0,Does the microwave share the same color as the sink in the kitchen?,"['Yes', 'No', 'The microwave is white and the sink is silver', 'The microwave is silver and the sink is black']",Does the microwave share the same color as the sink in the kitchen? A) Yes B) No C) The microwave is white and the sink is silver D) The microwave is silver and the sink is black. Answer:,C,Attribute,00657-TSJmdttd2GV_1.png
00638-iePHCSf119p,0,Are the tables longer than the chairs in the dining area?,"['Yes', 'No', 'Same length', 'Cannot determine']",Are the tables longer than the chairs in the dining area? A) Yes B) No C) Same length D) Cannot determine. Answer:,A,Comparison,00638-iePHCSf119p_0.png
00596-9SpHCfHaNiG,0,Are there more chairs than tables in the space?,"['Yes', 'No', 'They are equal in number', 'Cannot determine']",Are there more chairs than tables in the space? A) Yes B) No C) They are equal in number D) Cannot determine. Answer:,A,Comparison,00596-9SpHCfHaNiG_0.png
00735-ypcVfePF8TG,0,Is the ladder closer than the firewood to the door in the workshop?,"['Yes', 'No', 'Both are equidistant', 'Not clear']",Is the ladder closer than the firewood to the door in the workshop? A) Yes B) No C) Both are equidistant D) Not clear. Answer:,A,Relationship,00735-ypcVfePF8TG_1.png
00896-5hGmubEE6ZF,0,Does the window appear above the radiator in the living room?,"['Yes', 'No', 'Only in the bathroom', 'Not visible']",Does the window appear above the radiator in the living room? A) Yes B) No C) Only in the bathroom D) Not visible. Answer:,A,Relationship,00896-5hGmubEE6ZF_0.png
00426-X9fRPGxw1jS,0,Is the armchair smaller than the sofa in the room?,"['Yes', 'No', 'They are the same size', 'Cannot determine']",Is the armchair smaller than the sofa in the room? A) Yes B) No C) They are the same size D) Cannot determine. Answer:,A,Comparison,00426-X9fRPGxw1jS_1.png
00647-qpcpnP8TosR,0,Is the chandelier closer to the sofa than the door?,"['Yes', 'No', 'They are equally distant', 'Cannot determine']",Is the chandelier closer to the sofa than the door? A) Yes B) No C) They are equally distant D) Cannot determine. Answer:,A,Comparison,00647-qpcpnP8TosR_0.png
00492-panm7DRsmDn,0,Is the dining table larger than the kitchen counter in the house?,"['Yes', 'No', 'They are the same size', 'Cannot determine']",Is the dining table larger than the kitchen counter in the house? A) Yes B) No C) They are the same size D) Cannot determine. Answer:,A,Comparison,00492-panm7DRsmDn_1.png
00892-bzCsHPLDztK,0,Are the ceiling fan and television located in the same room?,"['Yes', 'No', 'The fan is outside', 'The TV is outside']",Are the ceiling fan and television located in the same room? A) Yes B) No C) The fan is outside D) The TV is outside. Answer:,A,Relationship,00892-bzCsHPLDztK_1.png
00745-yX5efd48dLf,0,Does the armchair have the same pattern as the cushion?,"['Yes', 'No', 'Partially', 'Cannot determine']",Does the armchair have the same pattern as the cushion? A) Yes B) No C) Partially D) Cannot determine. Answer:,B,Attribute,00745-yX5efd48dLf_1.png
00725-5uXtMs57HmZ,0,Is the door made of the same material as the window frame in the room?,"['Yes', 'No', 'Both are glass', 'Both are wood']",Is the door made of the same material as the window frame in the room? A) Yes B) No C) Both are glass D) Both are wood. Answer:,B,Attribute,00725-5uXtMs57HmZ_0.png
00482-EQSguCqe5Rk,0,Is the sofa closer to the window than the table?,"['Yes', 'No', 'They are equally distant', 'Cannot be determined']",Is the sofa closer to the window than the table? A) Yes B) No C) They are equally distant D) Cannot be determined. Answer:,A,Attribute,00482-EQSguCqe5Rk_1.png
00085-KWoYKrff5L4,0,Do the window and curtain in the living room have the same color?,"['Yes', 'No', 'Only the curtain is colored', 'Only the window is colored']",Do the window and curtain in the living room have the same color? A) Yes B) No C) Only the curtain is colored D) Only the window is colored. Answer:,B,Comparison,00085-KWoYKrff5L4_0.png
00196-3Y14etT7365,0,Is the wardrobe darker in shade compared to the wooden shelves in the room?,"['Yes, the wardrobe is darker', 'No, the wooden shelves are darker', 'Both have the same shade', 'Cannot determine']","Is the wardrobe darker in shade compared to the wooden shelves in the room? A) Yes, the wardrobe is darker B) No, the wooden shelves are darker C) Both have the same shade D) Cannot determine. Answer:",A,Comparison,00196-3Y14etT7365_0.png
00167-yogvKWUrdnw,0,Is the shelf closer to a window than the table in the house?,"['Yes', 'No', 'They are equidistant', 'Cannot determine']",Is the shelf closer to a window than the table in the house? A) Yes B) No C) They are equidistant D) Cannot determine. Answer:,A,Comparison,00167-yogvKWUrdnw_1.png
00093-HneuS3CYDFG,0,Does the bed share the same color as the couch in the bedroom?,"['Yes', 'No', 'Partially', 'Cannot determine']",Does the bed share the same color as the couch in the bedroom? A) Yes B) No C) Partially D) Cannot determine. Answer:,C,Comparison,00093-HneuS3CYDFG_1.png
00201-k7vRbGpz44m,0,Is the bed larger than the chair in the bedroom?,"['Yes', 'No', 'They are the same size', ""It's not possible to tell""]",Is the bed larger than the chair in the bedroom? A) Yes B) No C) They are the same size D) It's not possible to tell. Answer:,A,Comparison,00201-k7vRbGpz44m_1.png
00049-e3YKRHQRPNe,0,Is the sofa larger than the bed in the house?,"['Yes', 'No', 'They are the same size', 'Cannot be determined']",Is the sofa larger than the bed in the house? A) Yes B) No C) They are the same size D) Cannot be determined. Answer:,B,Comparison,00049-e3YKRHQRPNe_1.png
00454-vjMVcmpC1hC,0,Is the stove closer to the clock than the bed is to the door?,"['Yes', 'No', 'They are equidistant', 'Cannot determine']",Is the stove closer to the clock than the bed is to the door? A) Yes B) No C) They are equidistant D) Cannot determine. Answer:,A,Relationship,00454-vjMVcmpC1hC_0.png
00507-RfNGMBdVbAZ,0,Is the mirror in the living room smaller than the ceiling fan?,"['Yes', 'No', 'They are the same size', 'Not enough information']",Is the mirror in the living room smaller than the ceiling fan? A) Yes B) No C) They are the same size D) Not enough information. Answer:,A,Comparison,00507-RfNGMBdVbAZ_1.png
00574-bXu6SSWkJY8,0,Is the color of the door similar to the color of the cabinet in the house?,"['Yes, it is the same', 'No, completely different', 'Similar but not identical', 'They are unpainted']","Is the color of the door similar to the color of the cabinet in the house? A) Yes, it is the same B) No, completely different C) Similar but not identical D) They are unpainted. Answer:",B,Comparison,00574-bXu6SSWkJY8_0.png
00778-vj4rZPfVjBQ,0,Is the window in the kitchen larger than the window in the living room?,"['Yes', 'No', 'They are the same size', 'Cannot determine']",Is the window in the kitchen larger than the window in the living room? A) Yes B) No C) They are the same size D) Cannot determine. Answer:,A,Comparison,00778-vj4rZPfVjBQ_0.png
00788-BEuB32yj7Fb,0,"Do the curtains cover more, less, or the same area of the windows in the house?","['More', 'Less', 'Same', 'Cannot determine']","Do the curtains cover more, less, or the same area of the windows in the house? A) More B) Less C) Same D) Cannot determine. Answer:",B,Comparison,00788-BEuB32yj7Fb_1.png
00531-TziyvKgzdAs,0,Is the shelf placed higher than the cabinet in the room?,"['Yes', 'No', 'Both are at the same height', 'Cannot determine']",Is the shelf placed higher than the cabinet in the room? A) Yes B) No C) Both are at the same height D) Cannot determine. Answer:,A,Comparison,00531-TziyvKgzdAs_0.png
00493-pUneSGJDrvY,0,Does the number of green plates exceed the number of windows in the images?,"['Yes', 'No', 'They are equal', 'Cannot determine']",Does the number of green plates exceed the number of windows in the images? A) Yes B) No C) They are equal D) Cannot determine. Answer:,A,Comparison,00493-pUneSGJDrvY_1.png
00146-BLhX6Do8f1t,0,Is the sofa the same color as the armchair in the living room?,"['Yes', 'No', 'Partially', 'They are multicolored']",Is the sofa the same color as the armchair in the living room? A) Yes B) No C) Partially D) They are multicolored. Answer:,B,Attribute,00146-BLhX6Do8f1t_1.png
00769-F1Vhvu3osn6,0,Does the windows share same color as the sofa in the living room?,"['Yes', 'No', 'Partially', 'Not sure']",Does the windows share same color as the sofa in the living room? A) Yes B) No C) Partially D) Not sure. Answer:,B,Attribute,00769-F1Vhvu3osn6_0.png
00445-H81QMurNRM8,0,Does the TV hang above the fireplace in both rooms?,"['Yes', 'No', 'Only in one room', 'Not sure']",Does the TV hang above the fireplace in both rooms? A) Yes B) No C) Only in one room D) Not sure. Answer:,A,Relationship,00445-H81QMurNRM8_0.png
00809-Qpor2mEya8F,0,Is the window larger than the door in the room?,"['Yes', 'No', 'Both are the same size', 'Cannot determine']",Is the window larger than the door in the room? A) Yes B) No C) Both are the same size D) Cannot determine. Answer:,B,Comparison,00809-Qpor2mEya8F_0.png
00731-oXzJVhUhmYe,0,Does the cabinet in the kitchen have a similar color to the mirror frame in the bedroom?,"['Yes', 'No', 'Only slightly', 'They are identical']",Does the cabinet in the kitchen have a similar color to the mirror frame in the bedroom? A) Yes B) No C) Only slightly D) They are identical. Answer:,B,Comparison,00731-oXzJVhUhmYe_1.png
00615-PUNuHY5M7MS,0,Is the lamp closer to the mirror than to the door in the same room?,"['Yes', 'No', 'Equally close', 'Cannot determine']",Is the lamp closer to the mirror than to the door in the same room? A) Yes B) No C) Equally close D) Cannot determine. Answer:,A,Relationship,00615-PUNuHY5M7MS_0.png
00143-5Kw4nGdqYtS,0,Is the location of the stairs closer to the red couches than the fireplace?,"['Yes', 'No', 'The distance is the same', 'Cannot determine']",Is the location of the stairs closer to the red couches than the fireplace? A) Yes B) No C) The distance is the same D) Cannot determine. Answer:,A,Relationship,00143-5Kw4nGdqYtS_1.png
00682-6r9GfBG7u1g,0,Is the stairs color closer to the door color in the hallway?,"['Yes', 'No', 'They are the same', 'The stairs are darker']",Is the stairs color closer to the door color in the hallway? A) Yes B) No C) They are the same D) The stairs are darker. Answer:,A,Attribute,00682-6r9GfBG7u1g_1.png
00070-w7QyjJ3H9Bp,0,Is the sofa closer to the dining table than to the kitchen?,"['Yes', 'No', 'They are equidistant', 'Cannot determine from the image']",Is the sofa closer to the dining table than to the kitchen? A) Yes B) No C) They are equidistant D) Cannot determine from the image. Answer:,A,Comparison,00070-w7QyjJ3H9Bp_0.png
00254-YMNvYDhK8mB,0,Is the coat rack in the same room as the conference table?,"['Yes', 'No', 'Only sometimes', 'Not enough information']",Is the coat rack in the same room as the conference table? A) Yes B) No C) Only sometimes D) Not enough information. Answer:,A,Relationship,00254-YMNvYDhK8mB_0.png
00185-NjyeoK5BLx3,0,Does the door share the same color as the wall in the room?,"['Yes', 'No', 'They are similar', 'The colors are contrasting']",Does the door share the same color as the wall in the room? A) Yes B) No C) They are similar D) The colors are contrasting. Answer:,A,Attribute,00185-NjyeoK5BLx3_1.png
00321-JWWJBQWHv64,0,Does the refrigerator and window appear in the same room?,"['Yes', 'No', 'Only the refrigerator is in the room', 'Only the window is in the room']",Does the refrigerator and window appear in the same room? A) Yes B) No C) Only the refrigerator is in the room D) Only the window is in the room. Answer:,A,Relationship,00321-JWWJBQWHv64_0.png
00813-svBbv1Pavdk,0,Is the kitchen larger than the living room?,"['Yes', 'No', 'They are the same size', 'Cannot be determined']",Is the kitchen larger than the living room? A) Yes B) No C) They are the same size D) Cannot be determined. Answer:,B,Comparison,00813-svBbv1Pavdk_0.png
00212-bAdy4hKf1a1,0,Is the fireplace closer to the sofa in the living room compared to the armchair?,"['Yes', 'No', 'They are equidistant', 'Cannot determine']",Is the fireplace closer to the sofa in the living room compared to the armchair? A) Yes B) No C) They are equidistant D) Cannot determine. Answer:,A,Relationship,00212-bAdy4hKf1a1_1.png
00180-sCCThjhioJC,0,Is the washing machine closer to the door than the dryer in the laundry room?,"['Yes', 'No', 'They are equally far', 'Cannot determine']",Is the washing machine closer to the door than the dryer in the laundry room? A) Yes B) No C) They are equally far D) Cannot determine. Answer:,B,Comparison,00180-sCCThjhioJC_0.png
00819-6D36GQHuP8H,0,Is the sofa closer to the entrance than the fireplace in the house?,"['Yes', 'No', 'They are equidistant', 'Not visible']",Is the sofa closer to the entrance than the fireplace in the house? A) Yes B) No C) They are equidistant D) Not visible. Answer:,A,Relationship,00819-6D36GQHuP8H_1.png
00667-5K2dTSVihN7,0,Is the sofa closer to the windows than the table in the living room?,"['Yes', 'No', 'They are equally close', 'Cannot determine']",Is the sofa closer to the windows than the table in the living room? A) Yes B) No C) They are equally close D) Cannot determine. Answer:,A,Relationship,00667-5K2dTSVihN7_0.png
00190-NkvRYHk72vA,0,Does the window allow more natural light into the room than the door?,"['Yes', 'No', 'Both allow the same amount', 'The room has no window']",Does the window allow more natural light into the room than the door? A) Yes B) No C) Both allow the same amount D) The room has no window. Answer:,A,Comparison,00190-NkvRYHk72vA_1.png
00329-asrq4PFvdvF,0,Is the railing closer to the floor than the door is in the house?,"['Yes', 'No', 'They are at the same height', 'Not enough information']",Is the railing closer to the floor than the door is in the house? A) Yes B) No C) They are at the same height D) Not enough information. Answer:,A,Comparison,00329-asrq4PFvdvF_0.png
00524-hbr5fTQhAAa,0,Is the sofa in the living room bigger than the bed in the bedroom?,"['Yes', 'No', 'They are the same size', 'Not enough information to determine']",Is the sofa in the living room bigger than the bed in the bedroom? A) Yes B) No C) They are the same size D) Not enough information to determine. Answer:,D,Comparison,00524-hbr5fTQhAAa_0.png
00130-MjzBosUX3WW,0,Is the bed closer to the fireplace than the plant?,"['Yes', 'No', 'The distance is the same', 'Not visible']",Is the bed closer to the fireplace than the plant? A) Yes B) No C) The distance is the same D) Not visible. Answer:,D,Relationship,00130-MjzBosUX3WW_1.png
00762-33ypawbKCQf,0,Is the sink larger than the bathtub in the bathroom?,"['Yes', 'No', 'They are the same size', 'Cannot determine']",Is the sink larger than the bathtub in the bathroom? A) Yes B) No C) They are the same size D) Cannot determine. Answer:,B,Comparison,00762-33ypawbKCQf_0.png
00180-sCCThjhioJC,0,Are the stairs in the first image wider than the stairs in the second image?,"['Yes', 'No', 'They are the same width', 'Cannot be determined']",Are the stairs in the first image wider than the stairs in the second image? A) Yes B) No C) They are the same width D) Cannot be determined. Answer:,D,Comparison,00180-sCCThjhioJC_1.png
00787-S9M7ybC5ZHu,0,Does the door share the same color as the window frame in these rooms?,"['Yes', 'No', 'Only partially', 'The window frame has no color']",Does the door share the same color as the window frame in these rooms? A) Yes B) No C) Only partially D) The window frame has no color. Answer:,A,Comparison,00787-S9M7ybC5ZHu_0.png
00442-tJ7XVoEN82a,0,Does the sofa in the living room look more comfortable than the bed in the bedroom?,"['Yes', 'No', 'They look equally comfortable', 'Cannot determine']",Does the sofa in the living room look more comfortable than the bed in the bedroom? A) Yes B) No C) They look equally comfortable D) Cannot determine. Answer:,A,Attribute,00442-tJ7XVoEN82a_1.png
00866-XNeHsjL6nBB,0,Is the table closer to the window than the bench in the second room?,"['Yes', 'No', 'They are equally close', 'The table is farther']",Is the table closer to the window than the bench in the second room? A) Yes B) No C) They are equally close D) The table is farther. Answer:,A,Relationship,00866-XNeHsjL6nBB_0.png
00699-gyK27yu7CP4,0,Does the television face the same direction as the mirror in the house?,"['Yes', 'No', 'They are side by side', 'They are in different rooms']",Does the television face the same direction as the mirror in the house? A) Yes B) No C) They are side by side D) They are in different rooms. Answer:,D,Relationship,00699-gyK27yu7CP4_1.png
00675-c6TFyURFrL4,0,Is the counter closer to the entrance than the cabinet?,"['Yes', 'No', 'They are equidistant', 'Cannot determine']",Is the counter closer to the entrance than the cabinet? A) Yes B) No C) They are equidistant D) Cannot determine. Answer:,A,Relationship,00675-c6TFyURFrL4_0.png
00022-gmuS7Wgsbrx,0,Is the door closer to the entrance than the staircase?,"['Yes', 'No', 'They are equidistant', 'The staircase is closer']",Is the door closer to the entrance than the staircase? A) Yes B) No C) They are equidistant D) The staircase is closer. Answer:,A,Relationship,00022-gmuS7Wgsbrx_1.png
00554-rihBP3nC6p4,0,Is the closet larger than the door in the house?,"['Yes', 'No', 'They are the same size', 'Cannot be determined']",Is the closet larger than the door in the house? A) Yes B) No C) They are the same size D) Cannot be determined. Answer:,A,Comparison,00554-rihBP3nC6p4_0.png
00766-XxbS57Z6PDU,0,Does the door in the room with the wooden wall match the color of the carpet?,"['Yes', 'No', 'Both are plain', 'Only one is colored']",Does the door in the room with the wooden wall match the color of the carpet? A) Yes B) No C) Both are plain D) Only one is colored. Answer:,B,Attribute,00766-XxbS57Z6PDU_0.png
00030-LPEMkRVudUm,0,Are the table and curtains present in the same room?,"['Yes', 'No', 'Not enough information', 'Only the table is present']",Are the table and curtains present in the same room? A) Yes B) No C) Not enough information D) Only the table is present. Answer:,A,Relationship,00030-LPEMkRVudUm_0.png
00676-J5SkB2o1ckv,0,Is the refrigerator taller than the oven in the kitchen?,"['Yes', 'No', 'They are the same height', 'The oven is taller']",Is the refrigerator taller than the oven in the kitchen? A) Yes B) No C) They are the same height D) The oven is taller. Answer:,A,Comparison,00676-J5SkB2o1ckv_0.png
00260-ECStCRoCNWM,0,Does the coat rack appear in the same room as the lamp in this house?,"['Yes', 'No', 'Only in shadow', 'Cannot determine']",Does the coat rack appear in the same room as the lamp in this house? A) Yes B) No C) Only in shadow D) Cannot determine. Answer:,B,Relationship,00260-ECStCRoCNWM_1.png
00590-qgZhhx1MpTi,0,Is the sofa larger than the table in the living room?,"['Yes', 'No', 'They are the same size', 'Cannot determine']",Is the sofa larger than the table in the living room? A) Yes B) No C) They are the same size D) Cannot determine. Answer:,A,Comparison,00590-qgZhhx1MpTi_0.png
00181-qkkRnWghK8e,0,Is the toilet closer to the door in the bathroom than the table is to the window in the dining area?,"['Yes', 'No', 'They are equidistant', 'Not enough information']",Is the toilet closer to the door in the bathroom than the table is to the window in the dining area? A) Yes B) No C) They are equidistant D) Not enough information. Answer:,A,Comparison,00181-qkkRnWghK8e_0.png
00485-yX54kr5c5g9,0,Does the sofa in the living room share the same color as the bed in the bedroom?,"['Yes', 'No', 'Partially', 'Cannot determine']",Does the sofa in the living room share the same color as the bed in the bedroom? A) Yes B) No C) Partially D) Cannot determine. Answer:,B,Comparison,00485-yX54kr5c5g9_0.png
00678-aCtdWA5n56Z,0,Is the sofa closer to the window than the dining table in the house?,"['Yes', 'No', 'They are the same distance', 'Cannot Determine']",Is the sofa closer to the window than the dining table in the house? A) Yes B) No C) They are the same distance D) Cannot Determine. Answer:,A,Relationship,00678-aCtdWA5n56Z_1.png
00029-4wCTuaUNWEd,0,Is the sofa in the living room larger than the bed in the bedroom?,"['Yes', 'No', 'They are the same size', 'Not enough information']",Is the sofa in the living room larger than the bed in the bedroom? A) Yes B) No C) They are the same size D) Not enough information. Answer:,A,Comparison,00029-4wCTuaUNWEd_1.png
00094-WT4QWwXrMzs,0,Does the chalkboard have a darker surface color than the television?,"['Yes', 'No', 'They have the same color', 'Cannot determine']",Does the chalkboard have a darker surface color than the television? A) Yes B) No C) They have the same color D) Cannot determine. Answer:,A,Comparison,00094-WT4QWwXrMzs_1.png
00692-APXAdV48nKT,0,Is the guitar closer to the window than the television in the room?,"['Yes', 'No', 'Both are equidistant', 'Not enough information']",Is the guitar closer to the window than the television in the room? A) Yes B) No C) Both are equidistant D) Not enough information. Answer:,A,Comparison,00692-APXAdV48nKT_1.png
00445-H81QMurNRM8,0,Is the clock closer to the window than other objects nearby?,"['Yes', 'No', 'Equal distance', 'Cannot determine']",Is the clock closer to the window than other objects nearby? A) Yes B) No C) Equal distance D) Cannot determine. Answer:,A,Relationship,00445-H81QMurNRM8_1.png
00860-RJaJt8UjXav,0,Does the dining chair match the color of the dining table in the dining area?,"['Yes', 'No', 'Only partially', 'There is no dining chair']",Does the dining chair match the color of the dining table in the dining area? A) Yes B) No C) Only partially D) There is no dining chair. Answer:,A,Attribute,00860-RJaJt8UjXav_1.png
00086-315QujoX279,0,Does the window have a similar color as the air conditioner?,"['Yes', 'No', 'Only slightly', 'Not at all']",Does the window have a similar color as the air conditioner? A) Yes B) No C) Only slightly D) Not at all. Answer:,A,Attribute,00086-315QujoX279_0.png
00300-GcfUJ79xCZc,0,Is the red chair closer to the center of the room than the blue sofa in the living room?,"['Yes', 'No', 'They are equally distant', 'Cannot be determined']",Is the red chair closer to the center of the room than the blue sofa in the living room? A) Yes B) No C) They are equally distant D) Cannot be determined. Answer:,A,Comparison,00300-GcfUJ79xCZc_1.png
00348-37c5w29pYm3,0,Is the piano closer to a window than the kitchen island?,"['Yes', 'No', 'Both are equidistant', 'Cannot determine']",Is the piano closer to a window than the kitchen island? A) Yes B) No C) Both are equidistant D) Cannot determine. Answer:,A,Relationship,00348-37c5w29pYm3_0.png
00039-ANmWrL7Kz7h,0,Is the white closet farther from the entrance than the wooden shelf?,"['Yes', 'No', 'They are the same distance', 'Cannot be determined']",Is the white closet farther from the entrance than the wooden shelf? A) Yes B) No C) They are the same distance D) Cannot be determined. Answer:,B,Comparison,00039-ANmWrL7Kz7h_1.png
00102-r77mpaAYUEc,0,Is the doorway positioned farther from the viewpoint than the window in the image?,"['Yes', 'No', 'They are equidistant', 'Cannot be determined']",Is the doorway positioned farther from the viewpoint than the window in the image? A) Yes B) No C) They are equidistant D) Cannot be determined. Answer:,A,Relationship,00102-r77mpaAYUEc_1.png
00757-LVgQNuK8vtv,0,Is the sofa closer to the table than to the window in the living room?,"['Yes', 'No', 'They are equidistant', 'Cannot be determined']",Is the sofa closer to the table than to the window in the living room? A) Yes B) No C) They are equidistant D) Cannot be determined. Answer:,A,Relationship,00757-LVgQNuK8vtv_0.png
00650-AqGu9nUng3L,0,Is the clock bigger than the television in the living room?,"['Yes', 'No', 'They are the same size', 'Cannot be determined']",Is the clock bigger than the television in the living room? A) Yes B) No C) They are the same size D) Cannot be determined. Answer:,B,Comparison,00650-AqGu9nUng3L_0.png
00234-nACV8wLu1u5,0,Is the plant closer to the sofa in the attic or in the living room?,"['Attic', 'Living room', 'Both the same distance', 'Cannot determine']",Is the plant closer to the sofa in the attic or in the living room? A) Attic B) Living room C) Both the same distance D) Cannot determine. Answer:,A,Relationship,00234-nACV8wLu1u5_0.png
00898-8CRYizAb6yd,0,Does the white door share the same color as the white wall in the images?,"['Yes', 'No', 'Only in some images', 'Cannot be determined']",Does the white door share the same color as the white wall in the images? A) Yes B) No C) Only in some images D) Cannot be determined. Answer:,A,Attribute,00898-8CRYizAb6yd_0.png
00516-ytXtEYghmvL,0,Does the ceiling fan provide more direct lighting than the lamp in the house?,"['Yes', 'No', 'They provide equal lighting', 'It depends on the time of day']",Does the ceiling fan provide more direct lighting than the lamp in the house? A) Yes B) No C) They provide equal lighting D) It depends on the time of day. Answer:,B,Comparison,00516-ytXtEYghmvL_0.png
00654-VZy9kKQJcUF,0,Are the tables longer than the chairs in the conference room?,"['Yes', 'No', 'They are the same length', 'The length cannot be determined from the image']",Are the tables longer than the chairs in the conference room? A) Yes B) No C) They are the same length D) The length cannot be determined from the image. Answer:,A,Comparison,00654-VZy9kKQJcUF_1.png
00244-E64sjs3Dyfd,0,Does the fire extinguisher appear closer to the stone wall than the exit sign in the building?,"['Yes', 'No', 'Both are equally close', 'Cannot determine']",Does the fire extinguisher appear closer to the stone wall than the exit sign in the building? A) Yes B) No C) Both are equally close D) Cannot determine. Answer:,A,Relationship,00244-E64sjs3Dyfd_1.png
00172-bB6nKqfsb1z,0,Is the staircase closer than the curtains to the entrance door in the house?,"['Yes', 'No', 'They are equidistant', 'Cannot be determined']",Is the staircase closer than the curtains to the entrance door in the house? A) Yes B) No C) They are equidistant D) Cannot be determined. Answer:,A,Comparison,00172-bB6nKqfsb1z_0.png
00073-bCFcvb4zc3N,0,Is the railing longer than the stairs?,"['Yes', 'No', 'They are the same length', 'Not visible']",Is the railing longer than the stairs? A) Yes B) No C) They are the same length D) Not visible. Answer:,B,Comparison,00073-bCFcvb4zc3N_1.png
00737-ZhXWtW1gd6c,0,Is the door closer to the television in the living room or another room?,"['Living room', 'Bedroom', 'Kitchen', 'Bathroom']",Is the door closer to the television in the living room or another room? A) Living room B) Bedroom C) Kitchen D) Bathroom. Answer:,A,Relationship,00737-ZhXWtW1gd6c_0.png
00767-Yr35Q49vqwV,0,Is the window closer to the floor than the door in the images?,"['Yes', 'No', 'Same distance', 'Cannot be determined']",Is the window closer to the floor than the door in the images? A) Yes B) No C) Same distance D) Cannot be determined. Answer:,B,Comparison,00767-Yr35Q49vqwV_0.png
00899-58NLZxWBSpk,0,Do the curtains cover the window?,"['Yes', 'No', 'Partially', 'Not visible']",Do the curtains cover the window? A) Yes B) No C) Partially D) Not visible. Answer:,A,Attribute,00899-58NLZxWBSpk_1.png
00633-dDyovSFuViJ,0,Is the table in the living room closer to the couches than the window？,"['Yes', 'No', 'They are equidistant', 'Cannot be determined']",Is the table in the living room closer to the couches than the window？ A) Yes B) No C) They are equidistant D) Cannot be determined. Answer:,A,Relationship,00633-dDyovSFuViJ_1.png
00571-w5YEujJKsiy,0,Is the TV bigger than the computer in the house?,"['Yes', 'No', 'They are the same size', 'Not enough information']",Is the TV bigger than the computer in the house? A) Yes B) No C) They are the same size D) Not enough information. Answer:,A,Comparison,00571-w5YEujJKsiy_1.png
00538-3CBBjsNkhqW,0,Is the exercise equipment closer to furniture than the laundry machines?,"['Yes', 'No', 'Both are equally close', 'Not enough information']",Is the exercise equipment closer to furniture than the laundry machines? A) Yes B) No C) Both are equally close D) Not enough information. Answer:,A,Comparison,00538-3CBBjsNkhqW_1.png
00345-8EqKbkhqE4R,0,Are the shelves located on the same floor as the stairs in the house?,"['Yes', 'No', 'They are in different rooms but same floor', 'They are in the same room and same floor']",Are the shelves located on the same floor as the stairs in the house? A) Yes B) No C) They are in different rooms but same floor D) They are in the same room and same floor. Answer:,B,Relationship,00345-8EqKbkhqE4R_0.png
00645-rrjjmoZhZCo,0,Is the TV positioned below the wall art in the living room?,"['Yes', 'No', 'Only partially', ""Can't tell""]",Is the TV positioned below the wall art in the living room? A) Yes B) No C) Only partially D) Can't tell. Answer:,A,Attribute,00645-rrjjmoZhZCo_1.png
005211SedVoP7zLu,0,Is the painting closer to the stairs or the window in the room?,"['Stairs', 'Window', 'Equally close to stairs and window', 'None of the above']",Is the painting closer to the stairs or the window in the room? A) Stairs B) Window C) Equally close to stairs and window D) None of the above. Answer:,A,Relationship,005211SedVoP7zLu_1.png
00281-mj5sKX44BmS,0,Is the bed in the small bedroom smaller than the bed in the large bedroom?,"['Yes', 'No', 'They are the same size', 'Cannot determine']",Is the bed in the small bedroom smaller than the bed in the large bedroom? A) Yes B) No C) They are the same size D) Cannot determine. Answer:,A,Comparison,00281-mj5sKX44BmS_0.png
00412-mDPCxA7W1WN,0,Does the door appear to be made of the same material as the window blinds?,"['Yes', 'No', 'Only partially', 'Cannot determine']",Does the door appear to be made of the same material as the window blinds? A) Yes B) No C) Only partially D) Cannot determine. Answer:,B,Attribute,00412-mDPCxA7W1WN_0.png
00134-Mre6deDcPCP,0,Is the window closer to the chair in the dining room or the nursery?,"['Dining room', 'Nursery', 'Same distance', 'Cannot determine']",Is the window closer to the chair in the dining room or the nursery? A) Dining room B) Nursery C) Same distance D) Cannot determine. Answer:,A,Relationship,00134-Mre6deDcPCP_0.png
00497-AeBfp3hTadB,0,Is the leather couch closer to the potted plant than to the door?,"['Yes', 'No', 'They are equidistant', 'Not enough information to determine']",Is the leather couch closer to the potted plant than to the door? A) Yes B) No C) They are equidistant D) Not enough information to determine. Answer:,B,Relationship,00497-AeBfp3hTadB_0.png
00165-N8oi63yAP2b,0,Is the bed closer to the window than the wardrobe in the room?,"['Yes', 'No', 'They are equidistant', 'Cannot be determined']",Is the bed closer to the window than the wardrobe in the room? A) Yes B) No C) They are equidistant D) Cannot be determined. Answer:,A,Relationship,00165-N8oi63yAP2b_1.png
00275-4dbCzNN5L5t,0,Is the sofa larger than the bed in the house?,"['Yes', 'No', 'They are equal', 'Cannot determine']",Is the sofa larger than the bed in the house? A) Yes B) No C) They are equal D) Cannot determine. Answer:,B,Comparison,00275-4dbCzNN5L5t_1.png
00762-33ypawbKCQf,0,Does the ceiling light provide illumination for the entire floor area of the room?,"['Yes, fully', 'Yes, partially', 'No, not at all', 'It depends on the time of day']","Does the ceiling light provide illumination for the entire floor area of the room? A) Yes, fully B) Yes, partially C) No, not at all D) It depends on the time of day. Answer:",A,Relationship,00762-33ypawbKCQf_1.png
00336-uc8QkFS11Hj,0,Is the sofa in the living room larger than the bed in the bedroom?,"['Yes', 'No', 'They are the same size', 'Not possible to determine']",Is the sofa in the living room larger than the bed in the bedroom? A) Yes B) No C) They are the same size D) Not possible to determine. Answer:,A,Comparison,00336-uc8QkFS11Hj_0.png
00132-sWAdxSLVPQC,0,Is the table in the kitchen larger than the dresser in the living room?,"['Yes', 'No', 'They are the same size', 'The dresser is larger']",Is the table in the kitchen larger than the dresser in the living room? A) Yes B) No C) They are the same size D) The dresser is larger. Answer:,B,Comparison,00132-sWAdxSLVPQC_0.png
00373-WPzCkWEorzk,0,Is the blue chair closer to the television than the yellow chair in the room?,"['Yes', 'No', 'Both are equidistant', 'Not enough information']",Is the blue chair closer to the television than the yellow chair in the room? A) Yes B) No C) Both are equidistant D) Not enough information. Answer:,A,Relationship,00373-WPzCkWEorzk_1.png
00270-bDTsgcSK5Qr,0,Is the cabinet taller than the dining table?,"['Yes', 'No', 'They are the same height', 'Cannot be determined']",Is the cabinet taller than the dining table? A) Yes B) No C) They are the same height D) Cannot be determined. Answer:,A,Comparison,00270-bDTsgcSK5Qr_1.png
00681-QE33dvXyf1U,0,Is the wardrobe larger than the dresser in the bedroom?,"['Yes', 'No', 'They are the same size', 'Cannot determine']",Is the wardrobe larger than the dresser in the bedroom? A) Yes B) No C) They are the same size D) Cannot determine. Answer:,A,Comparison,00681-QE33dvXyf1U_1.png
00437-S3BfyR31Wc9,0,Are the chairs in the dining room surrounding the dining table?,"['Yes', 'No', 'Only some chairs', 'There are no chairs']",Are the chairs in the dining room surrounding the dining table? A) Yes B) No C) Only some chairs D) There are no chairs. Answer:,A,Relationship,00437-S3BfyR31Wc9_1.png
00499-q6tn1ZjSsG4,0,Is the dining table bigger than the desk chair in the house?,"['Yes', 'No', 'They are the same size', 'Cannot be determined']",Is the dining table bigger than the desk chair in the house? A) Yes B) No C) They are the same size D) Cannot be determined. Answer:,A,Comparison,00499-q6tn1ZjSsG4_0.png
00608-j2Nms3h9XJv,0,Is the sink closer to the toilet than to the door in the bathroom?,"['Yes', 'No', 'Same distance', 'Cannot determine']",Is the sink closer to the toilet than to the door in the bathroom? A) Yes B) No C) Same distance D) Cannot determine. Answer:,A,Relationship,00608-j2Nms3h9XJv_1.png
00087-YY8rqV6L6rf,0,Does the dining table in the dining room have the same color as the chairs?,"['Yes', 'No', 'Only a few chairs have the same color', 'The chairs and table are not visible']",Does the dining table in the dining room have the same color as the chairs? A) Yes B) No C) Only a few chairs have the same color D) The chairs and table are not visible. Answer:,A,Attribute,00087-YY8rqV6L6rf_0.png
00436-TGVJHgmMGzi,0,Is the door closer than the window in the dining area?,"['Yes', 'No', 'They are equally distant', 'Cannot be determined']",Is the door closer than the window in the dining area? A) Yes B) No C) They are equally distant D) Cannot be determined. Answer:,A,Relationship,00436-TGVJHgmMGzi_1.png
00462-5m6t1y5EvsT,0,Is the shower curtain closer to the mirror than the sink in the bathroom?,"['Yes', 'No', 'They are equidistant', 'Cannot be determined']",Is the shower curtain closer to the mirror than the sink in the bathroom? A) Yes B) No C) They are equidistant D) Cannot be determined. Answer:,A,Relationship,00462-5m6t1y5EvsT_1.png
00269-JNiWU5TZLtt,0,Is there a window visible near every chair in the images?,"['Yes', 'No', 'Only in some images', 'Not sure']",Is there a window visible near every chair in the images? A) Yes B) No C) Only in some images D) Not sure. Answer:,A,Relationship,00269-JNiWU5TZLtt_0.png
00184-nzuiinFMXvf,0,Is the bed in the room made of the same color wood as the floor?,"['Yes', 'No', 'Partially', 'Cannot determine']",Is the bed in the room made of the same color wood as the floor? A) Yes B) No C) Partially D) Cannot determine. Answer:,A,Comparison,00184-nzuiinFMXvf_1.png
00126-dioA6agn1cP,0,Is the TV closer to the window in the bedroom or the living room?,"['Bedroom', 'Living room', 'Both are equidistant', 'Cannot determine']",Is the TV closer to the window in the bedroom or the living room? A) Bedroom B) Living room C) Both are equidistant D) Cannot determine. Answer:,A,Relationship,00126-dioA6agn1cP_0.png
00206-uhkqDVMtEnn,0,Does the door have a similar color to the window frame in the house?,"['Yes', 'No', 'The window frame is darker', 'The door is darker']",Does the door have a similar color to the window frame in the house? A) Yes B) No C) The window frame is darker D) The door is darker. Answer:,A,Comparison,00206-uhkqDVMtEnn_1.png
00497-AeBfp3hTadB,0,Do the windows in the rooms have curtains covering them?,"['Yes, all windows have curtains', 'No, none of the windows have curtains', 'Some windows have curtains, others do not', 'There are no windows in the rooms']","Do the windows in the rooms have curtains covering them? A) Yes, all windows have curtains B) No, none of the windows have curtains C) Some windows have curtains, others do not D) There are no windows in the rooms. Answer:",C,Attribute,00497-AeBfp3hTadB_1.png
00776-qxwfVS8MQ67,0,Does the showerhead appear closer to the ceiling than the toilet in the bathroom?,"['Yes', 'No', 'Same distance', 'Cannot determine']",Does the showerhead appear closer to the ceiling than the toilet in the bathroom? A) Yes B) No C) Same distance D) Cannot determine. Answer:,A,Relationship,00776-qxwfVS8MQ67_0.png
00161-uFCiZVVks57,0,Does the air conditioner face the bed in the bedroom?,"['Yes', 'No', 'Partially', 'Unknown']",Does the air conditioner face the bed in the bedroom? A) Yes B) No C) Partially D) Unknown. Answer:,A,Relationship,00161-uFCiZVVks57_0.png
00079-2ihrkjrbHVf,0,Is the sofa in the living room closer to the windows than the bed in the bedroom?,"['Yes', 'No', 'Both are equidistant', 'Cannot determine']",Is the sofa in the living room closer to the windows than the bed in the bedroom? A) Yes B) No C) Both are equidistant D) Cannot determine. Answer:,A,Relationship,00079-2ihrkjrbHVf_0.png
00306-Y4L8fjz2yH7,0,Are the curtains covering the window in the room with the wooden floor?,"['Yes', 'No', 'Partially', 'The room has no window']",Are the curtains covering the window in the room with the wooden floor? A) Yes B) No C) Partially D) The room has no window. Answer:,C,Relationship,00306-Y4L8fjz2yH7_1.png
00229-cHumXFzhHUR,0,Is the staircase in the room closer to the tables than the entrance?,"['Yes', 'No', 'They are equally distant', 'Not enough information']",Is the staircase in the room closer to the tables than the entrance? A) Yes B) No C) They are equally distant D) Not enough information. Answer:,A,Relationship,00229-cHumXFzhHUR_0.png
00754-EqZacbtdApE,0,Does the stairs share the same color as the wooden floor in the house?,"['Yes', 'No', 'Only in the living room', 'Only in the hallway']",Does the stairs share the same color as the wooden floor in the house? A) Yes B) No C) Only in the living room D) Only in the hallway. Answer:,A,Attribute,00754-EqZacbtdApE_0.png
00459-Ze6tkhg7Wvc,0,Is the ceiling fan located in the same room as the fireplace?,"['Yes', 'No', 'Only partially visible', 'Not enough information']",Is the ceiling fan located in the same room as the fireplace? A) Yes B) No C) Only partially visible D) Not enough information. Answer:,A,Relationship,00459-Ze6tkhg7Wvc_0.png
00673-WpAGGyZFqQj,0,Is the ceiling fan bigger than the table lamp in the living room?,"['Yes', 'No', 'They are the same size', 'Cannot be determined']",Is the ceiling fan bigger than the table lamp in the living room? A) Yes B) No C) They are the same size D) Cannot be determined. Answer:,A,Comparison,00673-WpAGGyZFqQj_0.png
00091-SA759ShSs44,0,Is the sofa closer to a door than the bed in the house?,"['Yes', 'No', 'They are equally close', 'Cannot determine']",Is the sofa closer to a door than the bed in the house? A) Yes B) No C) They are equally close D) Cannot determine. Answer:,A,Comparison,00091-SA759ShSs44_0.png
00381-pmZMJfFd3Jy,0,Is the TV in the living room bigger than the TV in the bedroom?,"['Yes', 'No', 'They are the same size', 'Not enough information to determine']",Is the TV in the living room bigger than the TV in the bedroom? A) Yes B) No C) They are the same size D) Not enough information to determine. Answer:,A,Comparison,00381-pmZMJfFd3Jy_1.png
00159-DfUQLukPMPc,0,Is the window taller than the door in the images?,"['Yes', 'No', 'They are the same height', 'Cannot be determined']",Is the window taller than the door in the images? A) Yes B) No C) They are the same height D) Cannot be determined. Answer:,B,Comparison,00159-DfUQLukPMPc_0.png
00739-MfkErJj6CHF,0,Is the bed larger than the chair in the bedroom?,"['Yes', 'No', 'Both are the same size', 'Cannot be determined']",Is the bed larger than the chair in the bedroom? A) Yes B) No C) Both are the same size D) Cannot be determined. Answer:,A,Comparison,00739-MfkErJj6CHF_0.png
00177-VSxVP19Cdyw,0,Are the sofas arranged closer to the fireplace than the windows in the living room?,"['Yes', 'No', 'Same distance', 'Cannot determine']",Are the sofas arranged closer to the fireplace than the windows in the living room? A) Yes B) No C) Same distance D) Cannot determine. Answer:,A,Relationship,00177-VSxVP19Cdyw_1.png
00787-S9M7ybC5ZHu,0,Does the microwave appear directly above the refrigerator in the kitchen?,"['Yes', 'No', 'They are side-by-side', 'There is no microwave in the kitchen']",Does the microwave appear directly above the refrigerator in the kitchen? A) Yes B) No C) They are side-by-side D) There is no microwave in the kitchen. Answer:,A,Relationship,00787-S9M7ybC5ZHu_1.png
00411-o4tckGBtaxz,0,Is the television in the living room bigger than the refrigerator in the kitchen?,"['Yes', 'No', 'They are the same size', 'Not visible']",Is the television in the living room bigger than the refrigerator in the kitchen? A) Yes B) No C) They are the same size D) Not visible. Answer:,B,Comparison,00411-o4tckGBtaxz_0.png
00256-92vYG1q49FY,0,Is the bed closer to the bathroom sink than the dining table?,"['Yes', 'No', 'They are equally distant', 'Cannot determine']",Is the bed closer to the bathroom sink than the dining table? A) Yes B) No C) They are equally distant D) Cannot determine. Answer:,A,Relationship,00256-92vYG1q49FY_1.png
00718-ASKXmHbw68X,0,Does the table in the kitchen have the same number of chairs around it as there are chairs in the living room?,"['Yes', 'No', 'There are no chairs in the living room', 'There are no chairs in the kitchen']",Does the table in the kitchen have the same number of chairs around it as there are chairs in the living room? A) Yes B) No C) There are no chairs in the living room D) There are no chairs in the kitchen. Answer:,A,Comparison,00718-ASKXmHbw68X_1.png
00582-TYDavTf8oyy,0,Is the treadmill closer to a window than the television in the house?,"['Yes', 'No', 'They are equally distant', 'Cannot be determined']",Is the treadmill closer to a window than the television in the house? A) Yes B) No C) They are equally distant D) Cannot be determined. Answer:,A,Comparison,00582-TYDavTf8oyy_0.png
00147-TZ2jsvNG2nt,0,Is the kitchen counter closer to the stove than the dining table is to the stove?,"['Yes', 'No', 'They are equidistant', 'Cannot determine']",Is the kitchen counter closer to the stove than the dining table is to the stove? A) Yes B) No C) They are equidistant D) Cannot determine. Answer:,A,Relationship,00147-TZ2jsvNG2nt_0.png
00078-nJTPfwbAj4S,0,Is the bed closer to the lamp in the bedroom than the mirror in the hallway is to the lamp in the hallway?,"['Yes', 'No', 'They are equally distant', 'Not enough information']",Is the bed closer to the lamp in the bedroom than the mirror in the hallway is to the lamp in the hallway? A) Yes B) No C) They are equally distant D) Not enough information. Answer:,A,Relationship,00078-nJTPfwbAj4S_0.png
00226-8mXffaQTtmP,0,Are the curtains closer to the sofa in the living room compared to the dining room?,"['Yes', 'No', 'Both are equidistant', 'Not applicable']",Are the curtains closer to the sofa in the living room compared to the dining room? A) Yes B) No C) Both are equidistant D) Not applicable. Answer:,A,Relationship,00226-8mXffaQTtmP_1.png
00377-Fgtk7tL8R9Y,0,Is the bookshelf closer to the plant than the sofa in the living room?,"['Yes', 'No', 'The plant and sofa are equidistant', 'Cannot Determine']",Is the bookshelf closer to the plant than the sofa in the living room? A) Yes B) No C) The plant and sofa are equidistant D) Cannot Determine. Answer:,A,Relationship,00377-Fgtk7tL8R9Y_1.png
00849-a8BtkwhxdRV,0,Do the door and the wall share the same color?,"['Yes', 'No', 'They are partially the same color', 'It cannot be determined']",Do the door and the wall share the same color? A) Yes B) No C) They are partially the same color D) It cannot be determined. Answer:,B,Attribute,00849-a8BtkwhxdRV_0.png
00347-bwoBmU23M2N,0,Does the fan share the same ceiling color in all rooms?,"['Yes, all rooms have the same ceiling color', 'No, the ceiling colors vary across rooms', 'There is no fan in one of the rooms', 'The ceiling colors are not visible']","Does the fan share the same ceiling color in all rooms? A) Yes, all rooms have the same ceiling color B) No, the ceiling colors vary across rooms C) There is no fan in one of the rooms D) The ceiling colors are not visible. Answer:",A,Comparison,00347-bwoBmU23M2N_1.png
00589-NS5SeGunqiK,0,Is the countertop color similar to the cabinet color in the kitchen?,"['Yes', 'No', 'Cannot tell', 'They are identical']",Is the countertop color similar to the cabinet color in the kitchen? A) Yes B) No C) Cannot tell D) They are identical. Answer:,A,Attribute,00589-NS5SeGunqiK_0.png
00330-WhNyDTnd9g5,0,Is the bed larger than the dresser in the bedroom?,"['Yes', 'No', 'They are the same size', 'Cannot determine']",Is the bed larger than the dresser in the bedroom? A) Yes B) No C) They are the same size D) Cannot determine. Answer:,A,Comparison,00330-WhNyDTnd9g5_0.png
00550-k3ohRuM6bso,0,Is the fan located in a room with a wooden floor?,"['Yes', 'No', 'Only partially', 'Not visible']",Is the fan located in a room with a wooden floor? A) Yes B) No C) Only partially D) Not visible. Answer:,A,Relationship,00550-k3ohRuM6bso_1.png
00246-mscxX4KEBcB,0,Does the curtain cover the entire window in the room?,"['Yes', 'No', 'Partially', 'Not Sure']",Does the curtain cover the entire window in the room? A) Yes B) No C) Partially D) Not Sure. Answer:,C,Relationship,00246-mscxX4KEBcB_1.png
00578-dTzYwo8Hppu,0,Does the office hallway have a wall mural of a mountain landscape?,"['Yes', 'No', 'Not sure', 'None of the above']",Does the office hallway have a wall mural of a mountain landscape? A) Yes B) No C) Not sure D) None of the above. Answer:,A,Attribute,00578-dTzYwo8Hppu_1.png
00703-xvDx98avcwd,0,Is the door closer to the dresser in the room?,"['Yes', 'No', 'Not visible', 'Can’t tell']",Is the door closer to the dresser in the room? A) Yes B) No C) Not visible D) Can’t tell. Answer:,A,Relationship,00703-xvDx98avcwd_0.png
00061-duthTPisf28,0,Is the door longer or shorter than the window in the rooms shown?,"['Longer', 'Shorter', 'Same length', 'Cannot determine']",Is the door longer or shorter than the window in the rooms shown? A) Longer B) Shorter C) Same length D) Cannot determine. Answer:,A,Comparison,00061-duthTPisf28_0.png
00434-L5QEsaVqwrY,0,Is the bathtub farther from the shower than the sink in the bathroom?,"['Yes', 'No', 'They are equidistant', 'Not enough information']",Is the bathtub farther from the shower than the sink in the bathroom? A) Yes B) No C) They are equidistant D) Not enough information. Answer:,A,Comparison,00434-L5QEsaVqwrY_0.png
00879-7Ukhou1GxYi,0,Is the dreamcatcher closer to the ceiling than the bed in the house?,"['Yes', 'No', 'They are at the same height', 'The height cannot be determined']",Is the dreamcatcher closer to the ceiling than the bed in the house? A) Yes B) No C) They are at the same height D) The height cannot be determined. Answer:,A,Relationship,00879-7Ukhou1GxYi_1.png
00784-pYGGNqSbHp1,0,Is the chandelier closer to the door in the third room than in the fourth room?,"['Yes', 'No', 'They are equally distant', 'Not enough information']",Is the chandelier closer to the door in the third room than in the fourth room? A) Yes B) No C) They are equally distant D) Not enough information. Answer:,A,Comparison,00784-pYGGNqSbHp1_0.png
00801-HaxA7YrQdEC,0,Does the staircase appear closer to the chair in the house?,"['Yes', 'No', 'They are equally close', 'Cannot determine']",Does the staircase appear closer to the chair in the house? A) Yes B) No C) They are equally close D) Cannot determine. Answer:,A,Relationship,00801-HaxA7YrQdEC_0.png
00263-GGBvSFddQgs,0,Is the door wider than the window in the dining room?,"['Yes', 'No', 'Same width', 'Cannot be determined']",Is the door wider than the window in the dining room? A) Yes B) No C) Same width D) Cannot be determined. Answer:,B,Comparison,00263-GGBvSFddQgs_1.png
005831wypxmRjuUR,0,Are the curtains in the living room closer to the window than the toilet paper holder is to the toilet in the bathroom?,"['Yes', 'No', 'They are at the same distance', 'Only the toilet is closer']",Are the curtains in the living room closer to the window than the toilet paper holder is to the toilet in the bathroom? A) Yes B) No C) They are at the same distance D) Only the toilet is closer. Answer:,A,Relationship,005831wypxmRjuUR_1.png
00069-Y8Y6ukxGMvn,0,Is the dining table closer to the grand piano than the gong in the room?,"['Yes', 'No', 'They are equidistant', 'Cannot determine']",Is the dining table closer to the grand piano than the gong in the room? A) Yes B) No C) They are equidistant D) Cannot determine. Answer:,A,Comparison,00069-Y8Y6ukxGMvn_1.png
00099-226REUyJh2K,0,Do the curtains and blinds serve a similar purpose in the rooms?,"['Yes', 'No', 'Only the blinds do', 'Only the curtains do']",Do the curtains and blinds serve a similar purpose in the rooms? A) Yes B) No C) Only the blinds do D) Only the curtains do. Answer:,A,Relationship,00099-226REUyJh2K_0.png
00856-FnSn2KSrALj,0,Is the mirror farther from the chair than the bed in the room?,"['Yes', 'No', 'They are at the same distance', 'Cannot determine from the image']",Is the mirror farther from the chair than the bed in the room? A) Yes B) No C) They are at the same distance D) Cannot determine from the image. Answer:,A,Comparison,00856-FnSn2KSrALj_1.png
00721-YGc1h9nNrJP,0,Is the bed closer to the lamp than the window in the room?,"['Yes', 'No', 'Both are equidistant', 'The distance cannot be determined']",Is the bed closer to the lamp than the window in the room? A) Yes B) No C) Both are equidistant D) The distance cannot be determined. Answer:,A,Relationship,00721-YGc1h9nNrJP_0.png
00519-aNri5Gh1ZTE,0,Is the window closer to the floor than the door in the dining room?,"['Yes', 'No', 'They are at the same height', 'Not enough information']",Is the window closer to the floor than the door in the dining room? A) Yes B) No C) They are at the same height D) Not enough information. Answer:,B,Comparison,00519-aNri5Gh1ZTE_1.png
00362-o94q92w5PK5,0,Is the bed in the bedroom larger than the sofa in the living room?,"['Yes', 'No', 'About the same size', 'Cannot determine']",Is the bed in the bedroom larger than the sofa in the living room? A) Yes B) No C) About the same size D) Cannot determine. Answer:,A,Comparison,00362-o94q92w5PK5_0.png
00428-vPoFkhqsJaf,0,Is the fireplace closer to the television than the couch in the living room?,"['Yes', 'No', 'They are the same distance', 'Cannot determine']",Is the fireplace closer to the television than the couch in the living room? A) Yes B) No C) They are the same distance D) Cannot determine. Answer:,A,Relationship,00428-vPoFkhqsJaf_1.png
00792-4tdJ3qe1x7P,0,Does the window appear covered by a curtain?,"['Yes', 'No', 'Partially', 'Not visible']",Does the window appear covered by a curtain? A) Yes B) No C) Partially D) Not visible. Answer:,A,Relationship,00792-4tdJ3qe1x7P_0.png
005731zDbEdygBeW,0,Is the exercise bike in the same room as the dining table?,"['Yes', 'No', 'Sometimes', 'Unknown']",Is the exercise bike in the same room as the dining table? A) Yes B) No C) Sometimes D) Unknown. Answer:,B,Relationship,005731zDbEdygBeW_0.png
00026-tzaZQQmUVXZ,0,Are the curtains the same color as the sliding door in the room with the sofa?,"['Yes', 'No', 'Partly', 'Unsure']",Are the curtains the same color as the sliding door in the room with the sofa? A) Yes B) No C) Partly D) Unsure. Answer:,B,Attribute,00026-tzaZQQmUVXZ_0.png
00322-7Xp37y8DpSv,0,Does the sofa share the same color as the curtain in the living room?,"['Yes', 'No', 'Only partially', 'They are similar']",Does the sofa share the same color as the curtain in the living room? A) Yes B) No C) Only partially D) They are similar. Answer:,B,Comparison,00322-7Xp37y8DpSv_1.png
00056-kdw2Uapns3b,0,Is the staircase closer to the dining table than the nearest chair in the house?,"['Yes', 'No', 'They are equally close', 'Cannot determine']",Is the staircase closer to the dining table than the nearest chair in the house? A) Yes B) No C) They are equally close D) Cannot determine. Answer:,B,Relationship,00056-kdw2Uapns3b_1.png
00446-tL6i2PtktSh,0,Is the sofa closer to the table than the television in the living room?,"['Yes', 'No', 'Both are equally close', 'Cannot determine']",Is the sofa closer to the table than the television in the living room? A) Yes B) No C) Both are equally close D) Cannot determine. Answer:,A,Relationship,00446-tL6i2PtktSh_1.png
00220-KAzjXJvZtR3,0,Is the clock in the kitchen visible before the garage door is accessible?,"['Yes', 'No', 'Only partially', 'Depends on the angle']",Is the clock in the kitchen visible before the garage door is accessible? A) Yes B) No C) Only partially D) Depends on the angle. Answer:,A,Relationship,00220-KAzjXJvZtR3_1.png
00338-rK4jPRTUw15,0,Is the sofa closer in color to white compared to the bed?,"['Yes', 'No', 'They are the same color', 'Neither are close to white']",Is the sofa closer in color to white compared to the bed? A) Yes B) No C) They are the same color D) Neither are close to white. Answer:,A,Comparison,00338-rK4jPRTUw15_0.png
00375-kubNyvKJBUX,0,Is the staircase closer to the dining table than the TV in the living room?,"['Yes', 'No', 'They are equally distant', 'Cannot determine']",Is the staircase closer to the dining table than the TV in the living room? A) Yes B) No C) They are equally distant D) Cannot determine. Answer:,A,Relationship,00375-kubNyvKJBUX_1.png
00852-T6nG3E2Uui9,0,Do the blinds cover the entire window in the image with the dresser?,"['Yes', 'No', 'Partially', 'Blinds are not present']",Do the blinds cover the entire window in the image with the dresser? A) Yes B) No C) Partially D) Blinds are not present. Answer:,C,Attribute,00852-T6nG3E2Uui9_1.png
00705-2XVvKEDd54w,0,Is the sofa closer to the fireplace than the television in the living room?,"['Yes', 'No', 'They are equally close', 'Cannot determine']",Is the sofa closer to the fireplace than the television in the living room? A) Yes B) No C) They are equally close D) Cannot determine. Answer:,A,Relationship,00705-2XVvKEDd54w_1.png
00864-QHhQZWdMpGJ,0,Is the bed closer to the curtain in the bedroom or the curtain in the sunroom?,"['Curtain in the bedroom', 'Curtain in the sunroom', 'Same distance', 'Cannot be determined']",Is the bed closer to the curtain in the bedroom or the curtain in the sunroom? A) Curtain in the bedroom B) Curtain in the sunroom C) Same distance D) Cannot be determined. Answer:,A,Relationship,00864-QHhQZWdMpGJ_1.png
0008316tymPtM7uS,0,Are the curtains in the living room similar in color to the chairs?,"['Yes, they are the same color', 'No, they are different colors', 'Only one chair matches the curtains', 'The curtains are multi-colored']","Are the curtains in the living room similar in color to the chairs? A) Yes, they are the same color B) No, they are different colors C) Only one chair matches the curtains D) The curtains are multi-colored. Answer:",A,Attribute,0008316tymPtM7uS_0.png
00326-u9rPN5cHWBg,0,Does the curtain cover part of the window in the house?,"['Yes', 'No', 'Only partially', 'Not visible']",Does the curtain cover part of the window in the house? A) Yes B) No C) Only partially D) Not visible. Answer:,A,Relationship,00326-u9rPN5cHWBg_0.png
00564-hXHUtviUKBu,0,Is the washing machine closer to the door than the dryer in the laundry room?,"['Yes', 'No', 'They are equidistant', 'Impossible to determine']",Is the washing machine closer to the door than the dryer in the laundry room? A) Yes B) No C) They are equidistant D) Impossible to determine. Answer:,A,Attribute,00564-hXHUtviUKBu_0.png
00064-gQgtJ9Stk5s,0,Is the hallway longer than the door in the image?,"['Yes', 'No', 'Cannot determine', 'They are the same']",Is the hallway longer than the door in the image? A) Yes B) No C) Cannot determine D) They are the same. Answer:,A,Attribute,00064-gQgtJ9Stk5s_1.png
00246-mscxX4KEBcB,0,Does the toilet appear closer to the bidet in the bathroom than the bed is to the bookshelf in the bedroom?,"['Yes', 'No', 'They are equidistant', 'Cannot determine']",Does the toilet appear closer to the bidet in the bathroom than the bed is to the bookshelf in the bedroom? A) Yes B) No C) They are equidistant D) Cannot determine. Answer:,A,Comparison,00246-mscxX4KEBcB_0.png
00066-nHHVbEyHX3t,0,Do the model boats in the living room appear closer to the entrance than the dining table in the dining area?,"['Yes', 'No', 'They are equally close', 'Cannot determine']",Do the model boats in the living room appear closer to the entrance than the dining table in the dining area? A) Yes B) No C) They are equally close D) Cannot determine. Answer:,B,Relationship,00066-nHHVbEyHX3t_1.png
00349-p32JzpQyhPk,0,Is the bed larger than the chair in the house?,"['Yes', 'No', 'Similar size', 'Cannot determine']",Is the bed larger than the chair in the house? A) Yes B) No C) Similar size D) Cannot determine. Answer:,A,Comparison,00349-p32JzpQyhPk_1.png
00302-JFgrz9MNz4b,0,Is the washing machine in the laundry room bigger than the dishwasher in the kitchen?,"['Yes', 'No', 'Same size', 'Cannot determine']",Is the washing machine in the laundry room bigger than the dishwasher in the kitchen? A) Yes B) No C) Same size D) Cannot determine. Answer:,A,Comparison,00302-JFgrz9MNz4b_1.png
00237-BW1f54ZNVW6,0,Does the painting share the same room as the flower vase?,"['Yes', 'No', 'Not sure', 'None of the above']",Does the painting share the same room as the flower vase? A) Yes B) No C) Not sure D) None of the above. Answer:,A,Relationship,00237-BW1f54ZNVW6_0.png
00783-J9adB1bm54A,0,Is the door farther from the window in the house?,"['Yes', 'No', 'They are at the same distance', 'Cannot determine']",Is the door farther from the window in the house? A) Yes B) No C) They are at the same distance D) Cannot determine. Answer:,A,Relationship,00783-J9adB1bm54A_0.png
00182-qWP3MMQM3eJ,0,Is the color of the bed similar to the color of the curtains in the bedroom?,"['Yes', 'No', 'The bed is darker', 'The curtains are white']",Is the color of the bed similar to the color of the curtains in the bedroom? A) Yes B) No C) The bed is darker D) The curtains are white. Answer:,B,Attribute,00182-qWP3MMQM3eJ_0.png
00150-LcAd9dhvVwh,0,Is the sofa in the living room longer than the bed in the bedroom?,"['Yes', 'No', 'They are the same length', 'Not enough information']",Is the sofa in the living room longer than the bed in the bedroom? A) Yes B) No C) They are the same length D) Not enough information. Answer:,D,Comparison,00150-LcAd9dhvVwh_0.png
00733-GtM3JtRvvvR,0,Does the mirror have the same frame style as the picture?,"['Yes', 'No', 'Only the color is the same', 'Only the design is the same']",Does the mirror have the same frame style as the picture? A) Yes B) No C) Only the color is the same D) Only the design is the same. Answer:,B,Attribute,00733-GtM3JtRvvvR_0.png
00564-hXHUtviUKBu,0,Is the dresser in the same room as the bed?,"['Yes', 'No', 'Maybe', 'Not enough information']",Is the dresser in the same room as the bed? A) Yes B) No C) Maybe D) Not enough information. Answer:,A,Relationship,00564-hXHUtviUKBu_1.png
00759-8iCxzGNmp4g,0,Do the kitchen cabinets share the same color as the hallway doors?,"['Yes', 'No', 'Only slightly', 'They are identical']",Do the kitchen cabinets share the same color as the hallway doors? A) Yes B) No C) Only slightly D) They are identical. Answer:,A,Comparison,00759-8iCxzGNmp4g_1.png
00867-uLz9jNga3kC,0,Do the color of the bed and the curtains in the room match?,"['Yes, they match exactly', 'No, they have different colors', 'The bed is darker', 'The curtains are darker']","Do the color of the bed and the curtains in the room match? A) Yes, they match exactly B) No, they have different colors C) The bed is darker D) The curtains are darker. Answer:",C,Comparison,00867-uLz9jNga3kC_1.png
00514-9DnDAhJ7qcj,0,Is the beam in the attic closer to the ceiling compared to the beams in the living room?,"['Yes', 'No', 'They are equidistant', 'Cannot be determined']",Is the beam in the attic closer to the ceiling compared to the beams in the living room? A) Yes B) No C) They are equidistant D) Cannot be determined. Answer:,A,Comparison,00514-9DnDAhJ7qcj_0.png
00535-XKqDR74W1JU,0,Is the door closer to the window in the image with the wooden floor than in the image with the white hallway?,"['Yes', 'No', 'Both are equidistant', 'Not visible']",Is the door closer to the window in the image with the wooden floor than in the image with the white hallway? A) Yes B) No C) Both are equidistant D) Not visible. Answer:,B,Relationship,00535-XKqDR74W1JU_0.png
00220-KAzjXJvZtR3,0,Does the door open into the garage?,"['Yes', 'No', 'There is no door', 'The door is locked']",Does the door open into the garage? A) Yes B) No C) There is no door D) The door is locked. Answer:,B,Relationship,00220-KAzjXJvZtR3_0.png
00840-z9YwN9M8FpG,0,Is the microwave larger or smaller than the grandfather clock?,"['Larger', 'Smaller', 'Same size', 'Cannot determine']",Is the microwave larger or smaller than the grandfather clock? A) Larger B) Smaller C) Same size D) Cannot determine. Answer:,B,Comparison,00840-z9YwN9M8FpG_1.png
00769-F1Vhvu3osn6,0,Is the color of the couch similar to the dominant colors in the painting?,"['Yes', 'No', 'Partially', 'Not enough information']",Is the color of the couch similar to the dominant colors in the painting? A) Yes B) No C) Partially D) Not enough information. Answer:,B,Comparison,00769-F1Vhvu3osn6_1.png
00577-kdFEfVoT1WE,0,Is the fireplace taller than the television in the room?,"['Yes', 'No', 'They are the same height', 'The television is taller']",Is the fireplace taller than the television in the room? A) Yes B) No C) They are the same height D) The television is taller. Answer:,A,Comparison,00577-kdFEfVoT1WE_0.png
00152-EgzWe8N3jZG,0,Is the door wider than the window?,"['Yes', 'No', 'They are the same width', 'It is unclear']",Is the door wider than the window? A) Yes B) No C) They are the same width D) It is unclear. Answer:,D,Comparison,00152-EgzWe8N3jZG_0.png
00289-wz9FcGhrndc,0,Does the bedroom share the same flooring type as the balcony?,"['Yes', 'No', 'Only in some parts', 'There is no flooring']",Does the bedroom share the same flooring type as the balcony? A) Yes B) No C) Only in some parts D) There is no flooring. Answer:,B,Comparison,00289-wz9FcGhrndc_1.png
00883-u8ug2rtNARf,0,Are the curtains and the sofa in the living room complementary in color?,"['Yes', 'No', 'Only the curtains are complementary', 'Only the sofa is complementary']",Are the curtains and the sofa in the living room complementary in color? A) Yes B) No C) Only the curtains are complementary D) Only the sofa is complementary. Answer:,A,Relationship,00883-u8ug2rtNARf_1.png
00816-q3hn1WQ12rz,0,Is the pillow more colorful than the rug in the room?,"['Yes', 'No', 'They are equally colorful', 'The rug is more colorful']",Is the pillow more colorful than the rug in the room? A) Yes B) No C) They are equally colorful D) The rug is more colorful. Answer:,A,Comparison,00816-q3hn1WQ12rz_1.png
00691-MyxM6trMBUH,0,Is the kitchen cabinet made of the same material as the wooden door in the house?,"['Yes', 'No', 'Partially', 'Cannot Tell']",Is the kitchen cabinet made of the same material as the wooden door in the house? A) Yes B) No C) Partially D) Cannot Tell. Answer:,A,Attribute,00691-MyxM6trMBUH_1.png
00631-v3tsKAPVLJS,0,Is the couch in the living room closer to the window than the bed in the bedroom?,"['Yes', 'No', 'Both are equidistant', 'Cannot determine']",Is the couch in the living room closer to the window than the bed in the bedroom? A) Yes B) No C) Both are equidistant D) Cannot determine. Answer:,A,Comparison,00631-v3tsKAPVLJS_1.png
00725-5uXtMs57HmZ,0,Does the ceiling share the same material as the floor in the rooms?,"['Yes, all do', 'No, none do', 'Only one does', 'Two of them do']","Does the ceiling share the same material as the floor in the rooms? A) Yes, all do B) No, none do C) Only one does D) Two of them do. Answer:",B,Comparison,00725-5uXtMs57HmZ_1.png
00241-h6nwVLpAKQz,0,Is the sofa closer to the fireplace than the dining table in the living room?,"['Yes', 'No', 'They are equidistant', 'Cannot determine']",Is the sofa closer to the fireplace than the dining table in the living room? A) Yes B) No C) They are equidistant D) Cannot determine. Answer:,A,Relationship,00241-h6nwVLpAKQz_1.png
00562-kCHmLFfMDuE,0,Is the clothing rack larger than the dresser in the space?,"['Yes', 'No', 'Same size', 'Cannot determine']",Is the clothing rack larger than the dresser in the space? A) Yes B) No C) Same size D) Cannot determine. Answer:,A,Comparison,00562-kCHmLFfMDuE_1.png
00708-eUJx9a4u63E,0,Is the bathtub in the bathroom bigger or smaller than the bed in the bedroom?,"['Bigger', 'Smaller', 'Same size', 'Cannot be determined']",Is the bathtub in the bathroom bigger or smaller than the bed in the bedroom? A) Bigger B) Smaller C) Same size D) Cannot be determined. Answer:,B,Comparison,00708-eUJx9a4u63E_0.png
00441-4MRLu1yET6a,0,Is the fireplace closer to the piano than to the window in the living room?,"['Yes', 'No', 'Fireplace and piano are equally close to the window', 'Cannot determine']",Is the fireplace closer to the piano than to the window in the living room? A) Yes B) No C) Fireplace and piano are equally close to the window D) Cannot determine. Answer:,B,Relationship,00441-4MRLu1yET6a_0.png
00438-XvJjCZv6SYp,0,Is the couch in the living room bigger than each of the dining chairs in the dining area?,"['Yes', 'No', 'Same size', 'Not enough information']",Is the couch in the living room bigger than each of the dining chairs in the dining area? A) Yes B) No C) Same size D) Not enough information. Answer:,A,Comparison,00438-XvJjCZv6SYp_0.png
00018-as8Y8AYx6yW,0,Are the chairs matching in color with the table in the dining room?,"['Yes', 'No', 'Some of them', 'Not visible']",Are the chairs matching in color with the table in the dining room? A) Yes B) No C) Some of them D) Not visible. Answer:,A,Attribute,00018-as8Y8AYx6yW_1.png
00486-WypGcNbCdsH,0,Are there more chairs than tables in the room?,"['Yes', 'No', 'Same number', 'Cannot determine']",Are there more chairs than tables in the room? A) Yes B) No C) Same number D) Cannot determine. Answer:,A,Comparison,00486-WypGcNbCdsH_0.png
00476-NtnvZSMK3en,0,Is the bed closer to the window in the top-left room or the bottom-left room?,"['Top-left room', 'Bottom-left room', 'Both are equidistant', 'Cannot determine']",Is the bed closer to the window in the top-left room or the bottom-left room? A) Top-left room B) Bottom-left room C) Both are equidistant D) Cannot determine. Answer:,B,Comparison,00476-NtnvZSMK3en_1.png
00745-yX5efd48dLf,0,Does the fireplace reflect in the mirror in the room?,"['Yes', 'No', 'Partially', 'Not visible']",Does the fireplace reflect in the mirror in the room? A) Yes B) No C) Partially D) Not visible. Answer:,A,Relationship,00745-yX5efd48dLf_0.png
00104-KJxdMPgweZG,0,Is the sofa longer than the coffee table in the living room?,"['Yes', 'No', 'They are the same length', 'Cannot be determined']",Is the sofa longer than the coffee table in the living room? A) Yes B) No C) They are the same length D) Cannot be determined. Answer:,A,Comparison,00104-KJxdMPgweZG_1.png
00856-FnSn2KSrALj,0,Are the beam and floor made of the same material in these rooms?,"['Yes', 'No', 'Only in one room', 'Cannot be determined']",Are the beam and floor made of the same material in these rooms? A) Yes B) No C) Only in one room D) Cannot be determined. Answer:,A,Attribute,00856-FnSn2KSrALj_0.png
00202-yVbpFay8gTU,0,Is the microwave positioned above the oven in the kitchen?,"['Yes', 'No', 'They are side by side', 'The microwave is below the oven']",Is the microwave positioned above the oven in the kitchen? A) Yes B) No C) They are side by side D) The microwave is below the oven. Answer:,A,Relationship,00202-yVbpFay8gTU_0.png
00822-nrA1tAA17Yp,0,Does the fireplace share the same wall with the mirror in the house?,"['Yes', 'No', 'Only partially', 'They are not in the same room']",Does the fireplace share the same wall with the mirror in the house? A) Yes B) No C) Only partially D) They are not in the same room. Answer:,B,Relationship,00822-nrA1tAA17Yp_0.png
00206-uhkqDVMtEnn,0,Is the door the same color as the cabinet?,"['Yes', 'No', ""There's no door"", ""There's no cabinet""]",Is the door the same color as the cabinet? A) Yes B) No C) There's no door D) There's no cabinet. Answer:,B,Attribute,00206-uhkqDVMtEnn_0.png
00520-LpFSk2s7me6,0,Is the radiator closer to the bed in the house compared to its distance from the staircase?,"['Yes', 'No', 'They are equidistant', 'Cannot be determined']",Is the radiator closer to the bed in the house compared to its distance from the staircase? A) Yes B) No C) They are equidistant D) Cannot be determined. Answer:,B,Relationship,00520-LpFSk2s7me6_0.png
00046-UQ5EhY5wve1,0,Is the color of the sofa more similar to the bed or the wall in the bedroom?,"['Bed', 'Wall', 'Neither', 'Both']",Is the color of the sofa more similar to the bed or the wall in the bedroom? A) Bed B) Wall C) Neither D) Both. Answer:,A,Comparison,00046-UQ5EhY5wve1_0.png
00064-gQgtJ9Stk5s,0,Is the piano bigger than the refrigerator in the house?,"['Yes', 'No', 'Same size', 'Cannot Determine']",Is the piano bigger than the refrigerator in the house? A) Yes B) No C) Same size D) Cannot Determine. Answer:,B,Comparison,00064-gQgtJ9Stk5s_0.png
00691-MyxM6trMBUH,0,Is the mirror wider than the window in the house?,"['Yes', 'No', 'Same width', 'Cannot compare']",Is the mirror wider than the window in the house? A) Yes B) No C) Same width D) Cannot compare. Answer:,B,Comparison,00691-MyxM6trMBUH_0.png
00662-aRKASs4e8j1,0,Is the sink closer than the trash can to the whiteboard in the room?,"['Yes', 'No', 'Both are equidistant', 'There is no whiteboard']",Is the sink closer than the trash can to the whiteboard in the room? A) Yes B) No C) Both are equidistant D) There is no whiteboard. Answer:,A,Relationship,00662-aRKASs4e8j1_0.png
00422-8wJuSPJ9FXG,0,Is the cabinet closer to the refrigerator than the dining table in the kitchen?,"['Yes', 'No', 'Both are equidistant', 'Cannot determine']",Is the cabinet closer to the refrigerator than the dining table in the kitchen? A) Yes B) No C) Both are equidistant D) Cannot determine. Answer:,A,Relationship,00422-8wJuSPJ9FXG_1.png
00018-as8Y8AYx6yW,0,Does the treadmill appear closer to the wall than the dumbbells in the gym room?,"['Yes', 'No', 'Both are equidistant', 'Cannot determine']",Does the treadmill appear closer to the wall than the dumbbells in the gym room? A) Yes B) No C) Both are equidistant D) Cannot determine. Answer:,A,Relationship,00018-as8Y8AYx6yW_0.png
00406-n2Tt2eJdqnT,0,Is the dining table closer to the kitchen or the couch in the room?,"['Kitchen', 'Couch', 'Both equidistant', 'Neither is present']",Is the dining table closer to the kitchen or the couch in the room? A) Kitchen B) Couch C) Both equidistant D) Neither is present. Answer:,A,Relationship,00406-n2Tt2eJdqnT_0.png
00236-FcUgaJv6JHA,0,Is the bed closer to the door than any other furniture in the bedroom?,"['Yes', 'No', 'Depends on the angle', 'Not visible']",Is the bed closer to the door than any other furniture in the bedroom? A) Yes B) No C) Depends on the angle D) Not visible. Answer:,A,Relationship,00236-FcUgaJv6JHA_0.png
00136-z8SrvZ4eyqV,0,Is the sink closer to a window than the bathtub in the bathroom?,"['Yes', 'No', 'They are equidistant', 'The bathroom has no window']",Is the sink closer to a window than the bathtub in the bathroom? A) Yes B) No C) They are equidistant D) The bathroom has no window. Answer:,B,Relationship,00136-z8SrvZ4eyqV_0.png
00447-5RtSdesLuHt,0,Are the white cabinet and chairs in the same room?,"['Yes', 'No', 'Not visible', 'Depends on the room']",Are the white cabinet and chairs in the same room? A) Yes B) No C) Not visible D) Depends on the room. Answer:,B,Relationship,00447-5RtSdesLuHt_0.png
00072-t8wCA6Qe8uT,0,Is the crib closer to the window than the dresser in the nursery?,"['Yes', 'No', 'Both are equally distant', 'Cannot tell']",Is the crib closer to the window than the dresser in the nursery? A) Yes B) No C) Both are equally distant D) Cannot tell. Answer:,A,Comparison,00072-t8wCA6Qe8uT_1.png
00470-udze1CSof5C,0,Does the mirror in the bedroom have a darker frame than the mirror in the bathroom?,"['Yes', 'No', 'They have the same color frame', 'There is no mirror in the bathroom']",Does the mirror in the bedroom have a darker frame than the mirror in the bathroom? A) Yes B) No C) They have the same color frame D) There is no mirror in the bathroom. Answer:,A,Comparison,00470-udze1CSof5C_1.png
00239-b3CuYvwpzZv,0,Does the dining table have the same wood finish as the kitchen cabinet?,"['Yes', 'No', 'Only the table is darker', 'Only the cabinet is darker']",Does the dining table have the same wood finish as the kitchen cabinet? A) Yes B) No C) Only the table is darker D) Only the cabinet is darker. Answer:,B,Comparison,00239-b3CuYvwpzZv_0.png
00503-aqx6EomMgTf,0,Does the painting have a more intricate design than the mirror?,"['Yes', 'No', 'They have similar designs', 'It is hard to tell']",Does the painting have a more intricate design than the mirror? A) Yes B) No C) They have similar designs D) It is hard to tell. Answer:,A,Attribute,00503-aqx6EomMgTf_0.png
00028-xGnehmjiCSA,0,Is the sofa farther from the television than the coffee table in the living room?,"['Yes', 'No', 'They are equidistant', 'Cannot determine']",Is the sofa farther from the television than the coffee table in the living room? A) Yes B) No C) They are equidistant D) Cannot determine. Answer:,B,Comparison,00028-xGnehmjiCSA_1.png
00286-UbsJXeCkJBA,0,Is the door closer to the refrigerator than it is to the stairs?,"['Yes', 'No', 'They are equally distant', 'Not enough information']",Is the door closer to the refrigerator than it is to the stairs? A) Yes B) No C) They are equally distant D) Not enough information. Answer:,B,Relationship,00286-UbsJXeCkJBA_1.png
00334-hkmLgL6jrP8,0,Is the plant located closer to the balcony door than the chair on the balcony?,"['Yes', 'No', 'They are equidistant', 'One is out of view']",Is the plant located closer to the balcony door than the chair on the balcony? A) Yes B) No C) They are equidistant D) One is out of view. Answer:,A,Relationship,00334-hkmLgL6jrP8_1.png
00873-bxsVRursffK,0,Does the fireplace have a similar color to the artwork in the living room?,"['Yes', 'No', 'Only partially', 'They are the same color']",Does the fireplace have a similar color to the artwork in the living room? A) Yes B) No C) Only partially D) They are the same color. Answer:,A,Comparison,00873-bxsVRursffK_0.png
00897-LEFTm3JecaC,0,Do the curtains have the same color as the window blinds?,"['Yes', 'No', 'Only the curtains are white', 'Only the blinds are white']",Do the curtains have the same color as the window blinds? A) Yes B) No C) Only the curtains are white D) Only the blinds are white. Answer:,A,Attribute,00897-LEFTm3JecaC_0.png
00147-TZ2jsvNG2nt,0,Is the door closer to the floor compared to the window in the house?,"['Yes', 'No', 'Both are at the same height', 'Cannot determine']",Is the door closer to the floor compared to the window in the house? A) Yes B) No C) Both are at the same height D) Cannot determine. Answer:,A,Comparison,00147-TZ2jsvNG2nt_1.png
00823-7MXmsvcQjpJ,0,Is the window closer to the bookshelf in the first room?,"['Yes', 'No', 'The same distance', 'Cannot be determined']",Is the window closer to the bookshelf in the first room? A) Yes B) No C) The same distance D) Cannot be determined. Answer:,A,Relationship,00823-7MXmsvcQjpJ_1.png
00072-t8wCA6Qe8uT,0,Is the bed longer than the pillow in the bedroom?,"['Yes', 'No', 'They are the same length', 'Cannot determine']",Is the bed longer than the pillow in the bedroom? A) Yes B) No C) They are the same length D) Cannot determine. Answer:,A,Comparison,00072-t8wCA6Qe8uT_0.png
00218-fQHGxvurx9L,0,Is the television positioned closer to the wall than the fireplace in the living room?,"['Yes', 'No', 'They are at the same distance', 'Cannot be determined']",Is the television positioned closer to the wall than the fireplace in the living room? A) Yes B) No C) They are at the same distance D) Cannot be determined. Answer:,B,Relationship,00218-fQHGxvurx9L_0.png
00388-pcpn6mFqFCg,0,Is the desk closer than the table to the door in the house?,"['Yes', 'No', 'They are the same distance', 'There is no door']",Is the desk closer than the table to the door in the house? A) Yes B) No C) They are the same distance D) There is no door. Answer:,A,Relationship,00388-pcpn6mFqFCg_1.png
00074-kHvNo8x6Qoe,0,Is the bunk bed farther from the clock than the dining table in the house?,"['Yes', 'No', 'Equal distance', 'Not visible together']",Is the bunk bed farther from the clock than the dining table in the house? A) Yes B) No C) Equal distance D) Not visible together. Answer:,A,Comparison,00074-kHvNo8x6Qoe_0.png
00170-S3r45BMWy6H,0,Is the door closer to the window than the table?,"['Yes', 'No', 'They are equidistant', 'No window is visible']",Is the door closer to the window than the table? A) Yes B) No C) They are equidistant D) No window is visible. Answer:,A,Relationship,00170-S3r45BMWy6H_0.png
00303-ghWQ5kHV97i,0,Is the sofa larger than the bed in the house?,"['Yes', 'No', 'They are the same size', 'Cannot determine']",Is the sofa larger than the bed in the house? A) Yes B) No C) They are the same size D) Cannot determine. Answer:,B,Comparison,00303-ghWQ5kHV97i_1.png
00307-vDfkYo5VqEQ,0,Is the sink closer to the kitchen than the dining table in this house?,"['Yes', 'No', 'Both are equally close', 'Cannot determine']",Is the sink closer to the kitchen than the dining table in this house? A) Yes B) No C) Both are equally close D) Cannot determine. Answer:,A,Relationship,00307-vDfkYo5VqEQ_1.png
00219-P6ajptD9tRP,0,Is the wardrobe closer to the painting than to the door in the room?,"['Yes', 'No', 'They are equidistant', 'Cannot be determined']",Is the wardrobe closer to the painting than to the door in the room? A) Yes B) No C) They are equidistant D) Cannot be determined. Answer:,A,Relationship,00219-P6ajptD9tRP_0.png
00236-FcUgaJv6JHA,0,Is the window in the room larger than the door in the hallway?,"['Yes', 'No', 'They are the same size', 'Cannot determine']",Is the window in the room larger than the door in the hallway? A) Yes B) No C) They are the same size D) Cannot determine. Answer:,A,Comparison,00236-FcUgaJv6JHA_1.png
00261-fK2vEV32Lag,0,Is the painting closer to the lamp than it is to the radiator in the bedroom?,"['Yes', 'No', 'They are equidistant', 'Cannot tell']",Is the painting closer to the lamp than it is to the radiator in the bedroom? A) Yes B) No C) They are equidistant D) Cannot tell. Answer:,A,Relationship,00261-fK2vEV32Lag_0.png
00457-7PZPFHR3oJc,0,Is the bed closer to the wall than the wardrobe?,"['Yes', 'No', 'Cannot determine', 'They are equidistant']",Is the bed closer to the wall than the wardrobe? A) Yes B) No C) Cannot determine D) They are equidistant. Answer:,A,Comparison,00457-7PZPFHR3oJc_1.png
00729-PyZonHqd5gy,0,Does the window share the same wall as the radiator in the house?,"['Yes', 'No', 'Cannot determine', 'Only in some rooms']",Does the window share the same wall as the radiator in the house? A) Yes B) No C) Cannot determine D) Only in some rooms. Answer:,A,Relationship,00729-PyZonHqd5gy_1.png
00770-NBg5UqG3di3,0,Is the wall lamp brighter than the chandelier in the interior spaces?,"['Yes', 'No', 'They are equally bright', 'Cannot determine']",Is the wall lamp brighter than the chandelier in the interior spaces? A) Yes B) No C) They are equally bright D) Cannot determine. Answer:,D,Comparison,00770-NBg5UqG3di3_0.png
00483-boHtwWDWtXh,0,Is the refrigerator closer to the sink than the stove in the kitchen?,"['Yes', 'No', 'They are equidistant', 'Impossible to determine']",Is the refrigerator closer to the sink than the stove in the kitchen? A) Yes B) No C) They are equidistant D) Impossible to determine. Answer:,B,Relationship,00483-boHtwWDWtXh_1.png
00764-rzzVnFnBLtg,0,Does the window reflect the same view as the mirror in the room?,"['Yes', 'No', 'Partially', 'Cannot determine']",Does the window reflect the same view as the mirror in the room? A) Yes B) No C) Partially D) Cannot determine. Answer:,B,Relationship,00764-rzzVnFnBLtg_0.png
00124-GZRLndzSrdn,0,Does the garage door share the same color as the red wall in the living room?,"['Yes', 'No', 'Partially', 'Cannot determine']",Does the garage door share the same color as the red wall in the living room? A) Yes B) No C) Partially D) Cannot determine. Answer:,B,Comparison,00124-GZRLndzSrdn_1.png
00394-H7bBanejcc6,0,Is the chair closer to the dining table than the sofa is to the coffee table in this house?,"['Yes', 'No', 'They are equidistant', 'Cannot be determined']",Is the chair closer to the dining table than the sofa is to the coffee table in this house? A) Yes B) No C) They are equidistant D) Cannot be determined. Answer:,B,Relationship,00394-H7bBanejcc6_0.png
00643-ggNAcMh8JPT,0,Is the washing machine located closer to the door than the bookshelf in the basement?,"['Yes', 'No', 'They are equidistant', 'Impossible to determine']",Is the washing machine located closer to the door than the bookshelf in the basement? A) Yes B) No C) They are equidistant D) Impossible to determine. Answer:,A,Comparison,00643-ggNAcMh8JPT_1.png
00055-HxmXPBbFCkH,0,Is the table in the kitchen more likely to be used for eating than the shower in the bathroom?,"['Yes', 'No', 'Equally likely', 'Not sure']",Is the table in the kitchen more likely to be used for eating than the shower in the bathroom? A) Yes B) No C) Equally likely D) Not sure. Answer:,A,Relationship,00055-HxmXPBbFCkH_1.png
00173-qZ4B7U6XE5Y,0,Are the colors of the framed picture similar to the decorative saws in the room with red walls?,"['Yes', 'No', 'Only the frame is similar', 'Only the saw blades are similar']",Are the colors of the framed picture similar to the decorative saws in the room with red walls? A) Yes B) No C) Only the frame is similar D) Only the saw blades are similar. Answer:,A,Attribute,00173-qZ4B7U6XE5Y_1.png
00271-cjLuWviyDEo,0,Is the door closer to the entrance of the house than the bed?,"['Yes', 'No', 'They are the same distance', 'Cannot determine']",Is the door closer to the entrance of the house than the bed? A) Yes B) No C) They are the same distance D) Cannot determine. Answer:,A,Relationship,00271-cjLuWviyDEo_1.png
00529-W9YAR9qcuvN,0,Is the bed the same height as the dresser?,"['Yes', 'No', 'The bed is taller', 'The dresser is taller']",Is the bed the same height as the dresser? A) Yes B) No C) The bed is taller D) The dresser is taller. Answer:,D,Comparison,00529-W9YAR9qcuvN_0.png
00634-A1jHexSJuAW,0,Are the stairs in the first room made of different material than the stairs in the second room?,"['Yes', 'No', 'Not visible', 'Both are the same']",Are the stairs in the first room made of different material than the stairs in the second room? A) Yes B) No C) Not visible D) Both are the same. Answer:,A,Comparison,00634-A1jHexSJuAW_0.png
00216-6EMViBCA2N7,0,Is the wooden table larger than the wooden cabinet in this house?,"['Yes', 'No', 'They are the same size', 'Cannot be determined']",Is the wooden table larger than the wooden cabinet in this house? A) Yes B) No C) They are the same size D) Cannot be determined. Answer:,A,Comparison,00216-6EMViBCA2N7_0.png
00121-D2PqRE5ZvyQ,0,Is the dresser taller than the wardrobe in the bedroom?,"['Yes', 'No', 'They are the same height', 'Cannot be determined']",Is the dresser taller than the wardrobe in the bedroom? A) Yes B) No C) They are the same height D) Cannot be determined. Answer:,D,Comparison,00121-D2PqRE5ZvyQ_0.png
00782-oQPVc6vwgaq,0,Is the door taller than the vent in the room with the vent?,"['Yes', 'No', 'They are the same height', 'Cannot determine']",Is the door taller than the vent in the room with the vent? A) Yes B) No C) They are the same height D) Cannot determine. Answer:,A,Comparison,00782-oQPVc6vwgaq_1.png
00491-Ty7djLDxQu3,0,Does the stairs have the same material as the railing in the room?,"['Yes', 'No', 'Partially', 'Cannot determine']",Does the stairs have the same material as the railing in the room? A) Yes B) No C) Partially D) Cannot determine. Answer:,B,Comparison,00491-Ty7djLDxQu3_1.png
00250-U3oQjwTuMX8,0,Is the bed longer than the sofa in the house?,"['Yes', 'No', 'They are the same length', 'Cannot determine from the image']",Is the bed longer than the sofa in the house? A) Yes B) No C) They are the same length D) Cannot determine from the image. Answer:,D,Comparison,00250-U3oQjwTuMX8_0.png
00256-92vYG1q49FY,0,Is the bed closer to the window than the toilet to any window in their respective rooms?,"['Yes', 'No', 'They are equidistant', 'Cannot determine']",Is the bed closer to the window than the toilet to any window in their respective rooms? A) Yes B) No C) They are equidistant D) Cannot determine. Answer:,A,Comparison,00256-92vYG1q49FY_0.png
00264-GfF9TQ34x37,0,Does the red door share the same color as the red couches in the room?,"['Yes', 'No', 'Only in some areas', 'The colors are different shades']",Does the red door share the same color as the red couches in the room? A) Yes B) No C) Only in some areas D) The colors are different shades. Answer:,A,Attribute,00264-GfF9TQ34x37_1.png
00160-7dmR22gwQpH,0,Is the painting closer to the ceiling than the couch is to the floor in the room?,"['Yes, the painting is closer', 'Yes, the couch is closer', 'Both are equally close', ""It's not possible to tell""]","Is the painting closer to the ceiling than the couch is to the floor in the room? A) Yes, the painting is closer B) Yes, the couch is closer C) Both are equally close D) It's not possible to tell. Answer:",A,Comparison,00160-7dmR22gwQpH_1.png
00829-QaLdnwvtxbs,0,Is the sofa positioned closer to the television than the yellow stools in the room?,"['Yes', 'No', 'They are equidistant', 'Cannot be determined']",Is the sofa positioned closer to the television than the yellow stools in the room? A) Yes B) No C) They are equidistant D) Cannot be determined. Answer:,A,Comparison,00829-QaLdnwvtxbs_1.png
00419-fbUcgfPMBDr,0,Does the sofa face the windows in the room?,"['Yes', 'No', 'Partially', 'Not clear']",Does the sofa face the windows in the room? A) Yes B) No C) Partially D) Not clear. Answer:,A,Relationship,00419-fbUcgfPMBDr_1.png
00626-XiJhRLvpKpX,0,Is the treadmill closer to a wall than the dining table?,"['Yes', 'No', 'They are equidistant', 'Cannot be determined']",Is the treadmill closer to a wall than the dining table? A) Yes B) No C) They are equidistant D) Cannot be determined. Answer:,A,Attribute,00626-XiJhRLvpKpX_1.png
007561K7P6ZQS4VM,0,Are the sofa and dining chairs in the house made of similar materials?,"['Yes', 'No', 'Partially', 'Not enough information']",Are the sofa and dining chairs in the house made of similar materials? A) Yes B) No C) Partially D) Not enough information. Answer:,D,Attribute,007561K7P6ZQS4VM_1.png
00895-auFeVz9Go4m,0,Is the window on the same floor as the stairs?,"['Yes', 'No', 'Only partially', 'They are in different images']",Is the window on the same floor as the stairs? A) Yes B) No C) Only partially D) They are in different images. Answer:,A,Relationship,00895-auFeVz9Go4m_0.png
00374-j2eqyxdYAFW,0,Is the sofa in the living room bigger or smaller than the bed in the bedroom?,"['Bigger', 'Smaller', 'Same size', 'Cannot determine']",Is the sofa in the living room bigger or smaller than the bed in the bedroom? A) Bigger B) Smaller C) Same size D) Cannot determine. Answer:,A,Comparison,00374-j2eqyxdYAFW_1.png
00565-xc2kFoo9nbw,0,Does the door have a similar design as the window in the images?,"['Yes', 'No', 'Only the handle is similar', 'Only the color is similar']",Does the door have a similar design as the window in the images? A) Yes B) No C) Only the handle is similar D) Only the color is similar. Answer:,B,Comparison,00565-xc2kFoo9nbw_0.png
002621xGrZPxG1Hz,0,Is the mirror wider than the window in the images?,"['Yes', 'No', 'They are the same size', 'Mirror is slightly wider']",Is the mirror wider than the window in the images? A) Yes B) No C) They are the same size D) Mirror is slightly wider. Answer:,B,Comparison,002621xGrZPxG1Hz_1.png
00409-rxGLNxH6eoJ,0,Is the chair closer to the table than the sofa in the living room?,"['Yes', 'No', 'Same distance', 'Not enough information']",Is the chair closer to the table than the sofa in the living room? A) Yes B) No C) Same distance D) Not enough information. Answer:,A,Relationship,00409-rxGLNxH6eoJ_1.png
00728-rWHyWNc6ZbZ,0,Is the fireplace closer to the bar stool than the dining table in the house?,"['Yes', 'No', 'They are equidistant', 'Not enough information']",Is the fireplace closer to the bar stool than the dining table in the house? A) Yes B) No C) They are equidistant D) Not enough information. Answer:,A,Relationship,00728-rWHyWNc6ZbZ_1.png
00830-5jp3fCRSRjc,0,Does the window provide more natural light than the door in the room?,"['Yes', 'No', 'Sometimes', 'Depends on the time of day']",Does the window provide more natural light than the door in the room? A) Yes B) No C) Sometimes D) Depends on the time of day. Answer:,A,Attribute,00830-5jp3fCRSRjc_0.png
00585-CxxHb5C8ZsP,0,Is the sofa closer to the lamp than the bookshelf in the living room?,"['Yes', 'No', 'They are equidistant', 'Cannot determine']",Is the sofa closer to the lamp than the bookshelf in the living room? A) Yes B) No C) They are equidistant D) Cannot determine. Answer:,A,Comparison,00585-CxxHb5C8ZsP_0.png
00821-eF36g7L6Z9M,0,Does the ceiling share the same color as the floor in the kitchen?,"['Yes', 'No', 'Only partially', 'Slightly darker']",Does the ceiling share the same color as the floor in the kitchen? A) Yes B) No C) Only partially D) Slightly darker. Answer:,B,Attribute,00821-eF36g7L6Z9M_1.png
00582-TYDavTf8oyy,0,Is the treadmill closer to the wall than the exercise bike?,"['Yes', 'No', 'They are equidistant', 'Cannot be determined']",Is the treadmill closer to the wall than the exercise bike? A) Yes B) No C) They are equidistant D) Cannot be determined. Answer:,A,Comparison,00582-TYDavTf8oyy_1.png
00651-kQVPtf7ACRw,0,Is the red sofa farther from the wooden cabinet than the window in the same room?,"['Yes', 'No', 'They are equidistant', 'Cannot determine']",Is the red sofa farther from the wooden cabinet than the window in the same room? A) Yes B) No C) They are equidistant D) Cannot determine. Answer:,B,Comparison,00651-kQVPtf7ACRw_1.png
00553-qAwGYe2GoZp,0,Is the table longer than the chair in the dining area?,"['Yes', 'No', 'They are the same length', 'Impossible to tell']",Is the table longer than the chair in the dining area? A) Yes B) No C) They are the same length D) Impossible to tell. Answer:,A,Comparison,00553-qAwGYe2GoZp_1.png
00096-6HRFAUDqpTb,0,Is the sofa in the living room larger than a crib in the bedroom?,"['Yes', 'No', 'They are the same size', 'Cannot determine']",Is the sofa in the living room larger than a crib in the bedroom? A) Yes B) No C) They are the same size D) Cannot determine. Answer:,A,Comparison,00096-6HRFAUDqpTb_0.png
00462-5m6t1y5EvsT,0,Is the sofa bigger than the bed in the house?,"['Yes', 'No', 'They are the same size', 'Cannot determine']",Is the sofa bigger than the bed in the house? A) Yes B) No C) They are the same size D) Cannot determine. Answer:,B,Comparison,00462-5m6t1y5EvsT_0.png
00245-741Fdj7NLF9,0,Is the sofa farther from the TV than the kitchen counter in the living room?,"['Yes', 'No', 'They are equidistant', 'Cannot determine']",Is the sofa farther from the TV than the kitchen counter in the living room? A) Yes B) No C) They are equidistant D) Cannot determine. Answer:,A,Relationship,00245-741Fdj7NLF9_0.png
00224-8m2Sk2sC3DR,0,Is the bookshelf located closer to the bedroom or the living room?,"['Bedroom', 'Living room', 'Equidistant', 'Not visible']",Is the bookshelf located closer to the bedroom or the living room? A) Bedroom B) Living room C) Equidistant D) Not visible. Answer:,A,Relationship,00224-8m2Sk2sC3DR_1.png
00043-Jfyvj3xn2aJ,0,Does the window in the bedroom have the same size as the window in the bathroom?,"['Yes', 'No', 'They are similar', 'Cannot determine']",Does the window in the bedroom have the same size as the window in the bathroom? A) Yes B) No C) They are similar D) Cannot determine. Answer:,B,Comparison,00043-Jfyvj3xn2aJ_1.png
00104-KJxdMPgweZG,0,Does the kitchen countertop share the same color as the kitchen table in the house?,"['Yes', 'No', 'Partially', ""Can't tell""]",Does the kitchen countertop share the same color as the kitchen table in the house? A) Yes B) No C) Partially D) Can't tell. Answer:,B,Comparison,00104-KJxdMPgweZG_0.png
00261-fK2vEV32Lag,0,Does the door share the same color as the kitchen cabinet?,"['Yes', 'No', 'Partially', 'Unsure']",Does the door share the same color as the kitchen cabinet? A) Yes B) No C) Partially D) Unsure. Answer:,B,Comparison,00261-fK2vEV32Lag_1.png
00637-iNpfPhK1sRz,0,Is the radiator closer to the window in the room?,"['Yes', 'No', 'They are equally distant', 'The distance cannot be determined']",Is the radiator closer to the window in the room? A) Yes B) No C) They are equally distant D) The distance cannot be determined. Answer:,A,Relationship,00637-iNpfPhK1sRz_0.png
00238-j6fHrce9pHR,0,Is the bed closer to the window in the pink bedroom or the bedroom with wooden flooring?,"['Pink bedroom', 'Bedroom with wooden flooring', 'Both are equally close', 'Neither are close to the window']",Is the bed closer to the window in the pink bedroom or the bedroom with wooden flooring? A) Pink bedroom B) Bedroom with wooden flooring C) Both are equally close D) Neither are close to the window. Answer:,A,Relationship,00238-j6fHrce9pHR_1.png
00420-R6Byftz8wRN,0,Is the refrigerator farther from the sink than the dining table in the kitchen?,"['Yes', 'No', 'They are the same distance', 'Cannot be determined']",Is the refrigerator farther from the sink than the dining table in the kitchen? A) Yes B) No C) They are the same distance D) Cannot be determined. Answer:,A,Relationship,00420-R6Byftz8wRN_1.png
00021-yQESfVcg18k,0,Is the sink closer to the bed than to the garage?,"['Yes', 'No', 'They are equidistant', 'Distance cannot be determined']",Is the sink closer to the bed than to the garage? A) Yes B) No C) They are equidistant D) Distance cannot be determined. Answer:,A,Relationship,00021-yQESfVcg18k_0.png
00084-CtZLhCbWFm7,0,Is the dining table larger than the bed in the house?,"['Yes', 'No', 'They are the same size', 'Cannot be determined']",Is the dining table larger than the bed in the house? A) Yes B) No C) They are the same size D) Cannot be determined. Answer:,A,Comparison,00084-CtZLhCbWFm7_0.png
00303-ghWQ5kHV97i,0,Is the material of the table the same as the material of the wooden cabinet in the house?,"['Yes', 'No', 'Partially', 'Cannot be determined']",Is the material of the table the same as the material of the wooden cabinet in the house? A) Yes B) No C) Partially D) Cannot be determined. Answer:,A,Comparison,00303-ghWQ5kHV97i_0.png
00837-vBMLrTe4uLA,0,Is the ceiling fan in the same room as the bed?,"['Yes', 'No', 'There is no bed', 'There is no ceiling fan']",Is the ceiling fan in the same room as the bed? A) Yes B) No C) There is no bed D) There is no ceiling fan. Answer:,A,Relationship,00837-vBMLrTe4uLA_1.png
00457-7PZPFHR3oJc,0,Does the kitchen cabinet share the same color as the sofa?,"['Yes', 'No', 'Partially', 'Cannot determine']",Does the kitchen cabinet share the same color as the sofa? A) Yes B) No C) Partially D) Cannot determine. Answer:,B,Attribute,00457-7PZPFHR3oJc_0.png
00192-MLVm7dZk7dp,0,Are the red lampshade and the pipes in the same room?,"['Yes', 'No', 'Unsure', 'Partially']",Are the red lampshade and the pipes in the same room? A) Yes B) No C) Unsure D) Partially. Answer:,B,Relationship,00192-MLVm7dZk7dp_0.png
00761-s7kPJndncRy,0,Is the refrigerator taller than the cabinet in the kitchen?,"['Yes', 'No', 'They are the same height', 'Not visible']",Is the refrigerator taller than the cabinet in the kitchen? A) Yes B) No C) They are the same height D) Not visible. Answer:,A,Comparison,00761-s7kPJndncRy_0.png
00555-Y4idBN66BqG,0,Is the TV in the same room as the door?,"['Yes', 'No', 'Only part of the time', 'It varies']",Is the TV in the same room as the door? A) Yes B) No C) Only part of the time D) It varies. Answer:,A,Relationship,00555-Y4idBN66BqG_0.png
00393-dD37vuCa4FE,0,Is the bed longer than the couch in the house?,"['Yes', 'No', 'They are the same length', 'Cannot be determined']",Is the bed longer than the couch in the house? A) Yes B) No C) They are the same length D) Cannot be determined. Answer:,D,Comparison,00393-dD37vuCa4FE_0.png
00383-yTgw14aa5ha,0,Is the radiator under the window in the room with the gray wall?,"['Yes', 'No', 'Only partially', 'Not visible']",Is the radiator under the window in the room with the gray wall? A) Yes B) No C) Only partially D) Not visible. Answer:,A,Relationship,00383-yTgw14aa5ha_1.png
00843-DYehNKdT76V,0,Is the staircase wider than the bathroom sink in the house?,"['Yes', 'No', 'The same width', 'Cannot be determined']",Is the staircase wider than the bathroom sink in the house? A) Yes B) No C) The same width D) Cannot be determined. Answer:,A,Comparison,00843-DYehNKdT76V_1.png
00746-RTV2n6fXB2w,0,Is the table closer to the window than the cabinet in the room?,"['Yes', 'No', 'Same distance', 'Cannot be determined']",Is the table closer to the window than the cabinet in the room? A) Yes B) No C) Same distance D) Cannot be determined. Answer:,A,Relationship,00746-RTV2n6fXB2w_0.png
00205-NEVASPhcrxR,0,Are there more paintings than beds in the house?,"['Yes', 'No', 'They are equal in number', 'Cannot determine']",Are there more paintings than beds in the house? A) Yes B) No C) They are equal in number D) Cannot determine. Answer:,B,Comparison,00205-NEVASPhcrxR_0.png
00530-C7xtw9uhYFn,0,Is the chair closer to the sofa in the second room or the fourth room?,"['Second room', 'Fourth room', 'Both rooms equally', 'Neither room']",Is the chair closer to the sofa in the second room or the fourth room? A) Second room B) Fourth room C) Both rooms equally D) Neither room. Answer:,A,Relationship,00530-C7xtw9uhYFn_1.png
00499-q6tn1ZjSsG4,0,Is the bed bigger than the paintings in the bedroom?,"['Yes', 'No', 'The same size', 'Cannot be determined']",Is the bed bigger than the paintings in the bedroom? A) Yes B) No C) The same size D) Cannot be determined. Answer:,A,Comparison,00499-q6tn1ZjSsG4_1.png
00858-cYkrGrCg2kB,0,Does the window curtain share the same color as the dining table cover in the dining room?,"['Yes', 'No', 'Partially', 'Not visible']",Does the window curtain share the same color as the dining table cover in the dining room? A) Yes B) No C) Partially D) Not visible. Answer:,B,Comparison,00858-cYkrGrCg2kB_1.png
00835-q3zU7Yy5E5s,0,Is the bed in the bedroom bigger than the sofa in the living room?,"['Yes', 'No', 'Same size', 'Cannot be determined']",Is the bed in the bedroom bigger than the sofa in the living room? A) Yes B) No C) Same size D) Cannot be determined. Answer:,A,Comparison,00835-q3zU7Yy5E5s_1.png
00613-s19Uyn7AWwv,0,Is the air vent in the hallway closer to the ceiling than the ceiling fan in the living room?,"['Yes', 'No', 'Same distance', 'Cannot determine']",Is the air vent in the hallway closer to the ceiling than the ceiling fan in the living room? A) Yes B) No C) Same distance D) Cannot determine. Answer:,A,Relationship,00613-s19Uyn7AWwv_1.png
00484-fc7RfUCN5mY,0,Is the red heart decoration closer to the teddy bear than to the radiator in the room?,"['Yes', 'No', 'Same distance', 'Cannot determine']",Is the red heart decoration closer to the teddy bear than to the radiator in the room? A) Yes B) No C) Same distance D) Cannot determine. Answer:,A,Relationship,00484-fc7RfUCN5mY_0.png
00629-MHYu4LWb6qP,0,Is the sofa larger than the table in the living room?,"['Yes', 'No', 'They are the same size', 'Cannot be determined']",Is the sofa larger than the table in the living room? A) Yes B) No C) They are the same size D) Cannot be determined. Answer:,A,Comparison,00629-MHYu4LWb6qP_1.png
00382-S7uMvxjBVZq,0,Is the bed directly underneath the fan in the room?,"['Yes', 'No', 'Partially', 'Cannot tell']",Is the bed directly underneath the fan in the room? A) Yes B) No C) Partially D) Cannot tell. Answer:,B,Relationship,00382-S7uMvxjBVZq_1.png
00541-FnDDfrBZPhh,0,Is the sofa closer to the water heater than the couch in the basement?,"['Yes', 'No', 'Same distance', 'Cannot determine']",Is the sofa closer to the water heater than the couch in the basement? A) Yes B) No C) Same distance D) Cannot determine. Answer:,B,Relationship,00541-FnDDfrBZPhh_1.png
00810-CrMo8WxCyVb,0,Is the kitchen larger than the dining room?,"['Yes', 'No', 'Same size', 'Unknown']",Is the kitchen larger than the dining room? A) Yes B) No C) Same size D) Unknown. Answer:,A,Comparison,00810-CrMo8WxCyVb_0.png
00031-Wo6kuutE9i7,0,Does the clock in the room have a similar frame color as the mirror?,"['Yes, both have a brown frame', 'Yes, both have a silver frame', 'No, the clock is brown and the mirror is silver', 'No, the clock is silver and the mirror is gold']","Does the clock in the room have a similar frame color as the mirror? A) Yes, both have a brown frame B) Yes, both have a silver frame C) No, the clock is brown and the mirror is silver D) No, the clock is silver and the mirror is gold. Answer:",C,Attribute,00031-Wo6kuutE9i7_1.png
00434-L5QEsaVqwrY,0,Is the area of the glass doors larger than the area of the windows in the house?,"['Yes', 'No', 'About the same', 'Cannot determine']",Is the area of the glass doors larger than the area of the windows in the house? A) Yes B) No C) About the same D) Cannot determine. Answer:,A,Comparison,00434-L5QEsaVqwrY_1.png
00204-gxttMtT5ZGK,0,Is the door closer to the staircase than the window to the staircase in the house?,"['Yes', 'No', 'They are equidistant', 'Cannot be determined']",Is the door closer to the staircase than the window to the staircase in the house? A) Yes B) No C) They are equidistant D) Cannot be determined. Answer:,A,Relationship,00204-gxttMtT5ZGK_0.png
00125-6acdNdTjNbr,0,Is the door farther from the bed than the curtain in the room?,"['Yes', 'No', 'Cannot be determined', 'They are equidistant']",Is the door farther from the bed than the curtain in the room? A) Yes B) No C) Cannot be determined D) They are equidistant. Answer:,A,Relationship,00125-6acdNdTjNbr_1.png
00150-LcAd9dhvVwh,0,Does the couch directly face the windows in the room with a view?,"['Yes', 'No', 'Only partially', 'Not visible']",Does the couch directly face the windows in the room with a view? A) Yes B) No C) Only partially D) Not visible. Answer:,A,Relationship,00150-LcAd9dhvVwh_1.png
00077-z9VLaZqCsW5,0,Does the curtain have a different texture from the wooden wall?,"['Yes', 'No', 'Sometimes', 'Unknown']",Does the curtain have a different texture from the wooden wall? A) Yes B) No C) Sometimes D) Unknown. Answer:,A,Attribute,00077-z9VLaZqCsW5_0.png
00730-UYrgg12a7QN,0,Is the mirror wider than the door in the house?,"['Yes', 'No', 'They are the same width', 'Cannot be determined']",Is the mirror wider than the door in the house? A) Yes B) No C) They are the same width D) Cannot be determined. Answer:,B,Comparison,00730-UYrgg12a7QN_0.png
00475-g7hUFVNac26,0,Does the door match the color of the mirror's frame?,"['Yes', 'No', 'Partially', 'Cannot Tell']",Does the door match the color of the mirror's frame? A) Yes B) No C) Partially D) Cannot Tell. Answer:,A,Attribute,00475-g7hUFVNac26_0.png
00890-6s7QHgap2fW,0,Is the door in the house closer to the window in the hallway or to the window in the dining room?,"['hallway', 'dining room', 'both are equidistant', 'neither']",Is the door in the house closer to the window in the hallway or to the window in the dining room? A) hallway B) dining room C) both are equidistant D) neither. Answer:,B,Relationship,00890-6s7QHgap2fW_1.png
00194-JY8e73x9ubE,0,Is the couch bigger than the black chair in the house?,"['Yes', 'No', 'They are the same size', 'Not enough information']",Is the couch bigger than the black chair in the house? A) Yes B) No C) They are the same size D) Not enough information. Answer:,A,Comparison,00194-JY8e73x9ubE_0.png
00343-5graSmdK3Bj,0,Is the cabinet taller than the drawer in the living room?,"['Yes', 'No', 'They are the same height', 'The cabinet is shorter']",Is the cabinet taller than the drawer in the living room? A) Yes B) No C) They are the same height D) The cabinet is shorter. Answer:,A,Comparison,00343-5graSmdK3Bj_0.png
00099-226REUyJh2K,0,Is the chair closer to the table in the dining room or in the living room?,"['Dining room', 'Living room', 'Same distance', 'Not visible']",Is the chair closer to the table in the dining room or in the living room? A) Dining room B) Living room C) Same distance D) Not visible. Answer:,A,Relationship,00099-226REUyJh2K_1.png
00405-q28T9C3q2dv,0,Is the toilet closer to the shower than the bathtub in the bathroom?,"['Yes', 'No', 'They are equidistant', 'Cannot determine']",Is the toilet closer to the shower than the bathtub in the bathroom? A) Yes B) No C) They are equidistant D) Cannot determine. Answer:,A,Relationship,00405-q28T9C3q2dv_0.png
00530-C7xtw9uhYFn,0,Is the bed closer to a wall than the blue couch?,"['Yes', 'No', 'Both are equidistant', 'Cannot determine']",Is the bed closer to a wall than the blue couch? A) Yes B) No C) Both are equidistant D) Cannot determine. Answer:,A,Comparison,00530-C7xtw9uhYFn_0.png
00030-LPEMkRVudUm,0,Is the sink closer to the wall than the bathtub in the bathroom?,"['Yes', 'No', 'They are equally close', 'Cannot determine']",Is the sink closer to the wall than the bathtub in the bathroom? A) Yes B) No C) They are equally close D) Cannot determine. Answer:,A,Relationship,00030-LPEMkRVudUm_1.png
00535-XKqDR74W1JU,0,Is the sliding glass door closer to the wooden flooring than the white wall in the room?,"['Yes', 'No', 'They are equidistant', 'Unable to determine']",Is the sliding glass door closer to the wooden flooring than the white wall in the room? A) Yes B) No C) They are equidistant D) Unable to determine. Answer:,A,Relationship,00535-XKqDR74W1JU_1.png
00648-yCCyNxubYcL,0,Are the number of chairs equal to the number of tables in the restaurant?,"['Yes', 'No', 'There are more chairs than tables', 'There are more tables than chairs']",Are the number of chairs equal to the number of tables in the restaurant? A) Yes B) No C) There are more chairs than tables D) There are more tables than chairs. Answer:,C,Comparison,00648-yCCyNxubYcL_0.png
00875-66seV3BWPoX,0,Is the wall with picture frames smoother than the cracked wall?,"['Yes', 'No', 'They are the same', 'Cannot determine']",Is the wall with picture frames smoother than the cracked wall? A) Yes B) No C) They are the same D) Cannot determine. Answer:,A,Comparison,00875-66seV3BWPoX_0.png
00132-sWAdxSLVPQC,0,Is the bench shorter in length than the cabinet in the kitchen?,"['Yes', 'No', 'They are the same length', 'Cannot be determined']",Is the bench shorter in length than the cabinet in the kitchen? A) Yes B) No C) They are the same length D) Cannot be determined. Answer:,A,Comparison,00132-sWAdxSLVPQC_1.png
00399-XokRUNE3gB1,0,Is the sofa closer to the window than the table in the living room?,"['Yes', 'No', 'Both are equidistant', 'Not enough information']",Is the sofa closer to the window than the table in the living room? A) Yes B) No C) Both are equidistant D) Not enough information. Answer:,A,Comparison,00399-XokRUNE3gB1_0.png
00829-QaLdnwvtxbs,0,Is the bed farther from the toilet than the mirror is in the room?,"['Yes', 'No', 'They are the same distance', 'Cannot determine']",Is the bed farther from the toilet than the mirror is in the room? A) Yes B) No C) They are the same distance D) Cannot determine. Answer:,A,Relationship,00829-QaLdnwvtxbs_0.png
00623-g7sKCMRfgUS,0,Is the sofa closer to the television than the window in the living room?,"['Yes', 'No', 'They are equidistant', 'Cannot determine']",Is the sofa closer to the television than the window in the living room? A) Yes B) No C) They are equidistant D) Cannot determine. Answer:,A,Relationship,00623-g7sKCMRfgUS_1.png
00712-HZ2iMMBsBQ9,0,Is the coffee table in the living room closer to the sofa than the TV is?,"['Yes', 'No', 'They are the same distance', 'Cannot determine']",Is the coffee table in the living room closer to the sofa than the TV is? A) Yes B) No C) They are the same distance D) Cannot determine. Answer:,A,Relationship,00712-HZ2iMMBsBQ9_0.png
00428-vPoFkhqsJaf,0,Is the cabinet taller than the boxes in the garage?,"['Yes', 'No', 'They are the same height', 'Cannot be determined']",Is the cabinet taller than the boxes in the garage? A) Yes B) No C) They are the same height D) Cannot be determined. Answer:,A,Comparison,00428-vPoFkhqsJaf_0.png
00569-YJDUB7hWg9h,0,Is the mirror in the bedroom closer to the bed than it is to the window?,"['Yes', 'No', 'It is equidistant', 'Cannot tell']",Is the mirror in the bedroom closer to the bed than it is to the window? A) Yes B) No C) It is equidistant D) Cannot tell. Answer:,A,Relationship,00569-YJDUB7hWg9h_1.png
00576-adgwjGh4NQK,0,Is the door closer to the vent in the bedroom compared to the hallway?,"['Yes', 'No', 'Both are equidistant', 'Not enough information']",Is the door closer to the vent in the bedroom compared to the hallway? A) Yes B) No C) Both are equidistant D) Not enough information. Answer:,A,Comparison,00576-adgwjGh4NQK_1.png
00391-3UDjdrwcqMb,0,Is the sofa closer to the TV than the dining table in the living room?,"['Yes', 'No', 'They are equidistant', 'Cannot determine']",Is the sofa closer to the TV than the dining table in the living room? A) Yes B) No C) They are equidistant D) Cannot determine. Answer:,A,Relationship,00391-3UDjdrwcqMb_0.png
00316-LqsTKpxKVP2,0,Does the TV share the same room as the American flag?,"['Yes', 'No', 'Sometimes', 'Depends on the angle']",Does the TV share the same room as the American flag? A) Yes B) No C) Sometimes D) Depends on the angle. Answer:,B,Relationship,00316-LqsTKpxKVP2_1.png
00799-deNrXzuSss5,0,Do the window blinds have more vertical lines than the stair railing in the house?,"['Yes', 'No', 'Same number', 'Cannot be determined']",Do the window blinds have more vertical lines than the stair railing in the house? A) Yes B) No C) Same number D) Cannot be determined. Answer:,A,Comparison,00799-deNrXzuSss5_0.png
00231-4h4JxvG3cip,0,Is the bed closer to the chair than to the window in the bedroom?,"['Yes', 'No', 'The distance is the same', 'Cannot determine']",Is the bed closer to the chair than to the window in the bedroom? A) Yes B) No C) The distance is the same D) Cannot determine. Answer:,A,Relationship,00231-4h4JxvG3cip_0.png
00495-CQWES1bawee,0,Is the bed closer to the window than the bidet is to the bathroom sink?,"['Yes', 'No', 'Both are equally close', 'Cannot be determined']",Is the bed closer to the window than the bidet is to the bathroom sink? A) Yes B) No C) Both are equally close D) Cannot be determined. Answer:,A,Relationship,00495-CQWES1bawee_1.png
00878-XB4GS9ShBRE,0,Do the curtains and the glass sliding door in the scenes allow light to pass through them?,"['Both allow full light', 'Only the glass sliding door allows light', 'Only the curtains allow light', 'Neither allows light']",Do the curtains and the glass sliding door in the scenes allow light to pass through them? A) Both allow full light B) Only the glass sliding door allows light C) Only the curtains allow light D) Neither allows light. Answer:,B,Attribute,00878-XB4GS9ShBRE_1.png
00515-krsjseyn6fd,0,Is the door taller than the window in the house?,"['Yes', 'No', 'They are the same height', 'Cannot determine']",Is the door taller than the window in the house? A) Yes B) No C) They are the same height D) Cannot determine. Answer:,D,Comparison,00515-krsjseyn6fd_0.png
00664-u5atqC7vRCY,0,Are the colors of the dog statue and the red curtains similar?,"['Yes', 'No', 'Only the shades are similar', 'Cannot be determined']",Are the colors of the dog statue and the red curtains similar? A) Yes B) No C) Only the shades are similar D) Cannot be determined. Answer:,B,Attribute,00664-u5atqC7vRCY_1.png
00896-5hGmubEE6ZF,0,Is the radiator closer to the window in the bathroom or the living room?,"['Bathroom', 'Living room', 'Both the same', 'Neither has a radiator']",Is the radiator closer to the window in the bathroom or the living room? A) Bathroom B) Living room C) Both the same D) Neither has a radiator. Answer:,A,Relationship,00896-5hGmubEE6ZF_1.png
00847-bCPU9suPUw9,0,Is the staircase closer than the fireplace to the couches in the living room?,"['Yes', 'No', 'Both are equidistant', 'Cannot determine']",Is the staircase closer than the fireplace to the couches in the living room? A) Yes B) No C) Both are equidistant D) Cannot determine. Answer:,A,Relationship,00847-bCPU9suPUw9_1.png
00620-AUkcTmUs8mw,0,Is the coat closer to the door than the blue box in the room with shelves?,"['Yes', 'No', 'Both are equidistant', 'Cannot be determined']",Is the coat closer to the door than the blue box in the room with shelves? A) Yes B) No C) Both are equidistant D) Cannot be determined. Answer:,A,Relationship,00620-AUkcTmUs8mw_0.png
00800-TEEsavR23oF,0,Is the kitchen cabinet taller than the living room couch?,"['Yes', 'No', 'They are the same height', 'Cannot determine']",Is the kitchen cabinet taller than the living room couch? A) Yes B) No C) They are the same height D) Cannot determine. Answer:,A,Comparison,00800-TEEsavR23oF_1.png
00570-kyoZhaD9HuW,0,Is the TV closer to the sofa than it is to the staircase in the living room?,"['Yes', 'No', 'The same distance', 'Cannot determine']",Is the TV closer to the sofa than it is to the staircase in the living room? A) Yes B) No C) The same distance D) Cannot determine. Answer:,A,Relationship,00570-kyoZhaD9HuW_1.png
00784-pYGGNqSbHp1,0,Does the door appear closer to the floor than the window in the space shown?,"['Yes', 'No', 'They are at the same level', 'It is unclear']",Does the door appear closer to the floor than the window in the space shown? A) Yes B) No C) They are at the same level D) It is unclear. Answer:,A,Comparison,00784-pYGGNqSbHp1_1.png
00857-L53DsRRk4Ch,0,Is the sofa closer to the window than the bed in the house?,"['Yes', 'No', 'They are equidistant', 'Cannot determine']",Is the sofa closer to the window than the bed in the house? A) Yes B) No C) They are equidistant D) Cannot determine. Answer:,A,Comparison,00857-L53DsRRk4Ch_1.png
00315-We1N7vBtyGm,0,Does the television share the same color as the cabinets in the images?,"['Yes', 'No', 'They are partially similar', 'They are the same color but different shades']",Does the television share the same color as the cabinets in the images? A) Yes B) No C) They are partially similar D) They are the same color but different shades. Answer:,B,Attribute,00315-We1N7vBtyGm_0.png
00874-uSKXQ5fFg6u,0,Is the door closer to the entrance than the window in the house?,"['Yes', 'No', 'They are equidistant', 'Cannot be determined']",Is the door closer to the entrance than the window in the house? A) Yes B) No C) They are equidistant D) Cannot be determined. Answer:,B,Relationship,00874-uSKXQ5fFg6u_1.png
00581-WpVxtsP4xxA,0,Does the light switch share the same wall color as the wall near the tap?,"['Yes', 'No', 'Cannot determine', 'Both are on blue walls']",Does the light switch share the same wall color as the wall near the tap? A) Yes B) No C) Cannot determine D) Both are on blue walls. Answer:,A,Comparison,00581-WpVxtsP4xxA_1.png
00293-pEeGyoYCEa1,0,Does the towel share the same color as the curtain?,"['Yes', 'No', 'Sometimes', 'Not sure']",Does the towel share the same color as the curtain? A) Yes B) No C) Sometimes D) Not sure. Answer:,B,Attribute,00293-pEeGyoYCEa1_1.png
00670-mDdyQ6azhVD,0,Is the door closer to the window in the room?,"['Yes', 'No', 'The same distance', 'Cannot be determined']",Is the door closer to the window in the room? A) Yes B) No C) The same distance D) Cannot be determined. Answer:,A,Relationship,00670-mDdyQ6azhVD_0.png
00068-812QqCky3T7,0,Is the mirror higher than the ceiling light?,"['Yes', 'No', 'They are at the same height', 'Cannot be determined']",Is the mirror higher than the ceiling light? A) Yes B) No C) They are at the same height D) Cannot be determined. Answer:,B,Comparison,00068-812QqCky3T7_0.png
00363-DS3nSAaa3Nr,0,Is the piano closer to the window than the sofa in the living room?,"['Yes', 'No', 'Same distance', 'Cannot determine']",Is the piano closer to the window than the sofa in the living room? A) Yes B) No C) Same distance D) Cannot determine. Answer:,B,Comparison,00363-DS3nSAaa3Nr_1.png
00480-RrfVebebfWf,0,Does the sofa face the same direction as the chair in the living room?,"['Yes', 'No', 'Only the sofa is visible', 'Only the chair is visible']",Does the sofa face the same direction as the chair in the living room? A) Yes B) No C) Only the sofa is visible D) Only the chair is visible. Answer:,B,Relationship,00480-RrfVebebfWf_1.png
00028-xGnehmjiCSA,0,Are the curtains and windows in the house visually overlapping in any of the rooms?,"['Yes, in one room', 'Yes, in two rooms', 'No, they are separate in all rooms', 'There are no windows with curtains']","Are the curtains and windows in the house visually overlapping in any of the rooms? A) Yes, in one room B) Yes, in two rooms C) No, they are separate in all rooms D) There are no windows with curtains. Answer:",A,Relationship,00028-xGnehmjiCSA_0.png
00447-5RtSdesLuHt,0,Are there more chairs than tables in the meeting room?,"['Yes', 'No', 'Equal number', 'Cannot determine']",Are there more chairs than tables in the meeting room? A) Yes B) No C) Equal number D) Cannot determine. Answer:,A,Comparison,00447-5RtSdesLuHt_1.png
00466-xAHnY3QzFUN,0,Does the wooden door have the same color as the brick wall?,"['Yes', 'No', 'Cannot be determined', 'They have similar colors']",Does the wooden door have the same color as the brick wall? A) Yes B) No C) Cannot be determined D) They have similar colors. Answer:,B,Comparison,00466-xAHnY3QzFUN_0.png
00400-KcHdFEzySGq,0,Is the ceiling fan larger than the table lamp in the bedroom?,"['Yes', 'No', 'They are the same size', 'Cannot tell']",Is the ceiling fan larger than the table lamp in the bedroom? A) Yes B) No C) They are the same size D) Cannot tell. Answer:,A,Comparison,00400-KcHdFEzySGq_0.png
00319-sjH1uaR68XQ,0,Is the sofa closer to the entrance door than the dining table in the house?,"['Yes', 'No', 'They are at the same distance', 'Cannot determine']",Is the sofa closer to the entrance door than the dining table in the house? A) Yes B) No C) They are at the same distance D) Cannot determine. Answer:,A,Comparison,00319-sjH1uaR68XQ_0.png
00004-VqCaAuuoeWk,0,Is the sofa longer than the coffee table in the living room?,"['Yes', 'No', 'They are the same length', 'Cannot determine']",Is the sofa longer than the coffee table in the living room? A) Yes B) No C) They are the same length D) Cannot determine. Answer:,A,Comparison,00004-VqCaAuuoeWk_0.png
00568-suQdyWFG8g9,0,Is the television in the bedroom closer to the dresser than the fireplace in the living room is to the sofa?,"['Yes', 'No', 'Both are at equal distances', 'Cannot be determined']",Is the television in the bedroom closer to the dresser than the fireplace in the living room is to the sofa? A) Yes B) No C) Both are at equal distances D) Cannot be determined. Answer:,A,Relationship,00568-suQdyWFG8g9_0.png
00353-8qbZhbTc1wX,0,Is the bathtub farther from the windows than the sofa?,"['Yes', 'No', 'Same distance', 'Cannot be determined']",Is the bathtub farther from the windows than the sofa? A) Yes B) No C) Same distance D) Cannot be determined. Answer:,A,Comparison,00353-8qbZhbTc1wX_0.png
00553-qAwGYe2GoZp,0,Is the bed closer to the chair than the window in the bedroom?,"['Yes', 'No', 'They are equally close', 'Cannot tell']",Is the bed closer to the chair than the window in the bedroom? A) Yes B) No C) They are equally close D) Cannot tell. Answer:,A,Relationship,00553-qAwGYe2GoZp_0.png
00294-PPTLa8SkUfo,0,Is the rocking chair closer or farther from the painting than the fireplace?,"['Closer', 'Farther', 'Same distance', 'Not visible']",Is the rocking chair closer or farther from the painting than the fireplace? A) Closer B) Farther C) Same distance D) Not visible. Answer:,A,Relationship,00294-PPTLa8SkUfo_0.png
00116-xp4FyfQ6Wr5,0,Is the table larger than the chair in the dining room?,"['Yes', 'No', 'About the same size', 'Cannot determine']",Is the table larger than the chair in the dining room? A) Yes B) No C) About the same size D) Cannot determine. Answer:,A,Comparison,00116-xp4FyfQ6Wr5_0.png
00656-7GvCP12M9fi,0,Is the microwave closer to the kitchen than the washing machine is?,"['Yes', 'No', 'They are equidistant', 'Not enough information']",Is the microwave closer to the kitchen than the washing machine is? A) Yes B) No C) They are equidistant D) Not enough information. Answer:,A,Relationship,00656-7GvCP12M9fi_1.png
00480-RrfVebebfWf,0,Is the bed in the room closer to the window than the mirror is to the wall?,"['Yes', 'No', 'They are equally close', 'Cannot determine']",Is the bed in the room closer to the window than the mirror is to the wall? A) Yes B) No C) They are equally close D) Cannot determine. Answer:,A,Relationship,00480-RrfVebebfWf_0.png
00294-PPTLa8SkUfo,0,Is the staircase closer or farther from the door compared to the window in the hallway?,"['Closer', 'Farther', 'Same distance', 'Cannot be determined']",Is the staircase closer or farther from the door compared to the window in the hallway? A) Closer B) Farther C) Same distance D) Cannot be determined. Answer:,A,Relationship,00294-PPTLa8SkUfo_1.png
00865-fsQtJ8t3nTf,0,Does the bookshelf contain more objects than the plant has leaves in the room?,"['Yes', 'No', 'Equal', 'Cannot Determine']",Does the bookshelf contain more objects than the plant has leaves in the room? A) Yes B) No C) Equal D) Cannot Determine. Answer:,A,Comparison,00865-fsQtJ8t3nTf_1.png
00209-C5RbHBQ76DE,0,Is the lamp closer to the window in the bedroom than in the stairwell?,"['Yes', 'No', 'They are at the same distance', 'Insufficient information']",Is the lamp closer to the window in the bedroom than in the stairwell? A) Yes B) No C) They are at the same distance D) Insufficient information. Answer:,A,Comparison,00209-C5RbHBQ76DE_0.png
00655-q33GehreMrX,0,Is the couch closer to the stereo than the door in the house?,"['Yes', 'No', 'They are equidistant', 'Cannot be determined']",Is the couch closer to the stereo than the door in the house? A) Yes B) No C) They are equidistant D) Cannot be determined. Answer:,A,Relationship,00655-q33GehreMrX_0.png
00781-6TPCFES8fhh,0,Is the window aligned directly above the radiator in the room?,"['Yes', 'No', 'There are two windows', 'The window is not visible']",Is the window aligned directly above the radiator in the room? A) Yes B) No C) There are two windows D) The window is not visible. Answer:,A,Attribute,00781-6TPCFES8fhh_1.png
00098-MVStfLiYYQv,0,Is the door taller than the cabinet in the kitchen?,"['Yes', 'No', 'They are the same height', 'Cannot determine']",Is the door taller than the cabinet in the kitchen? A) Yes B) No C) They are the same height D) Cannot determine. Answer:,B,Comparison,00098-MVStfLiYYQv_1.png
00640-qvNra81N8BU,0,Does the table have more chairs around it in the dining room?,"['Yes', 'No', 'Same number', 'No chairs at all']",Does the table have more chairs around it in the dining room? A) Yes B) No C) Same number D) No chairs at all. Answer:,A,Attribute,00640-qvNra81N8BU_1.png
00135-HeSYRw7eMtG,0,Is the bathtub larger than the sink in the bathroom?,"['Yes', 'No', 'Same size', 'Not visible']",Is the bathtub larger than the sink in the bathroom? A) Yes B) No C) Same size D) Not visible. Answer:,A,Comparison,00135-HeSYRw7eMtG_0.png
00612-GsQBY83r3hb,0,Is the curtain in the hallway the same color as the curtain in the bathroom?,"['Yes', 'No', 'Only similar', 'One is missing']",Is the curtain in the hallway the same color as the curtain in the bathroom? A) Yes B) No C) Only similar D) One is missing. Answer:,A,Attribute,00612-GsQBY83r3hb_1.png
00305-W3J8ruZTQic,0,Is the desk closer to the bed in the bedroom than in the study room?,"['Yes', 'No', 'They are equally close', 'Cannot determine']",Is the desk closer to the bed in the bedroom than in the study room? A) Yes B) No C) They are equally close D) Cannot determine. Answer:,A,Relationship,00305-W3J8ruZTQic_0.png
00539-zUG6FL9TYeR,0,Is the door closer to the table in the dining room or the living room?,"['Dining room', 'Living room', 'They are equidistant', 'Cannot determine']",Is the door closer to the table in the dining room or the living room? A) Dining room B) Living room C) They are equidistant D) Cannot determine. Answer:,B,Relationship,00539-zUG6FL9TYeR_0.png
00352-zmZvNTCxMZE,0,Is the fire extinguisher closer to the window than the radiator is in the room?,"['Yes', 'No', 'They are equidistant', 'Cannot be determined']",Is the fire extinguisher closer to the window than the radiator is in the room? A) Yes B) No C) They are equidistant D) Cannot be determined. Answer:,B,Comparison,00352-zmZvNTCxMZE_1.png
00172-bB6nKqfsb1z,0,Is the door closer in proximity to the windows in the same room?,"['Yes', 'No', 'Maybe', 'Not enough information']",Is the door closer in proximity to the windows in the same room? A) Yes B) No C) Maybe D) Not enough information. Answer:,A,Relationship,00172-bB6nKqfsb1z_1.png
002621xGrZPxG1Hz,0,Is the couch longer than the bed in terms of seating or lying space?,"['Yes', 'No', 'Both are equal in length', 'Cannot be determined']",Is the couch longer than the bed in terms of seating or lying space? A) Yes B) No C) Both are equal in length D) Cannot be determined. Answer:,D,Comparison,002621xGrZPxG1Hz_0.png
00588-YWy9hV7RfQB,0,Is the mirror closer to the floor than the window with curtains in the house?,"['Yes', 'No', 'The same height', 'Cannot determine']",Is the mirror closer to the floor than the window with curtains in the house? A) Yes B) No C) The same height D) Cannot determine. Answer:,B,Comparison,00588-YWy9hV7RfQB_1.png
00490-BUFVGDCQNGb,0,Are the shelves taller than the tables in the shop?,"['Yes', 'No', 'Some are', ""It's not clear""]",Are the shelves taller than the tables in the shop? A) Yes B) No C) Some are D) It's not clear. Answer:,A,Comparison,00490-BUFVGDCQNGb_1.png
00496-eWKqgQbVZow,0,Is the bed a similar color to the sofa?,"['Yes', 'No', 'Only partially', 'Cannot determine']",Is the bed a similar color to the sofa? A) Yes B) No C) Only partially D) Cannot determine. Answer:,B,Attribute,00496-eWKqgQbVZow_1.png
00849-a8BtkwhxdRV,0,Is the toilet closer than the chair to a window in this house?,"['Yes', 'No', 'They are equidistant', 'Cannot tell']",Is the toilet closer than the chair to a window in this house? A) Yes B) No C) They are equidistant D) Cannot tell. Answer:,A,Relationship,00849-a8BtkwhxdRV_1.png
00286-UbsJXeCkJBA,0,Is the bed closer to the window than the desk chair in the house?,"['Yes', 'No', 'They are equally close', 'Cannot determine']",Is the bed closer to the window than the desk chair in the house? A) Yes B) No C) They are equally close D) Cannot determine. Answer:,A,Comparison,00286-UbsJXeCkJBA_0.png
00355-Qkm4CooNoPi,0,Is the TV closer to the sofa than to the dining area in the apartment?,"['Yes', 'No', 'They are equidistant', 'Cannot determine']",Is the TV closer to the sofa than to the dining area in the apartment? A) Yes B) No C) They are equidistant D) Cannot determine. Answer:,A,Relationship,00355-Qkm4CooNoPi_1.png
00291-Umx6CdjZfvy,0,Does the wallpaper in the room with the blue bed share the same color as the lamp in that room?,"['Yes', 'No', 'Partially', 'Cannot determine']",Does the wallpaper in the room with the blue bed share the same color as the lamp in that room? A) Yes B) No C) Partially D) Cannot determine. Answer:,A,Comparison,00291-Umx6CdjZfvy_1.png
00386-b3WpMbPFB6q,0,Is the sofa closer to the table compared to the fireplace in the living room?,"['Yes', 'No', 'They are equally distant', 'The distance cannot be determined']",Is the sofa closer to the table compared to the fireplace in the living room? A) Yes B) No C) They are equally distant D) The distance cannot be determined. Answer:,A,Relationship,00386-b3WpMbPFB6q_1.png
00088-z9w4aD7JsiQ,0,Does the window appear to be closer to the ceiling than the door in the living room?,"['Yes', 'No', 'Same distance', 'Not applicable']",Does the window appear to be closer to the ceiling than the door in the living room? A) Yes B) No C) Same distance D) Not applicable. Answer:,B,Relationship,00088-z9w4aD7JsiQ_0.png
00838-kJJyRFXVpx2,0,Does the door share the same color as the painting in the living room?,"['Yes', 'No', 'Only partially', 'The painting is not visible']",Does the door share the same color as the painting in the living room? A) Yes B) No C) Only partially D) The painting is not visible. Answer:,B,Attribute,00838-kJJyRFXVpx2_1.png
00831-yr17PDCnDDW,0,Is the fire extinguisher closer to the ground than the bottom of the whiteboard in the room?,"['Yes', 'No', 'The fire extinguisher and the whiteboard are at the same height', 'The whiteboard is closer to the ground']",Is the fire extinguisher closer to the ground than the bottom of the whiteboard in the room? A) Yes B) No C) The fire extinguisher and the whiteboard are at the same height D) The whiteboard is closer to the ground. Answer:,A,Comparison,00831-yr17PDCnDDW_0.png
00211-hmRxh2mmzNC,0,Is the cabinet's color similar to the wardrobe's color?,"['Yes', 'No', 'Only slightly', 'They have no color']",Is the cabinet's color similar to the wardrobe's color? A) Yes B) No C) Only slightly D) They have no color. Answer:,A,Comparison,00211-hmRxh2mmzNC_1.png
00235-DWsM2ficpne,0,Is the dresser in the room the same color as the door inside the room with the ceiling fan?,"['Yes', 'No', 'Only slightly', ""Can't tell""]",Is the dresser in the room the same color as the door inside the room with the ceiling fan? A) Yes B) No C) Only slightly D) Can't tell. Answer:,B,Attribute,00235-DWsM2ficpne_0.png
00752-vKuDtqxh7YQ,0,Does the washing machine appear closer to the water heater than the refrigerator?,"['Yes', 'No', 'Both are equidistant', 'Impossible to determine']",Does the washing machine appear closer to the water heater than the refrigerator? A) Yes B) No C) Both are equidistant D) Impossible to determine. Answer:,A,Relationship,00752-vKuDtqxh7YQ_0.png
00650-AqGu9nUng3L,0,Is the treadmill closer to the exercise bike than the dining table in the sunroom?,"['Yes', 'No', 'They are equally distant', 'Depends on the perspective']",Is the treadmill closer to the exercise bike than the dining table in the sunroom? A) Yes B) No C) They are equally distant D) Depends on the perspective. Answer:,A,Relationship,00650-AqGu9nUng3L_1.png
00597-D8aaq3PH6dG,0,Is the microwave above the oven in the kitchen?,"['Yes', 'No', 'They are side by side', 'Oven is above the microwave']",Is the microwave above the oven in the kitchen? A) Yes B) No C) They are side by side D) Oven is above the microwave. Answer:,A,Attribute,00597-D8aaq3PH6dG_0.png
00264-GfF9TQ34x37,0,Is the number of chairs greater than the number of tables in the pub?,"['Yes', 'No', 'Same', 'Cannot determine']",Is the number of chairs greater than the number of tables in the pub? A) Yes B) No C) Same D) Cannot determine. Answer:,A,Comparison,00264-GfF9TQ34x37_0.png
00724-H77MhktmmAF,0,Is the door in the garage similar in appearance to the door in the kitchen?,"['Yes', 'No', 'Only the color', 'Only the material']",Is the door in the garage similar in appearance to the door in the kitchen? A) Yes B) No C) Only the color D) Only the material. Answer:,A,Comparison,00724-H77MhktmmAF_1.png
00789-UAByLdpaokx,0,Is the vent positioned closer to the wall than the ceiling light in the room?,"['Yes', 'No', 'Both have the same distance', 'Not enough information']",Is the vent positioned closer to the wall than the ceiling light in the room? A) Yes B) No C) Both have the same distance D) Not enough information. Answer:,A,Comparison,00789-UAByLdpaokx_0.png
00661-SSwbmq72C21,0,Is the stove closer to the refrigerator than to the corner cabinet in the kitchen?,"['Yes', 'No', 'Both are equally close', 'Cannot determine']",Is the stove closer to the refrigerator than to the corner cabinet in the kitchen? A) Yes B) No C) Both are equally close D) Cannot determine. Answer:,A,Relationship,00661-SSwbmq72C21_0.png
00848-ziup5kvtCCR,0,Does the washer have the same height as the dryer in the laundry room?,"['Yes', 'No', 'The washer is taller', 'The dryer is taller']",Does the washer have the same height as the dryer in the laundry room? A) Yes B) No C) The washer is taller D) The dryer is taller. Answer:,A,Comparison,00848-ziup5kvtCCR_1.png
00888-hDBqLgydy1n,0,Is the window closer to the ground than the door in the same house?,"['Yes', 'No', 'They are at the same height', 'Cannot determine']",Is the window closer to the ground than the door in the same house? A) Yes B) No C) They are at the same height D) Cannot determine. Answer:,B,Comparison,00888-hDBqLgydy1n_1.png
00509-gDDiZeyaVc2,0,Do the ceiling fan and curtains in the bedroom have matching colors?,"['Yes', 'No', 'Partially', 'Not visible']",Do the ceiling fan and curtains in the bedroom have matching colors? A) Yes B) No C) Partially D) Not visible. Answer:,B,Comparison,00509-gDDiZeyaVc2_1.png
00722-EU6QPFpqdoU,0,Is the wood stove in the same room as the ceiling fan?,"['Yes', 'No', 'Only partially', 'Cannot tell']",Is the wood stove in the same room as the ceiling fan? A) Yes B) No C) Only partially D) Cannot tell. Answer:,A,Relationship,00722-EU6QPFpqdoU_1.png
00679-wFCLkVy4n9U,0,Is the television farther from the entrance than the sofa in the living room?,"['Yes', 'No', 'Cannot determine', 'Same distance']",Is the television farther from the entrance than the sofa in the living room? A) Yes B) No C) Cannot determine D) Same distance. Answer:,B,Relationship,00679-wFCLkVy4n9U_1.png
00151-D8bT1ambLFc,0,Is the ceiling fan closer to the door than the lamp in the room?,"['Yes', 'No', 'They are equally distant', 'There is no door']",Is the ceiling fan closer to the door than the lamp in the room? A) Yes B) No C) They are equally distant D) There is no door. Answer:,A,Relationship,00151-D8bT1ambLFc_1.png
00142-DwDDvGo9QdA,0,Is the column closer than the table to the entrance in the hallway?,"['Yes, the column is closer', 'No, the table is closer', 'They are equidistant', 'Neither is near the entrance']","Is the column closer than the table to the entrance in the hallway? A) Yes, the column is closer B) No, the table is closer C) They are equidistant D) Neither is near the entrance. Answer:",A,Relationship,00142-DwDDvGo9QdA_0.png
00772-zJ3fVx3BZYR,0,Are the ladder and boxes in the same room?,"['Yes', 'No', 'Cannot determine', 'The image is unclear']",Are the ladder and boxes in the same room? A) Yes B) No C) Cannot determine D) The image is unclear. Answer:,A,Relationship,00772-zJ3fVx3BZYR_0.png
00561-VhissfC8ggN,0,Is the stove bigger than the fireplace in the house?,"['Yes', 'No', 'They are the same size', 'Cannot be determined']",Is the stove bigger than the fireplace in the house? A) Yes B) No C) They are the same size D) Cannot be determined. Answer:,B,Comparison,00561-VhissfC8ggN_0.png
00273-8DDKELpgD99,0,Is the TV placed on top of the dresser in the bedroom with the orange wall?,"['Yes', 'No', 'Only partially', 'There is no TV']",Is the TV placed on top of the dresser in the bedroom with the orange wall? A) Yes B) No C) Only partially D) There is no TV. Answer:,A,Relationship,00273-8DDKELpgD99_1.png
00385-PB8eQHRTRRK,0,Does the sofa face the mirror in the room with the blue carpet?,"['Yes', 'No', 'Partially', 'Cannot determine']",Does the sofa face the mirror in the room with the blue carpet? A) Yes B) No C) Partially D) Cannot determine. Answer:,A,Relationship,00385-PB8eQHRTRRK_0.png
00768-Gg8W275oKZE,0,Is the kitchen sink farther away from the outdoor steps than the front door?,"['Yes', 'No', 'Equal distance', 'Cannot determine']",Is the kitchen sink farther away from the outdoor steps than the front door? A) Yes B) No C) Equal distance D) Cannot determine. Answer:,A,Comparison,00768-Gg8W275oKZE_1.png
00735-ypcVfePF8TG,0,Are the chairs around the table in the kitchen?,"['Yes', 'No', 'Some are missing', 'They are not visible']",Are the chairs around the table in the kitchen? A) Yes B) No C) Some are missing D) They are not visible. Answer:,A,Attribute,00735-ypcVfePF8TG_0.png
00020-XYyR54sxe6b,0,Is the mirror positioned above the dresser in the room?,"['Yes', 'No', 'They are side by side', 'The dresser is above the mirror']",Is the mirror positioned above the dresser in the room? A) Yes B) No C) They are side by side D) The dresser is above the mirror. Answer:,A,Relationship,00020-XYyR54sxe6b_0.png
00335-janiYDpzM9j,0,Does the window in the bathroom have a similar size to the window in the bedroom?,"['Yes', 'No', 'The bathroom window is larger', 'The bedroom window is larger']",Does the window in the bathroom have a similar size to the window in the bedroom? A) Yes B) No C) The bathroom window is larger D) The bedroom window is larger. Answer:,A,Comparison,00335-janiYDpzM9j_0.png
00713-kxWk8ZMDE1N,0,Is the bed closer to the wardrobe than the window in the room?,"['Yes', 'No', 'They are equidistant', 'Cannot determine from the image']",Is the bed closer to the wardrobe than the window in the room? A) Yes B) No C) They are equidistant D) Cannot determine from the image. Answer:,A,Relationship,00713-kxWk8ZMDE1N_0.png
00820-mL8ThkuaVTM,0,Are the couch and black storage baskets located in different rooms of the house?,"['Yes', 'No', 'They are in the same room', 'Not enough information']",Are the couch and black storage baskets located in different rooms of the house? A) Yes B) No C) They are in the same room D) Not enough information. Answer:,A,Relationship,00820-mL8ThkuaVTM_1.png
00467-mggziYKSc6S,0,Is the door in the bedroom closer to the window than the door in the living room?,"['Yes', 'No', 'They are the same distance', 'There is no window in the bedroom']",Is the door in the bedroom closer to the window than the door in the living room? A) Yes B) No C) They are the same distance D) There is no window in the bedroom. Answer:,A,Relationship,00467-mggziYKSc6S_1.png
00503-aqx6EomMgTf,0,Does the vase have the same color as the plant in the room?,"['Yes', 'No', 'Partially', 'Cannot be determined']",Does the vase have the same color as the plant in the room? A) Yes B) No C) Partially D) Cannot be determined. Answer:,B,Attribute,00503-aqx6EomMgTf_1.png
00891-cvZr5TUy5C5,0,Is the table made of the same material as the staircase?,"['Yes', 'No', 'Partially', 'Cannot Determine']",Is the table made of the same material as the staircase? A) Yes B) No C) Partially D) Cannot Determine. Answer:,B,Comparison,00891-cvZr5TUy5C5_1.png
00095-HsYeeztxPG6,0,Is the banister closer to the ceiling light in the hallway than the banister distance from the door in the hallway?,"['Yes', 'No', 'They are equidistant', 'Cannot determine']",Is the banister closer to the ceiling light in the hallway than the banister distance from the door in the hallway? A) Yes B) No C) They are equidistant D) Cannot determine. Answer:,B,Relationship,00095-HsYeeztxPG6_0.png
00067-osQy15y8EVT,0,Are the couches in the same room as the window blinds?,"['Yes', 'No', 'Only one couch is in the same room as the blinds', 'There are no window blinds']",Are the couches in the same room as the window blinds? A) Yes B) No C) Only one couch is in the same room as the blinds D) There are no window blinds. Answer:,A,Relationship,00067-osQy15y8EVT_1.png
00265-3Ao63EY7J83,0,Is the door closer to the staircase than the sofa in the living room?,"['Yes', 'No', 'Both are equidistant', 'Cannot determine']",Is the door closer to the staircase than the sofa in the living room? A) Yes B) No C) Both are equidistant D) Cannot determine. Answer:,B,Relationship,00265-3Ao63EY7J83_0.png
00783-J9adB1bm54A,0,Is the bathtub closer to the floor than the staircase in the house?,"['Yes', 'No', 'They are at the same height', 'Height cannot be determined']",Is the bathtub closer to the floor than the staircase in the house? A) Yes B) No C) They are at the same height D) Height cannot be determined. Answer:,A,Comparison,00783-J9adB1bm54A_1.png
00287-SBHLgvFTVMZ,0,Is the dresser in the bedroom closer to the lamp than to the bed in the same room?  ,"['Yes', 'No', 'They are equidistant', 'Not enough information]']",Is the dresser in the bedroom closer to the lamp than to the bed in the same room?   A) Yes B) No C) They are equidistant D) Not enough information]. Answer:,B,Relationship,00287-SBHLgvFTVMZ_0.png
00888-hDBqLgydy1n,0,Is the sink closer to the door in the kitchen than the door in the entryway?,"['Yes', 'No', 'They are equidistant', 'Cannot determine']",Is the sink closer to the door in the kitchen than the door in the entryway? A) Yes B) No C) They are equidistant D) Cannot determine. Answer:,B,Relationship,00888-hDBqLgydy1n_0.png
00267-gQ3xxshDiCz,0,Is the door closer to the viewer than the television in the same room?,"['Yes', 'No', 'They are equidistant', 'Unable to determine']",Is the door closer to the viewer than the television in the same room? A) Yes B) No C) They are equidistant D) Unable to determine. Answer:,A,Relationship,00267-gQ3xxshDiCz_1.png
00297-jGdNyKqGZJw,0,Is the kitchen cabinet bigger than the bathroom cabinet?,"['Yes', 'No', 'The same size', 'Cannot determine']",Is the kitchen cabinet bigger than the bathroom cabinet? A) Yes B) No C) The same size D) Cannot determine. Answer:,A,Comparison,00297-jGdNyKqGZJw_0.png
00885-dVW2D7TDctW,0,Is the sofa closer to the wall than the fireplace?,"['Yes', 'No', 'They are the same distance', 'Cannot be determined']",Is the sofa closer to the wall than the fireplace? A) Yes B) No C) They are the same distance D) Cannot be determined. Answer:,A,Relationship,00885-dVW2D7TDctW_1.png
00350-amdKHm5GAM1,0,Is the washing machine larger in size compared to the air conditioner in the house? ,"['Yes', 'No', 'They are the same size', 'Only one is in the house']",Is the washing machine larger in size compared to the air conditioner in the house?  A) Yes B) No C) They are the same size D) Only one is in the house. Answer:,A,Comparison,00350-amdKHm5GAM1_0.png
00809-Qpor2mEya8F,0,Is the bed closer to windows than the fireplace is to windows in the house?,"['Yes', 'No', 'Both are equally close', 'Cannot determine']",Is the bed closer to windows than the fireplace is to windows in the house? A) Yes B) No C) Both are equally close D) Cannot determine. Answer:,A,Comparison,00809-Qpor2mEya8F_1.png
00742-aYhkzj2fEhP,0,Is the bathtub bigger than the toilet in the bathroom?,"['Yes', 'No', 'They are the same size', 'There is no bathtub']",Is the bathtub bigger than the toilet in the bathroom? A) Yes B) No C) They are the same size D) There is no bathtub. Answer:,A,Comparison,00742-aYhkzj2fEhP_0.png
00013-sfbj7jspYWj,0,Does the window in the room have similar color to the door in the same room?,"['Yes', 'No', 'The door is darker', 'The window is lighter']",Does the window in the room have similar color to the door in the same room? A) Yes B) No C) The door is darker D) The window is lighter. Answer:,A,Comparison,00013-sfbj7jspYWj_0.png
00020-XYyR54sxe6b,0,Is the fireplace closer to the couch or desk in the living room?,"['Couch', 'Desk', 'Both equally', 'Neither']",Is the fireplace closer to the couch or desk in the living room? A) Couch B) Desk C) Both equally D) Neither. Answer:,A,Comparison,00020-XYyR54sxe6b_1.png
00169-3KZbo846fxq,0,Is the smoke detector closer to the ceiling than the light fixture in the house?,"['Yes', 'No', 'They are at the same level', 'Cannot determine']",Is the smoke detector closer to the ceiling than the light fixture in the house? A) Yes B) No C) They are at the same level D) Cannot determine. Answer:,A,Comparison,00169-3KZbo846fxq_1.png
00227-bvdRzJBgJyg,0,Does the door share the same color as the curtain?,"['Yes', 'No', 'Partially', 'Uncertain']",Does the door share the same color as the curtain? A) Yes B) No C) Partially D) Uncertain. Answer:,B,Attribute,00227-bvdRzJBgJyg_1.png
00743-31DHHWieDMS,0,Does the yellow curtain share the same color as the yellow pillow in the bedroom?,"['Yes', 'No', 'Partly', 'Cannot determine']",Does the yellow curtain share the same color as the yellow pillow in the bedroom? A) Yes B) No C) Partly D) Cannot determine. Answer:,A,Comparison,00743-31DHHWieDMS_1.png
00339-T7nCRmufFNR,0,Does the television sit above the fireplace in the living room?,"['Yes', 'No', 'The television is not in the living room', 'The fireplace is not in the living room']",Does the television sit above the fireplace in the living room? A) Yes B) No C) The television is not in the living room D) The fireplace is not in the living room. Answer:,A,Relationship,00339-T7nCRmufFNR_0.png
00451-FYYpmNC4gAd,0,Is the bed in the bedroom larger than the door in the hallway?,"['Yes', 'No', 'Same size', 'Cannot determine']",Is the bed in the bedroom larger than the door in the hallway? A) Yes B) No C) Same size D) Cannot determine. Answer:,A,Comparison,00451-FYYpmNC4gAd_0.png
00133-P3kZKzwnEbM,0,Is the bed closer than the dresser to the windows in the bedroom?,"['Yes', 'No', 'Both are equidistant', 'Cannot be determined']",Is the bed closer than the dresser to the windows in the bedroom? A) Yes B) No C) Both are equidistant D) Cannot be determined. Answer:,A,Relationship,00133-P3kZKzwnEbM_1.png
00233-PuFu1zFVc4k,0,Is the wardrobe wider than the door?,"['Yes', 'No', 'Equal width', ""Can't tell""]",Is the wardrobe wider than the door? A) Yes B) No C) Equal width D) Can't tell. Answer:,A,Comparison,00233-PuFu1zFVc4k_0.png
00776-qxwfVS8MQ67,0,Is the door aligned with the window in the room?,"['Yes, they are aligned', 'No, they are not aligned', 'The door is in front of the window', 'The window is on the opposite side of the door']","Is the door aligned with the window in the room? A) Yes, they are aligned B) No, they are not aligned C) The door is in front of the window D) The window is on the opposite side of the door. Answer:",B,Relationship,00776-qxwfVS8MQ67_1.png
00393-dD37vuCa4FE,0,Is the wall sculpture closer to the door than the fireplace in the house?,"['Yes', 'No', 'They are equally distant', 'Cannot determine']",Is the wall sculpture closer to the door than the fireplace in the house? A) Yes B) No C) They are equally distant D) Cannot determine. Answer:,A,Relationship,00393-dD37vuCa4FE_1.png
00425-SSbSnMigayt,0,Does the TV in the living room face the couch in the same room?,"['Yes', 'No', 'Partially', 'Cannot determine']",Does the TV in the living room face the couch in the same room? A) Yes B) No C) Partially D) Cannot determine. Answer:,A,Relationship,00425-SSbSnMigayt_1.png
00504-frThKkhTwFT,0,Is the circular window closer to the ground than the bathtub is in the house?,"['Yes', 'No', ""Can't tell"", 'Both are at the same level']",Is the circular window closer to the ground than the bathtub is in the house? A) Yes B) No C) Can't tell D) Both are at the same level. Answer:,B,Comparison,00504-frThKkhTwFT_1.png
000921mCzDx3EMom,0,Are there more jeans than shirts displayed in the store?,"['Yes', 'No', 'Same number', 'Cannot determine']",Are there more jeans than shirts displayed in the store? A) Yes B) No C) Same number D) Cannot determine. Answer:,A,Comparison,000921mCzDx3EMom_0.png
00635-drvaU627cQh,0,Is the sofa in the living room closer to the window than the TV on the wall?,"['Yes', 'No', 'They are equidistant', 'Cannot be determined']",Is the sofa in the living room closer to the window than the TV on the wall? A) Yes B) No C) They are equidistant D) Cannot be determined. Answer:,A,Relationship,00635-drvaU627cQh_0.png
00898-8CRYizAb6yd,0,Does the wall and the air vent appear in the same room?,"['Yes', 'No', 'Sometimes', 'Not visible']",Does the wall and the air vent appear in the same room? A) Yes B) No C) Sometimes D) Not visible. Answer:,A,Relationship,00898-8CRYizAb6yd_1.png
00708-eUJx9a4u63E,0,Is the washing machine closer to the wall than the refrigerator in the house?,"['Yes', 'No', 'Both are the same distance', 'Not clear']",Is the washing machine closer to the wall than the refrigerator in the house? A) Yes B) No C) Both are the same distance D) Not clear. Answer:,A,Comparison,00708-eUJx9a4u63E_1.png
00711-tTcuEfoAQXv,0,Is the washing machine larger than the stove in the house?,"['Yes', 'No', 'They are the same size', 'Cannot determine']",Is the washing machine larger than the stove in the house? A) Yes B) No C) They are the same size D) Cannot determine. Answer:,A,Comparison,00711-tTcuEfoAQXv_1.png
00415-rBmEe6ab5VP,0,Is the wardrobe taller than the bicycle in the room?,"['Yes', 'No', 'They are the same height', ""Can't determine""]",Is the wardrobe taller than the bicycle in the room? A) Yes B) No C) They are the same height D) Can't determine. Answer:,B,Comparison,00415-rBmEe6ab5VP_1.png
00382-S7uMvxjBVZq,0,Does the window have blinds and does the door have a handle?,"['Yes, both do', 'No, neither do', 'Only the window does', 'Only the door does']","Does the window have blinds and does the door have a handle? A) Yes, both do B) No, neither do C) Only the window does D) Only the door does. Answer:",A,Attribute,00382-S7uMvxjBVZq_0.png
00634-A1jHexSJuAW,0,Is the sofa bed closer to the window than the TV is to the window in the same room?,"['Yes', 'No', 'They are equally close', 'The TV is closer to the window']",Is the sofa bed closer to the window than the TV is to the window in the same room? A) Yes B) No C) They are equally close D) The TV is closer to the window. Answer:,A,Relationship,00634-A1jHexSJuAW_1.png
00284-4GfZ9TTZUwL,0,Does the towel in the bathroom share the same color as the sofa in the living room?,"['Yes', 'No', 'Partially', 'Cannot Determine']",Does the towel in the bathroom share the same color as the sofa in the living room? A) Yes B) No C) Partially D) Cannot Determine. Answer:,B,Comparison,00284-4GfZ9TTZUwL_0.png
00887-hyFzGGJCSYs,0,Is the sofa closer to the radiator than the bookshelf in the living room?,"['Yes', 'No', 'Both are equally close', 'Cannot determine']",Is the sofa closer to the radiator than the bookshelf in the living room? A) Yes B) No C) Both are equally close D) Cannot determine. Answer:,A,Relationship,00887-hyFzGGJCSYs_1.png
00137-2tqbn5VLQoq,0,Is the fireplace taller than the television?,"['Yes', 'No', 'They are the same height', 'Cannot be determined']",Is the fireplace taller than the television? A) Yes B) No C) They are the same height D) Cannot be determined. Answer:,B,Comparison,00137-2tqbn5VLQoq_0.png
00478-QDvRVeWFCjM,0,Are the refrigerator and kitchen cabinets the same color in the kitchen?,"['Yes', 'No', 'Only the refrigerator is white', 'Only the cabinets are white']",Are the refrigerator and kitchen cabinets the same color in the kitchen? A) Yes B) No C) Only the refrigerator is white D) Only the cabinets are white. Answer:,A,Attribute,00478-QDvRVeWFCjM_0.png
00526-PFLHHbjscNN,0,Is the sofa closer than the stairs to the balcony in this house?,"['Yes', 'No', 'They are equally close', 'Not enough information']",Is the sofa closer than the stairs to the balcony in this house? A) Yes B) No C) They are equally close D) Not enough information. Answer:,A,Relationship,00526-PFLHHbjscNN_0.png
00177-VSxVP19Cdyw,0,Are the paintings in the dining room larger than the clock on the wall in the office?,"['Yes', 'No', 'They are the same size', 'The clock is larger']",Are the paintings in the dining room larger than the clock on the wall in the office? A) Yes B) No C) They are the same size D) The clock is larger. Answer:,A,Comparison,00177-VSxVP19Cdyw_0.png
00312-UrFKpVJpvHi,0,Does the TV share the same size as the mirror?,"['Yes', 'No', 'They are similar', 'Cannot be determined']",Does the TV share the same size as the mirror? A) Yes B) No C) They are similar D) Cannot be determined. Answer:,B,Comparison,00312-UrFKpVJpvHi_0.png
00097-rPwrKEnR3fk,0,Is the bed closer to the wall than the desk in the house?,"['Yes', 'No', 'Both are equidistant', 'Cannot determine']",Is the bed closer to the wall than the desk in the house? A) Yes B) No C) Both are equidistant D) Cannot determine. Answer:,A,Comparison,00097-rPwrKEnR3fk_0.png
00037-oKFJo8jpzRW,0,Do the mirror in the bedroom and the mirror in the bathroom have the same shape?,"['Yes', 'No', 'Only one mirror is visible', 'Cannot determine']",Do the mirror in the bedroom and the mirror in the bathroom have the same shape? A) Yes B) No C) Only one mirror is visible D) Cannot determine. Answer:,A,Attribute,00037-oKFJo8jpzRW_0.png
00282-8nSVqHLMRwQ,0,Does the surfboard in the room share the same color as the sculpture?,"['Yes', 'No', 'Partly', 'Cannot be determined']",Does the surfboard in the room share the same color as the sculpture? A) Yes B) No C) Partly D) Cannot be determined. Answer:,B,Comparison,00282-8nSVqHLMRwQ_1.png
00421-gamLwhSzHci,0,Is the staircase closer to the entrance than the bookshelf in the house?,"['Yes', 'No', 'They are equally distant', 'Cannot be determined']",Is the staircase closer to the entrance than the bookshelf in the house? A) Yes B) No C) They are equally distant D) Cannot be determined. Answer:,B,Comparison,00421-gamLwhSzHci_0.png
00041-QKfBMSSy7Hy,0,Is the door closer to the chair in the hallway or the living room?,"['Hallway', 'Living Room', 'Equally Close', 'Cannot Determine']",Is the door closer to the chair in the hallway or the living room? A) Hallway B) Living Room C) Equally Close D) Cannot Determine. Answer:,A,Relationship,00041-QKfBMSSy7Hy_0.png
00774-S3YyrKoJ7k6,0,Does the window in the image have curtains?,"['Yes', 'No', 'Only partially', 'Curtains are not visible']",Does the window in the image have curtains? A) Yes B) No C) Only partially D) Curtains are not visible. Answer:,A,Attribute,00774-S3YyrKoJ7k6_1.png
00554-rihBP3nC6p4,0,Is the bed closer to the window in the bedroom compared to the distance between the window and the kitchen counter in the kitchen?,"['Yes', 'No', 'They are equidistant', 'Cannot determine']",Is the bed closer to the window in the bedroom compared to the distance between the window and the kitchen counter in the kitchen? A) Yes B) No C) They are equidistant D) Cannot determine. Answer:,A,Comparison,00554-rihBP3nC6p4_1.png
00343-5graSmdK3Bj,0,Is the color of the sofa similar to the chairs?,"['Yes', 'No', 'Only the seat cushions', 'Only the armrests']",Is the color of the sofa similar to the chairs? A) Yes B) No C) Only the seat cushions D) Only the armrests. Answer:,B,Comparison,00343-5graSmdK3Bj_1.png
00694-Lva3QmSMsTr,0,Is the TV larger than the Mirror in the images?,"['Yes', 'No', 'They are the same size', 'Only one is visible']",Is the TV larger than the Mirror in the images? A) Yes B) No C) They are the same size D) Only one is visible. Answer:,B,Comparison,00694-Lva3QmSMsTr_0.png
00195-enfahKs8XHw,0,Does the desk have more chairs around it compared to other desks in the office?,"['Yes', 'No', 'Equal', 'Not visible']",Does the desk have more chairs around it compared to other desks in the office? A) Yes B) No C) Equal D) Not visible. Answer:,A,Comparison,00195-enfahKs8XHw_0.png
00760-5Poh4Qz68hd,0,Does the door share the same color as the wall in the room?,"['Yes', 'No', 'Only partially', 'The door is unpainted']",Does the door share the same color as the wall in the room? A) Yes B) No C) Only partially D) The door is unpainted. Answer:,A,Comparison,00760-5Poh4Qz68hd_1.png
00082-y4YiUQwvWGH,0,Does the door lead to the room with the seats?,"['Yes', 'No', 'Unsure', 'None of the above']",Does the door lead to the room with the seats? A) Yes B) No C) Unsure D) None of the above. Answer:,A,Relationship,00082-y4YiUQwvWGH_1.png
00629-MHYu4LWb6qP,0,Does the kitchen cabinet share the same color as the hallway wall?,"['Yes', 'No', 'Partially', 'Cannot determine']",Does the kitchen cabinet share the same color as the hallway wall? A) Yes B) No C) Partially D) Cannot determine. Answer:,B,Comparison,00629-MHYu4LWb6qP_0.png
00706-YHmAkqgwe2p,0,Does the mirror share the same room as the TV?,"['Yes', 'No', 'They are in adjoining rooms', 'Cannot determine']",Does the mirror share the same room as the TV? A) Yes B) No C) They are in adjoining rooms D) Cannot determine. Answer:,B,Relationship,00706-YHmAkqgwe2p_1.png
00504-frThKkhTwFT,0,Is the bathtub larger than the toilet in the bathroom?,"['Yes', 'No', 'They are the same size', 'Cannot determine']",Is the bathtub larger than the toilet in the bathroom? A) Yes B) No C) They are the same size D) Cannot determine. Answer:,A,Comparison,00504-frThKkhTwFT_0.png
00895-auFeVz9Go4m,0,Is the door closer to the staircase in the images?,"['Yes', 'No', 'Cannot determine', 'Both are equally distant']",Is the door closer to the staircase in the images? A) Yes B) No C) Cannot determine D) Both are equally distant. Answer:,A,Relationship,00895-auFeVz9Go4m_1.png
00758-HfMobPm86Xn,0,Is the bed in the same room as the wardrobe?,"['Yes', 'No', 'They are in different rooms', 'There is no bed']",Is the bed in the same room as the wardrobe? A) Yes B) No C) They are in different rooms D) There is no bed. Answer:,A,Relationship,00758-HfMobPm86Xn_1.png
00713-kxWk8ZMDE1N,0,Does the mirror face the dining table in the room?,"['Yes', 'No', 'Partially', ""Can't Determine""]",Does the mirror face the dining table in the room? A) Yes B) No C) Partially D) Can't Determine. Answer:,A,Relationship,00713-kxWk8ZMDE1N_1.png
00637-iNpfPhK1sRz,0,Is the kitchen larger than the bedroom?,"['Yes', 'No', 'They are the same size', 'Not enough information']",Is the kitchen larger than the bedroom? A) Yes B) No C) They are the same size D) Not enough information. Answer:,D,Comparison,00637-iNpfPhK1sRz_1.png
00229-cHumXFzhHUR,0,Are the chairs in the room closer to the curtains or the couch in the same room?,"['Curtains', 'Couch', 'Equally distant', 'Unable to determine']",Are the chairs in the room closer to the curtains or the couch in the same room? A) Curtains B) Couch C) Equally distant D) Unable to determine. Answer:,A,Relationship,00229-cHumXFzhHUR_1.png
00890-6s7QHgap2fW,0,Is the kitchen table longer than the crib in the house?,"['Yes', 'No', 'They are the same length', 'Cannot determine']",Is the kitchen table longer than the crib in the house? A) Yes B) No C) They are the same length D) Cannot determine. Answer:,A,Comparison,00890-6s7QHgap2fW_0.png
00157-3PiKdwyfEkX,0,Is the bed in the bedroom longer than the kitchen countertop in the kitchen?,"['Yes', 'No', 'They appear to be the same length', 'Cannot be determined']",Is the bed in the bedroom longer than the kitchen countertop in the kitchen? A) Yes B) No C) They appear to be the same length D) Cannot be determined. Answer:,B,Comparison,00157-3PiKdwyfEkX_0.png
00270-bDTsgcSK5Qr,0,Is the couch in the living room smaller than the bed in the bedroom?,"['Yes', 'No', 'Same size', 'Cannot determine']",Is the couch in the living room smaller than the bed in the bedroom? A) Yes B) No C) Same size D) Cannot determine. Answer:,A,Comparison,00270-bDTsgcSK5Qr_0.png
00426-X9fRPGxw1jS,0,Is the bed in the room closer to the wall with wooden patterns compared to the shelf in the room?,"['Yes', 'No', 'They are equally distant', 'Cannot determine from the image']",Is the bed in the room closer to the wall with wooden patterns compared to the shelf in the room? A) Yes B) No C) They are equally distant D) Cannot determine from the image. Answer:,A,Relationship,00426-X9fRPGxw1jS_0.png
00789-UAByLdpaokx,0,Is the vent closer to the ceiling than the fireplace in the room?,"['Yes', 'No', 'Same distance', 'Cannot determine']",Is the vent closer to the ceiling than the fireplace in the room? A) Yes B) No C) Same distance D) Cannot determine. Answer:,A,Relationship,00789-UAByLdpaokx_1.png
00592-CthA7sQNTPK,0,Is the chair in the study room smaller than the sofa in the living room?,"['Yes', 'No', 'They are the same size', 'Cannot be determined']",Is the chair in the study room smaller than the sofa in the living room? A) Yes B) No C) They are the same size D) Cannot be determined. Answer:,A,Comparison,00592-CthA7sQNTPK_0.png
00300-GcfUJ79xCZc,0,Is the door closer than the toilet in the house?,"['Yes', 'No', 'Equally distant', 'Cannot determine']",Is the door closer than the toilet in the house? A) Yes B) No C) Equally distant D) Cannot determine. Answer:,A,Relationship,00300-GcfUJ79xCZc_0.png
00557-fRZhp6vWGw7,0,Is the chair closer to the desk or the wall in the kitchen?,"['Desk', 'Wall', 'Equidistant', 'Cannot be determined']",Is the chair closer to the desk or the wall in the kitchen? A) Desk B) Wall C) Equidistant D) Cannot be determined. Answer:,A,Relationship,00557-fRZhp6vWGw7_1.png
00868-vd3HHTEpmyA,0,Is the couch larger than the coffee table in the living room?,"['Yes', 'No', 'They are the same size', 'Cannot determine']",Is the couch larger than the coffee table in the living room? A) Yes B) No C) They are the same size D) Cannot determine. Answer:,A,Comparison,00868-vd3HHTEpmyA_0.png
00105-xWvSkKiWQpC,0,Is the lamp on the table in the room turned on?,"['Yes', 'No', 'The lamp is missing', 'The table is missing']",Is the lamp on the table in the room turned on? A) Yes B) No C) The lamp is missing D) The table is missing. Answer:,A,Attribute,00105-xWvSkKiWQpC_0.png
00458-fFx6oC7EVp7,0,Is the bed in the bedroom closer to the closet than the dining table in the kitchen is to the sink?,"['Yes', 'No', 'They are equidistant', 'Cannot determine from the image']",Is the bed in the bedroom closer to the closet than the dining table in the kitchen is to the sink? A) Yes B) No C) They are equidistant D) Cannot determine from the image. Answer:,A,Relationship,00458-fFx6oC7EVp7_1.png
00641-F8Rw6EWpPRT,0,Is the blue bin closer to the house than the wooden door?,"['Yes', 'No', 'They are the same distance', 'Cannot determine']",Is the blue bin closer to the house than the wooden door? A) Yes B) No C) They are the same distance D) Cannot determine. Answer:,A,Comparison,00641-F8Rw6EWpPRT_1.png
00349-p32JzpQyhPk,0,Is the sofa closer to the TV than the door in the room?,"['Yes', 'No', 'The TV and door are equidistant', 'The sofa is closer to the door']",Is the sofa closer to the TV than the door in the room? A) Yes B) No C) The TV and door are equidistant D) The sofa is closer to the door. Answer:,A,Relationship,00349-p32JzpQyhPk_0.png
00158-YV9M9gZG3YJ,0,Are the couch and the curtains in the living room similar in color?,"['Yes', 'No', 'Only the couch is bright', 'Only the curtains are bright']",Are the couch and the curtains in the living room similar in color? A) Yes B) No C) Only the couch is bright D) Only the curtains are bright. Answer:,A,Attribute,00158-YV9M9gZG3YJ_1.png
00500-fKP4sxcoxpL,0,Does the television share the same room with the plant in the house?,"['Yes', 'No', 'Only in the bedroom', 'Only in the living room']",Does the television share the same room with the plant in the house? A) Yes B) No C) Only in the bedroom D) Only in the living room. Answer:,A,Relationship,00500-fKP4sxcoxpL_1.png
00646-UfhK7KNBg5u,0,Does the plant appear closer to sunlight than the bed?,"['Yes', 'No', 'The same distance', 'Cannot determine']",Does the plant appear closer to sunlight than the bed? A) Yes B) No C) The same distance D) Cannot determine. Answer:,A,Relationship,00646-UfhK7KNBg5u_1.png
00771-8oSQng53cGV,0,Does the staircase appear to have the same color as the door?,"['Yes', 'No', 'They are partially similar', 'Cannot determine']",Does the staircase appear to have the same color as the door? A) Yes B) No C) They are partially similar D) Cannot determine. Answer:,A,Comparison,00771-8oSQng53cGV_0.png
00885-dVW2D7TDctW,0,Does the rug in the main room share the same color as the bed in the bedroom?,"['Yes', 'No', 'Only partially', 'Not visible']",Does the rug in the main room share the same color as the bed in the bedroom? A) Yes B) No C) Only partially D) Not visible. Answer:,B,Attribute,00885-dVW2D7TDctW_0.png
00263-GGBvSFddQgs,0,Is the bed in the bedroom bigger than the sofa in the living room?,"['Yes', 'No', 'Same size', 'Cannot determine']",Is the bed in the bedroom bigger than the sofa in the living room? A) Yes B) No C) Same size D) Cannot determine. Answer:,A,Comparison,00263-GGBvSFddQgs_0.png
00379-58fkJMgLopt,0,Is the door closer to the chair in the living room compared to the chair in the dining room?,"['Yes', 'No', 'They are equidistant', 'Cannot determine']",Is the door closer to the chair in the living room compared to the chair in the dining room? A) Yes B) No C) They are equidistant D) Cannot determine. Answer:,A,Relationship,00379-58fkJMgLopt_1.png
00818-rJhMRvNn4DS,0,Is the lamp brighter than the ceiling light in the house?,"['Yes', 'No', 'Both are equally bright', 'It cannot be determined']",Is the lamp brighter than the ceiling light in the house? A) Yes B) No C) Both are equally bright D) It cannot be determined. Answer:,D,Comparison,00818-rJhMRvNn4DS_1.png
00496-eWKqgQbVZow,0,Does the bathtub have the same material finish as the sink in the bathroom?,"['Yes', 'No', 'Only on the edges', 'Only on the surfaces']",Does the bathtub have the same material finish as the sink in the bathroom? A) Yes B) No C) Only on the edges D) Only on the surfaces. Answer:,B,Attribute,00496-eWKqgQbVZow_0.png
00333-LLecyBe5Eq2,0,Is the TV bigger than the fan in the room?,"['Yes', 'No', 'Same size', 'Cannot determine']",Is the TV bigger than the fan in the room? A) Yes B) No C) Same size D) Cannot determine. Answer:,A,Comparison,00333-LLecyBe5Eq2_1.png
00813-svBbv1Pavdk,0,Is the bed closer to the window than the couch in the apartment?,"['Yes', 'No', 'They are equidistant', 'The couch is closer']",Is the bed closer to the window than the couch in the apartment? A) Yes B) No C) They are equidistant D) The couch is closer. Answer:,A,Relationship,00813-svBbv1Pavdk_1.png
00340-GtqoUWABJ11,0,Is the chair in the dining area the same color as the sofa in the living room?,"['Yes', 'No', 'Only partly', 'Cannot tell']",Is the chair in the dining area the same color as the sofa in the living room? A) Yes B) No C) Only partly D) Cannot tell. Answer:,B,Comparison,00340-GtqoUWABJ11_0.png
00438-XvJjCZv6SYp,0,Is the clock larger than the calendar in the house?,"['Yes', 'No', 'They are the same size', 'Cannot determine']",Is the clock larger than the calendar in the house? A) Yes B) No C) They are the same size D) Cannot determine. Answer:,A,Comparison,00438-XvJjCZv6SYp_1.png
00230-TNx8nti6GNi,0,Is the table in the kitchen surrounded by more chairs than three?,"['Yes, it has more than three chairs.', 'No, it has three chairs.', 'No, it has fewer than three chairs.', 'The number of chairs is unclear from the image.']","Is the table in the kitchen surrounded by more chairs than three? A) Yes, it has more than three chairs. B) No, it has three chairs. C) No, it has fewer than three chairs. D) The number of chairs is unclear from the image.. Answer:",A,Attribute,00230-TNx8nti6GNi_1.png
00570-kyoZhaD9HuW,0,Does the bed share the same color as the painting in the room?,"['Yes', 'No', 'Only partially', 'Not sure']",Does the bed share the same color as the painting in the room? A) Yes B) No C) Only partially D) Not sure. Answer:,B,Comparison,00570-kyoZhaD9HuW_0.png
00427-P3hmFK6Ejnf,0,Is the sofa closer to the TV than the dining table in the living room?,"['Yes', 'No', 'Cannot be determined', 'The sofa and TV are equally far']",Is the sofa closer to the TV than the dining table in the living room? A) Yes B) No C) Cannot be determined D) The sofa and TV are equally far. Answer:,A,Relationship,00427-P3hmFK6Ejnf_1.png
00253-HjxjHvpdeoM,0,Is the bed smaller than the dining table in the house?,"['Yes', 'No', 'They are the same size', 'Cannot be determined']",Is the bed smaller than the dining table in the house? A) Yes B) No C) They are the same size D) Cannot be determined. Answer:,A,Comparison,00253-HjxjHvpdeoM_0.png
00628-tjs8mFdJ7YN,0,Is the lamp on the table in the living room?,"['Yes', 'No', 'The lamp is on the floor', 'The lamp is hanging from the ceiling']",Is the lamp on the table in the living room? A) Yes B) No C) The lamp is on the floor D) The lamp is hanging from the ceiling. Answer:,A,Relationship,00628-tjs8mFdJ7YN_0.png
00134-Mre6deDcPCP,0,Is the television in the living room farther from the door than the ceiling fan in the bedroom?,"['Yes', 'No', 'Same distance', 'Cannot determine']",Is the television in the living room farther from the door than the ceiling fan in the bedroom? A) Yes B) No C) Same distance D) Cannot determine. Answer:,A,Comparison,00134-Mre6deDcPCP_1.png
00403-t3t9ofFLcFU,0,Does the color of the paint cans appear on the display board?,"['Yes', 'No', 'Only some colors', 'Cannot tell']",Does the color of the paint cans appear on the display board? A) Yes B) No C) Only some colors D) Cannot tell. Answer:,A,Attribute,00403-t3t9ofFLcFU_1.png
00052-H1D2FZ8TAv1,0,Is the plant closer to the vase in the living room or the hallway?,"['Living room', 'Hallway', 'Both are equidistant', 'None of the above']",Is the plant closer to the vase in the living room or the hallway? A) Living room B) Hallway C) Both are equidistant D) None of the above. Answer:,A,Relationship,00052-H1D2FZ8TAv1_0.png
00110-ikChNYDHtRf,0,Does the microwave appear to be located directly above the stove in the kitchen?,"['Yes', 'No', 'They are side by side', 'The microwave is below the stove']",Does the microwave appear to be located directly above the stove in the kitchen? A) Yes B) No C) They are side by side D) The microwave is below the stove. Answer:,A,Relationship,00110-ikChNYDHtRf_1.png
00170-S3r45BMWy6H,0,Does the red rug cover a part of the wooden floor in the hallway?,"['Yes', 'No', 'Only partially', 'Not visible']",Does the red rug cover a part of the wooden floor in the hallway? A) Yes B) No C) Only partially D) Not visible. Answer:,A,Relationship,00170-S3r45BMWy6H_1.png
00059-kJxT5qssH4H,0,Is the curtain longer than the window?,"['Yes', 'No', 'They are the same length', 'Not sure']",Is the curtain longer than the window? A) Yes B) No C) They are the same length D) Not sure. Answer:,B,Comparison,00059-kJxT5qssH4H_0.png
00252-kGVKV9k9DCT,0,Does the window have direct access to the terrace?,"['Yes', 'No', 'Not sure', 'Only sometimes']",Does the window have direct access to the terrace? A) Yes B) No C) Not sure D) Only sometimes. Answer:,A,Relationship,00252-kGVKV9k9DCT_0.png
007441S7LAXRdDqK,0,Is the fan in the bedroom located directly above the bed?,"['Yes', 'No', 'Not sure', 'The fan is not in the room']",Is the fan in the bedroom located directly above the bed? A) Yes B) No C) Not sure D) The fan is not in the room. Answer:,A,Relationship,007441S7LAXRdDqK_1.png
00842-hkr2MGpHD6B,0,Is the heater farther from the water heater than the staircase in the basement?,"['Yes', 'No', 'They are equidistant', 'The staircase is closer to the water heater']",Is the heater farther from the water heater than the staircase in the basement? A) Yes B) No C) They are equidistant D) The staircase is closer to the water heater. Answer:,A,Relationship,00842-hkr2MGpHD6B_0.png
00198-eZrc5fLTCmi,0,Is the material of the chairs the same as the table in the dining area?,"['Yes', 'No', 'Only for some chairs', 'Cannot be determined']",Is the material of the chairs the same as the table in the dining area? A) Yes B) No C) Only for some chairs D) Cannot be determined. Answer:,B,Attribute,00198-eZrc5fLTCmi_0.png
00280-FgswoxWb3uN,0,Is the fireplace closer to the floor than the stairs in the house?,"['Yes', 'No', 'Equal', 'Not determinable']",Is the fireplace closer to the floor than the stairs in the house? A) Yes B) No C) Equal D) Not determinable. Answer:,A,Comparison,00280-FgswoxWb3uN_0.png
00775-3z5dc2yzyCb,0,Is the ceiling fan in the living room closer to the floor than the microwave in the kitchen?,"['Yes', 'No', 'Equal', 'Cannot determine']",Is the ceiling fan in the living room closer to the floor than the microwave in the kitchen? A) Yes B) No C) Equal D) Cannot determine. Answer:,B,Comparison,00775-3z5dc2yzyCb_0.png
00715-kjUg7BaQF1C,0,Is the fan closer to the window in the room?,"['Yes', 'No', 'The same distance', 'Cannot determine']",Is the fan closer to the window in the room? A) Yes B) No C) The same distance D) Cannot determine. Answer:,A,Relationship,00715-kjUg7BaQF1C_0.png
00839-zt1RVoi7PcG,0,Is the recliner chair in the office smaller than the sofa in the bedroom?,"['Yes', 'No', 'They are the same size', 'Cannot be determined']",Is the recliner chair in the office smaller than the sofa in the bedroom? A) Yes B) No C) They are the same size D) Cannot be determined. Answer:,A,Comparison,00839-zt1RVoi7PcG_0.png
00025-ixTj1aTMup2,0,Is the bathtub larger than the toilet?,"['Yes', 'No', 'They are the same size', 'Not enough information']",Is the bathtub larger than the toilet? A) Yes B) No C) They are the same size D) Not enough information. Answer:,A,Comparison,00025-ixTj1aTMup2_1.png
00838-kJJyRFXVpx2,0,Is the sofa closer to the windows than the dining table in the living space?,"['Yes', 'No', 'They are equidistant', 'Cannot determine']",Is the sofa closer to the windows than the dining table in the living space? A) Yes B) No C) They are equidistant D) Cannot determine. Answer:,A,Comparison,00838-kJJyRFXVpx2_0.png
00881-u1bkiGRVyu9,0,Is the TV wider than the Painting in the room?,"['Yes', 'No', 'They are the same width', 'Cannot be determined']",Is the TV wider than the Painting in the room? A) Yes B) No C) They are the same width D) Cannot be determined. Answer:,A,Comparison,00881-u1bkiGRVyu9_0.png
00702-wCqnXzoru3X,0,Does the window show more reflection than the mirror in the room?,"['Yes', 'No', 'Both show the same amount', 'Only the mirror reflects']",Does the window show more reflection than the mirror in the room? A) Yes B) No C) Both show the same amount D) Only the mirror reflects. Answer:,B,Comparison,00702-wCqnXzoru3X_1.png
00392-M8PMwoYQTUV,0,Is the door closer to the floor than the window in the house?,"['Yes', 'No', 'Both are at the same level', 'Cannot determine']",Is the door closer to the floor than the window in the house? A) Yes B) No C) Both are at the same level D) Cannot determine. Answer:,A,Comparison,00392-M8PMwoYQTUV_0.png
00545-C2hbxeJWmvX,0,Is the staircase closer to the entrance of the house than the sofa?,"['Yes', 'No', 'They are equidistant', 'It cannot be determined']",Is the staircase closer to the entrance of the house than the sofa? A) Yes B) No C) They are equidistant D) It cannot be determined. Answer:,A,Relationship,00545-C2hbxeJWmvX_0.png
00588-YWy9hV7RfQB,0,Is the oven taller than the microwave in the kitchen?,"['Yes', 'No', 'Same height', 'Cannot be determined']",Is the oven taller than the microwave in the kitchen? A) Yes B) No C) Same height D) Cannot be determined. Answer:,A,Comparison,00588-YWy9hV7RfQB_0.png
00797-99ML7CGPqsQ,0,Are there more doors than windows in the images?,"['Yes', 'No', 'They are equal', 'Cannot determine']",Are there more doors than windows in the images? A) Yes B) No C) They are equal D) Cannot determine. Answer:,B,Comparison,00797-99ML7CGPqsQ_1.png
00106-ZVScmfktNQ1,0,Is the bed smaller than the crib in the room with striped curtains?,"['Yes', 'No', 'They are the same size', 'Cannot determine from the image']",Is the bed smaller than the crib in the room with striped curtains? A) Yes B) No C) They are the same size D) Cannot determine from the image. Answer:,A,Comparison,00106-ZVScmfktNQ1_0.png
00552-eip6PNoeCPr,0,Does the painting have the same size as the mirror in the house?,"['Yes', 'No', 'Cannot tell', 'They are identical']",Does the painting have the same size as the mirror in the house? A) Yes B) No C) Cannot tell D) They are identical. Answer:,B,Comparison,00552-eip6PNoeCPr_1.png
00245-741Fdj7NLF9,0,Does the mirror reflect more light than the cabinet does in the room?,"['Yes', 'No', 'They reflect the same amount of light', 'Unable to determine']",Does the mirror reflect more light than the cabinet does in the room? A) Yes B) No C) They reflect the same amount of light D) Unable to determine. Answer:,A,Attribute,00245-741Fdj7NLF9_1.png
00513-9oGV6Y9nNqB,0,Is the door closer to the bookshelf than the sofa in the room?,"['Yes', 'No', 'Same distance', 'Cannot determine']",Is the door closer to the bookshelf than the sofa in the room? A) Yes B) No C) Same distance D) Cannot determine. Answer:,B,Relationship,00513-9oGV6Y9nNqB_0.png
00636-FXuXGH9YQTW,0,Does the kitchen sink have a similar design as the bathroom sink?,"['Yes, they are identical', 'Yes, but they are slightly different', 'No, they are entirely different', 'The design cannot be determined']","Does the kitchen sink have a similar design as the bathroom sink? A) Yes, they are identical B) Yes, but they are slightly different C) No, they are entirely different D) The design cannot be determined. Answer:",B,Comparison,00636-FXuXGH9YQTW_0.png
00673-WpAGGyZFqQj,0,Are the sofa and curtains in the living room the same color?,"['Yes', 'No', 'Partially', 'Cannot Determine']",Are the sofa and curtains in the living room the same color? A) Yes B) No C) Partially D) Cannot Determine. Answer:,B,Attribute,00673-WpAGGyZFqQj_1.png
00643-ggNAcMh8JPT,0,Is the television closer to the couch or to the staircase in the living room?,"['Closer to the couch', 'Closer to the staircase', 'Equally distant from both', 'None of the above']",Is the television closer to the couch or to the staircase in the living room? A) Closer to the couch B) Closer to the staircase C) Equally distant from both D) None of the above. Answer:,A,Relationship,00643-ggNAcMh8JPT_0.png
00617-AENiMBDjVFb,0,Does the dining table in the dining area share the same color as the work desk in the bedroom?,"['Yes', 'No', 'Only the legs', 'Only the surfaces']",Does the dining table in the dining area share the same color as the work desk in the bedroom? A) Yes B) No C) Only the legs D) Only the surfaces. Answer:,B,Attribute,00617-AENiMBDjVFb_1.png
00166-RaYrxWt5pR1,0,Is the mirror larger than the painting in the room?,"['Yes', 'No', 'Both are the same size', 'Cannot determine']",Is the mirror larger than the painting in the room? A) Yes B) No C) Both are the same size D) Cannot determine. Answer:,B,Comparison,00166-RaYrxWt5pR1_0.png
00361-uXU4dVyyvWa,0,Is the door closer to the table than to the bunk bed?,"['Yes', 'No', 'They are equidistant', 'Cannot be determined']",Is the door closer to the table than to the bunk bed? A) Yes B) No C) They are equidistant D) Cannot be determined. Answer:,B,Relationship,00361-uXU4dVyyvWa_0.png
00314-NwG7cpZnRZb,0,Is the sofa in the living room closer to a window than the stove in the kitchen?,"['Yes', 'No', 'Both are equidistant', 'Not enough information']",Is the sofa in the living room closer to a window than the stove in the kitchen? A) Yes B) No C) Both are equidistant D) Not enough information. Answer:,A,Relationship,00314-NwG7cpZnRZb_0.png
00299-bdp1XNEdvmW,0,Is the thermostat located closer to the wall corner than the light switch in the house?,"['Yes', 'No', 'Both are equidistant', 'Cannot be determined']",Is the thermostat located closer to the wall corner than the light switch in the house? A) Yes B) No C) Both are equidistant D) Cannot be determined. Answer:,A,Relationship,00299-bdp1XNEdvmW_1.png
00390-c9DeZf2fcDf,0,Does the curtain share the same pattern as the bed sheet in the bedroom?,"['Yes', 'No', 'Only partially', 'Not visible']",Does the curtain share the same pattern as the bed sheet in the bedroom? A) Yes B) No C) Only partially D) Not visible. Answer:,A,Attribute,00390-c9DeZf2fcDf_0.png
00694-Lva3QmSMsTr,0,Does the sofa in the living room share the same color as the bed in the bedroom?,"['Yes', 'No', 'Cannot determine', 'They are identical objects']",Does the sofa in the living room share the same color as the bed in the bedroom? A) Yes B) No C) Cannot determine D) They are identical objects. Answer:,A,Comparison,00694-Lva3QmSMsTr_1.png
00732-Z2DQddYp1fn,0,Is the toilet in the same room as the door?,"['Yes', 'No', 'Only sometimes', 'Cannot determine']",Is the toilet in the same room as the door? A) Yes B) No C) Only sometimes D) Cannot determine. Answer:,B,Relationship,00732-Z2DQddYp1fn_1.png
00144-7CXbc73tDRf,0,Is the bed larger than the television?,"['Yes', 'No', 'Cannot be determined', 'They are the same size']",Is the bed larger than the television? A) Yes B) No C) Cannot be determined D) They are the same size. Answer:,B,Comparison,00144-7CXbc73tDRf_1.png
00899-58NLZxWBSpk,0,Is the sink closer to the window than the refrigerator in the kitchen?,"['Yes', 'No', 'They are equidistant', 'The refrigerator is closer']",Is the sink closer to the window than the refrigerator in the kitchen? A) Yes B) No C) They are equidistant D) The refrigerator is closer. Answer:,A,Relationship,00899-58NLZxWBSpk_0.png
00242-JHHVv6QZJMm,0,Does the treadmill face the same direction as the television in the room?,"['Yes', 'No', 'They face opposite directions', 'They are side by side']",Does the treadmill face the same direction as the television in the room? A) Yes B) No C) They face opposite directions D) They are side by side. Answer:,B,Relationship,00242-JHHVv6QZJMm_1.png
00665-NBuk4gePdJm,0,Are the windows closer to the tables in the dining area?,"['Yes', 'No', 'Sometimes', 'Cannot tell']",Are the windows closer to the tables in the dining area? A) Yes B) No C) Sometimes D) Cannot tell. Answer:,A,Relationship,00665-NBuk4gePdJm_0.png
00123-C3ifY177Ldq,0,Is the lamp closer to the cabinet in the living room or in the bedroom?,"['Living room', 'Bedroom', 'Equally close', 'Not present in either room']",Is the lamp closer to the cabinet in the living room or in the bedroom? A) Living room B) Bedroom C) Equally close D) Not present in either room. Answer:,A,Relationship,00123-C3ifY177Ldq_0.png
00109-GTV2Y73Sn5t,0,Is the door closer to the tile wall than it is to the entrance area?,"['Yes', 'No', 'Both are equidistant', 'Cannot determine']",Is the door closer to the tile wall than it is to the entrance area? A) Yes B) No C) Both are equidistant D) Cannot determine. Answer:,B,Relationship,00109-GTV2Y73Sn5t_0.png
00513-9oGV6Y9nNqB,0,Is the door wider than the window in the house?,"['Yes', 'No', 'They are the same width', 'Not enough information']",Is the door wider than the window in the house? A) Yes B) No C) They are the same width D) Not enough information. Answer:,B,Comparison,00513-9oGV6Y9nNqB_1.png
00680-YmWinf3mhb5,0,Does the lamp in the kitchen have the same light color as the chandelier in the living room?,"['Yes', 'No', 'Only the lamp emits light', 'Only the chandelier emits light']",Does the lamp in the kitchen have the same light color as the chandelier in the living room? A) Yes B) No C) Only the lamp emits light D) Only the chandelier emits light. Answer:,A,Comparison,00680-YmWinf3mhb5_0.png
00096-6HRFAUDqpTb,0,Does the bookshelf contain more picture frames than the walls in the room with the couch?,"['Yes', 'No', 'They have an equal number', 'Not enough information to decide']",Does the bookshelf contain more picture frames than the walls in the room with the couch? A) Yes B) No C) They have an equal number D) Not enough information to decide. Answer:,B,Relationship,00096-6HRFAUDqpTb_1.png
00048-aKwZ7VJDAjr,0,Is the color of the dining table the same as the dining chairs?,"['Yes', 'No', 'The table is lighter', 'The chairs are lighter']",Is the color of the dining table the same as the dining chairs? A) Yes B) No C) The table is lighter D) The chairs are lighter. Answer:,A,Comparison,00048-aKwZ7VJDAjr_1.png
00442-tJ7XVoEN82a,0,Does the window in the bedroom allow more light than the window in the basement?,"['Yes', 'No', 'They allow the same amount of light', 'Not visible']",Does the window in the bedroom allow more light than the window in the basement? A) Yes B) No C) They allow the same amount of light D) Not visible. Answer:,A,Comparison,00442-tJ7XVoEN82a_0.png
00290-6HMiy15cxis,0,Does the table in the dining area have the same color as the chairs around it?,"['Yes', 'No', 'Only a few', 'Not visible']",Does the table in the dining area have the same color as the chairs around it? A) Yes B) No C) Only a few D) Not visible. Answer:,A,Attribute,00290-6HMiy15cxis_1.png
00168-bHKTDQFJxTw,0,Is the bar counter closer to the pillar in the second image or in the third image?,"['Second image', 'Third image', 'Both equally', 'Neither']",Is the bar counter closer to the pillar in the second image or in the third image? A) Second image B) Third image C) Both equally D) Neither. Answer:,A,Relationship,00168-bHKTDQFJxTw_1.png
00473-xccdSFAEPau,0,Is the treadmill larger than the bicycle in the gym?,"['Yes', 'No', 'They are the same size', 'Cannot be determined']",Is the treadmill larger than the bicycle in the gym? A) Yes B) No C) They are the same size D) Cannot be determined. Answer:,A,Comparison,00473-xccdSFAEPau_1.png
00034-6imZUJGRUq4,0,Does the toy tractors room have the same floor pattern as the sofa room?,"['Yes', 'No', 'Only one room has a floor pattern', 'Both rooms have different patterns']",Does the toy tractors room have the same floor pattern as the sofa room? A) Yes B) No C) Only one room has a floor pattern D) Both rooms have different patterns. Answer:,A,Comparison,00034-6imZUJGRUq4_1.png
00700-aosjAwX5Lnq,0,Are the display rack and ceramic tiles adjacent to each other in the showroom?,"['Yes', 'No', 'Only in some sections', 'Not visible']",Are the display rack and ceramic tiles adjacent to each other in the showroom? A) Yes B) No C) Only in some sections D) Not visible. Answer:,A,Relationship,00700-aosjAwX5Lnq_1.png
00407-NPHxDe6VeCc,0,Is the radiator closer to the bench in the gym compared to the bench in the living room?,"['Yes', 'No', 'They are at the same distance', 'Not enough information']",Is the radiator closer to the bench in the gym compared to the bench in the living room? A) Yes B) No C) They are at the same distance D) Not enough information. Answer:,A,Comparison,00407-NPHxDe6VeCc_1.png
00458-fFx6oC7EVp7,0,Is the door taller than the ceiling light in the hallway?,"['Yes', 'No', 'They are the same height', 'Cannot be determined']",Is the door taller than the ceiling light in the hallway? A) Yes B) No C) They are the same height D) Cannot be determined. Answer:,A,Comparison,00458-fFx6oC7EVp7_0.png
00880-Nfvxx8J5NCo,0,Is the refrigerator closer to the entrance of the kitchen than the stove?,"['Yes', 'No', 'They are equidistant', 'Not enough information']",Is the refrigerator closer to the entrance of the kitchen than the stove? A) Yes B) No C) They are equidistant D) Not enough information. Answer:,B,Relationship,00880-Nfvxx8J5NCo_0.png
00707-XVSZJAtHKdi,0,Is the table bigger than the desk in the house?,"['Yes', 'No', 'They are the same size', 'Cannot be determined']",Is the table bigger than the desk in the house? A) Yes B) No C) They are the same size D) Cannot be determined. Answer:,A,Comparison,00707-XVSZJAtHKdi_1.png
00241-h6nwVLpAKQz,0,Is the oven in the kitchen bigger than the grill on the deck?,"['Yes', 'No', 'They are the same size', 'Not enough information']",Is the oven in the kitchen bigger than the grill on the deck? A) Yes B) No C) They are the same size D) Not enough information. Answer:,D,Comparison,00241-h6nwVLpAKQz_0.png
00743-31DHHWieDMS,0,Are the paintings on the wall in the living room different?,"['Yes, all are different', 'No, both are the same', 'One is different', 'There are no paintings']","Are the paintings on the wall in the living room different? A) Yes, all are different B) No, both are the same C) One is different D) There are no paintings. Answer:",C,Comparison,00743-31DHHWieDMS_0.png
00327-xgLmjqzoAzF,0,Is the pool table longer than the dining table in the house?,"['Yes', 'No', 'They are the same length', 'Cannot determine from the images']",Is the pool table longer than the dining table in the house? A) Yes B) No C) They are the same length D) Cannot determine from the images. Answer:,A,Comparison,00327-xgLmjqzoAzF_0.png
00657-TSJmdttd2GV,0,Is the fridge taller than the cabinet in the kitchen?,"['Yes', 'No', 'They are the same height', 'Cannot be determined']",Is the fridge taller than the cabinet in the kitchen? A) Yes B) No C) They are the same height D) Cannot be determined. Answer:,A,Comparison,00657-TSJmdttd2GV_0.png
00210-j2EJhFEQGCL,0,Is the curtain longer than the door in the image?,"['Yes', 'No', 'Same length', 'Not sure']",Is the curtain longer than the door in the image? A) Yes B) No C) Same length D) Not sure. Answer:,A,Comparison,00210-j2EJhFEQGCL_1.png
00407-NPHxDe6VeCc,0,Is the sofa longer than the cabinet in the living room?,"['Yes', 'No', 'They are the same length', 'Cannot determine']",Is the sofa longer than the cabinet in the living room? A) Yes B) No C) They are the same length D) Cannot determine. Answer:,A,Comparison,00407-NPHxDe6VeCc_0.png
00112-r38SGhq8aJr,0,Are the flags placed higher than the Guinness sign in the room?,"['Yes', 'No', 'They are at the same height', 'The Guinness sign is higher']",Are the flags placed higher than the Guinness sign in the room? A) Yes B) No C) They are at the same height D) The Guinness sign is higher. Answer:,A,Relationship,00112-r38SGhq8aJr_0.png
00425-SSbSnMigayt,0,Are the curtain and sofa in the same room?,"['Yes', 'No', 'Only the curtain is in the room', 'Only the sofa is in the room']",Are the curtain and sofa in the same room? A) Yes B) No C) Only the curtain is in the room D) Only the sofa is in the room. Answer:,A,Relationship,00425-SSbSnMigayt_0.png
00461-AiY2reLtjYJ,0,Is the window in the kitchen larger than the door in the living room?,"['Yes', 'No', 'They are the same size', 'Cannot determine from the images']",Is the window in the kitchen larger than the door in the living room? A) Yes B) No C) They are the same size D) Cannot determine from the images. Answer:,D,Comparison,00461-AiY2reLtjYJ_0.png
00189-KHhgcNqsc9h,0,Is the fireplace closer to the window in the living room or in the basement?,"['Living room', 'Basement', 'The distance is the same', 'Cannot tell']",Is the fireplace closer to the window in the living room or in the basement? A) Living room B) Basement C) The distance is the same D) Cannot tell. Answer:,A,Relationship,00189-KHhgcNqsc9h_0.png
00224-8m2Sk2sC3DR,0,Is the table in the living room larger than the bed in the bedroom?,"['Yes', 'No', 'They are the same size', 'Cannot be determined']",Is the table in the living room larger than the bed in the bedroom? A) Yes B) No C) They are the same size D) Cannot be determined. Answer:,D,Comparison,00224-8m2Sk2sC3DR_0.png
005431k479icNeHW,0,Is the mirror larger than the door?,"['Yes', 'No', 'They are the same size', 'Cannot be determined']",Is the mirror larger than the door? A) Yes B) No C) They are the same size D) Cannot be determined. Answer:,B,Comparison,005431k479icNeHW_1.png
00156-iQPq34e8hJX,0,Is the crib closer to the chair than the dresser in the bedroom?,"['Yes', 'No', 'Same distance', ""Can't tell""]",Is the crib closer to the chair than the dresser in the bedroom? A) Yes B) No C) Same distance D) Can't tell. Answer:,A,Relationship,00156-iQPq34e8hJX_0.png
00863-b28CWbpQvor,0,Is the chair placed near the couch in the room?,"['Yes', 'No', 'Only on Sundays', 'Not sure']",Is the chair placed near the couch in the room? A) Yes B) No C) Only on Sundays D) Not sure. Answer:,B,Relationship,00863-b28CWbpQvor_0.png
00719-CKbwkKufMWM,0,Is the refrigerator closer to the stove in the white kitchen or the beige kitchen?,"['White kitchen', 'Beige kitchen', 'Both are the same', 'Cannot determine']",Is the refrigerator closer to the stove in the white kitchen or the beige kitchen? A) White kitchen B) Beige kitchen C) Both are the same D) Cannot determine. Answer:,A,Relationship,00719-CKbwkKufMWM_0.png
00205-NEVASPhcrxR,0,Do the curtains completely cover the window in the room?,"['Yes', 'No', 'Partially', 'Cannot tell']",Do the curtains completely cover the window in the room? A) Yes B) No C) Partially D) Cannot tell. Answer:,C,Attribute,00205-NEVASPhcrxR_1.png
00111-AMEM2eWycTq,0,Do the chairs match the table in terms of color in the meeting room?,"['Yes', 'No', 'Some do', 'Not enough information']",Do the chairs match the table in terms of color in the meeting room? A) Yes B) No C) Some do D) Not enough information. Answer:,A,Attribute,00111-AMEM2eWycTq_1.png
00483-boHtwWDWtXh,0,Is the sign closer to the bed or the bathroom?,"['Bed', 'Bathroom', 'Neither', 'Same distance']",Is the sign closer to the bed or the bathroom? A) Bed B) Bathroom C) Neither D) Same distance. Answer:,B,Relationship,00483-boHtwWDWtXh_0.png
00159-DfUQLukPMPc,0,Is the desk larger than the chair in the room beside the one with the floral paintings?,"['Yes', 'No', 'They are the same size', 'Unable to determine']",Is the desk larger than the chair in the room beside the one with the floral paintings? A) Yes B) No C) They are the same size D) Unable to determine. Answer:,A,Comparison,00159-DfUQLukPMPc_1.png
00710-DGXRxHddGAW,0,Is the sink in the bathroom closer to the wall than the table in the kitchen?,"['Yes', 'No', 'Both are equidistant', 'Cannot be determined']",Is the sink in the bathroom closer to the wall than the table in the kitchen? A) Yes B) No C) Both are equidistant D) Cannot be determined. Answer:,A,Comparison,00710-DGXRxHddGAW_0.png
00036-41FNXLAZZgC,0,Is the ceiling fan closer to the bed than the window in the room?,"['Yes', 'No', 'About the same distance', 'Not enough information']",Is the ceiling fan closer to the bed than the window in the room? A) Yes B) No C) About the same distance D) Not enough information. Answer:,A,Relationship,00036-41FNXLAZZgC_1.png
00234-nACV8wLu1u5,0,Is the sofa closer to the window than the stairs in the house?,"['Yes', 'No', 'Both are equidistant', 'Cannot determine']",Is the sofa closer to the window than the stairs in the house? A) Yes B) No C) Both are equidistant D) Cannot determine. Answer:,A,Relationship,00234-nACV8wLu1u5_1.png
00529-W9YAR9qcuvN,0,Is the door wider than the cabinet in the house?,"['Yes', 'No', 'They are the same width', 'Cannot determine']",Is the door wider than the cabinet in the house? A) Yes B) No C) They are the same width D) Cannot determine. Answer:,B,Comparison,00529-W9YAR9qcuvN_1.png
00767-Yr35Q49vqwV,0,Is the sink closer to the toilet than the door in the bathroom?,"['Yes', 'No', 'The sink and toilet are equidistant from the door', 'Cannot determine']",Is the sink closer to the toilet than the door in the bathroom? A) Yes B) No C) The sink and toilet are equidistant from the door D) Cannot determine. Answer:,A,Relationship,00767-Yr35Q49vqwV_1.png
00825-jgPBycuV1Jq,0,Is the fireplace closer to the recliner than the dining table?,"['Yes', 'No', 'Both are equidistant', 'There is no recliner']",Is the fireplace closer to the recliner than the dining table? A) Yes B) No C) Both are equidistant D) There is no recliner. Answer:,A,Comparison,00825-jgPBycuV1Jq_1.png
00798-bpqKLXHnxei,0,Is the radiator closer to a door than the window in these rooms?,"['Yes', 'No', 'Equally distant', 'Cannot determine']",Is the radiator closer to a door than the window in these rooms? A) Yes B) No C) Equally distant D) Cannot determine. Answer:,A,Relationship,00798-bpqKLXHnxei_0.png
001621sM6KvYg3J5,0,Is the bookshelf closer to the plant than the door in the room?,"['Yes', 'No', 'They are equally close', 'Cannot be determined']",Is the bookshelf closer to the plant than the door in the room? A) Yes B) No C) They are equally close D) Cannot be determined. Answer:,A,Relationship,001621sM6KvYg3J5_0.png
00312-UrFKpVJpvHi,0,Is the chair closer to the table than the wall in the living room?,"['Yes', 'No', 'The distances are equal', 'Not determinable']",Is the chair closer to the table than the wall in the living room? A) Yes B) No C) The distances are equal D) Not determinable. Answer:,A,Relationship,00312-UrFKpVJpvHi_1.png
00534-DBBESbk4Y3k,0,Is the carpet area smaller than the wooden floor area in the house?,"['Yes', 'No', ""They're the same size"", 'Cannot determine']",Is the carpet area smaller than the wooden floor area in the house? A) Yes B) No C) They're the same size D) Cannot determine. Answer:,A,Comparison,00534-DBBESbk4Y3k_0.png
00258-2Pc8W48bu21,0,Is the dining table longer than the bench in the dining area?,"['Yes', 'No', 'They are the same length', 'Cannot determine']",Is the dining table longer than the bench in the dining area? A) Yes B) No C) They are the same length D) Cannot determine. Answer:,A,Comparison,00258-2Pc8W48bu21_1.png
00308-gmLDom6XSo7,0,Is the refrigerator farther from the entrance than the oven in the kitchen?,"['Yes', 'No', 'They are equally distant', 'Cannot determine']",Is the refrigerator farther from the entrance than the oven in the kitchen? A) Yes B) No C) They are equally distant D) Cannot determine. Answer:,A,Comparison,00308-gmLDom6XSo7_1.png
00815-h1zeeAwLh9Z,0,Is the door closer to the kitchen than the stairs?,"['Yes', 'No', 'The same distance', 'Cannot be determined']",Is the door closer to the kitchen than the stairs? A) Yes B) No C) The same distance D) Cannot be determined. Answer:,A,Attribute,00815-h1zeeAwLh9Z_1.png
00870-AYpsNQsWncn,0,Do the door and the window appear in the same room?,"['Yes', 'No', 'Only the door is visible', 'Only the window is visible']",Do the door and the window appear in the same room? A) Yes B) No C) Only the door is visible D) Only the window is visible. Answer:,A,Relationship,00870-AYpsNQsWncn_1.png
00359-aTf5zsbjZMb,0,Does the door color match the mirror frame color in the house?,"['Yes', 'No', 'Only the door is white', 'Only the mirror frame is white']",Does the door color match the mirror frame color in the house? A) Yes B) No C) Only the door is white D) Only the mirror frame is white. Answer:,A,Comparison,00359-aTf5zsbjZMb_1.png
00825-jgPBycuV1Jq,0,Does the door in the hallway appear to be larger than the window in the bedroom?,"['Yes', 'No', 'They are the same size', 'Cannot be determined']",Does the door in the hallway appear to be larger than the window in the bedroom? A) Yes B) No C) They are the same size D) Cannot be determined. Answer:,B,Comparison,00825-jgPBycuV1Jq_0.png
00734-4dtmWCb8CDk,0,Are the door and wooden panels in the house made of the same material?,"['Yes', 'No', 'Only the door is wooden', 'Only the panels are wooden']",Are the door and wooden panels in the house made of the same material? A) Yes B) No C) Only the door is wooden D) Only the panels are wooden. Answer:,A,Attribute,00734-4dtmWCb8CDk_1.png
00327-xgLmjqzoAzF,0,Is the tripod closer to the window than the sofa in the room?,"['Yes', 'No', 'Both are equidistant', 'Cannot be determined']",Is the tripod closer to the window than the sofa in the room? A) Yes B) No C) Both are equidistant D) Cannot be determined. Answer:,A,Relationship,00327-xgLmjqzoAzF_1.png
00014-nYYcLpSzihC,0,Does each monitor have a corresponding chair in the room?,"['Yes', 'No', 'Not Sure', 'Only some do']",Does each monitor have a corresponding chair in the room? A) Yes B) No C) Not Sure D) Only some do. Answer:,A,Relationship,00014-nYYcLpSzihC_1.png
00371-6AGcGQf2wof,0,Is the curtain longer than the window in the bedroom?,"['Yes', 'No', 'They are the same length', 'The curtain is shorter']",Is the curtain longer than the window in the bedroom? A) Yes B) No C) They are the same length D) The curtain is shorter. Answer:,A,Attribute,00371-6AGcGQf2wof_0.png
00292-reHtN7VMWkg,0,Does the painting share a similar color palette with the cowhide rug in the house?,"['Yes', 'No', 'Partially', 'They have no discernible colors in common']",Does the painting share a similar color palette with the cowhide rug in the house? A) Yes B) No C) Partially D) They have no discernible colors in common. Answer:,A,Comparison,00292-reHtN7VMWkg_0.png
00199-uHnM1oqv2JL,0,Is the staircase closer to the fireplace than the bookshelves in the living room?,"['Yes', 'No', 'They are equidistant', 'Cannot determine']",Is the staircase closer to the fireplace than the bookshelves in the living room? A) Yes B) No C) They are equidistant D) Cannot determine. Answer:,B,Relationship,00199-uHnM1oqv2JL_1.png
00446-tL6i2PtktSh,0,Is the plant closer to the radiator than the lamp?,"['Yes', 'No', 'They are equidistant', 'The lamp is closer']",Is the plant closer to the radiator than the lamp? A) Yes B) No C) They are equidistant D) The lamp is closer. Answer:,A,Relationship,00446-tL6i2PtktSh_0.png
0008316tymPtM7uS,0,Is the lamp in the living room closer to the window than the painting in the hallway is to the door?,"['Yes', 'No', 'They are equally distant', 'Cannot determine']",Is the lamp in the living room closer to the window than the painting in the hallway is to the door? A) Yes B) No C) They are equally distant D) Cannot determine. Answer:,A,Relationship,0008316tymPtM7uS_1.png
00509-gDDiZeyaVc2,0,Is the couch larger than the table in the living room?,"['Yes', 'No', 'They are the same size', ""Can't determine""]",Is the couch larger than the table in the living room? A) Yes B) No C) They are the same size D) Can't determine. Answer:,A,Comparison,00509-gDDiZeyaVc2_0.png
00219-P6ajptD9tRP,0,Is the lamp directly above the bed in the bedroom?,"['Yes', 'No', 'Only partially', 'Not visible']",Is the lamp directly above the bed in the bedroom? A) Yes B) No C) Only partially D) Not visible. Answer:,A,Relationship,00219-P6ajptD9tRP_1.png
00600-ENhuWpDE5EB,0,Is the bed closer to the mirror than the windows in the bedroom?,"['Yes', 'No', 'They are equidistant', 'Cannot determine']",Is the bed closer to the mirror than the windows in the bedroom? A) Yes B) No C) They are equidistant D) Cannot determine. Answer:,A,Relationship,00600-ENhuWpDE5EB_1.png
00091-SA759ShSs44,0,Is the sink in the bathroom closer to the wall than the stove in the kitchen?,"['Yes', 'No', 'Both are at the same distance', 'Cannot tell']",Is the sink in the bathroom closer to the wall than the stove in the kitchen? A) Yes B) No C) Both are at the same distance D) Cannot tell. Answer:,A,Comparison,00091-SA759ShSs44_1.png
00710-DGXRxHddGAW,0,Is the bed in the bedroom larger than the sofa in the living room?  ,"['Yes', 'No', 'Same size', 'Cannot determine]']",Is the bed in the bedroom larger than the sofa in the living room?   A) Yes B) No C) Same size D) Cannot determine]. Answer:,B,Comparison,00710-DGXRxHddGAW_1.png
00178-yqNxxJnA3iL,0,Is the chair closer to the table in the room with the white wall or the room with the wooden furniture?,"['The room with the white wall', 'The room with the wooden furniture', 'Both are equidistant', 'Cannot determine']",Is the chair closer to the table in the room with the white wall or the room with the wooden furniture? A) The room with the white wall B) The room with the wooden furniture C) Both are equidistant D) Cannot determine. Answer:,A,Relationship,00178-yqNxxJnA3iL_1.png
00806-tQ5s4ShP627,0,Is the television closer to the fireplace in the bedroom or the living room?,"['Bedroom', 'Living room', 'Both the same', 'Neither has a fireplace']",Is the television closer to the fireplace in the bedroom or the living room? A) Bedroom B) Living room C) Both the same D) Neither has a fireplace. Answer:,A,Relationship,00806-tQ5s4ShP627_0.png
00255-NGyoyh91xXJ,0,Is the bathroom sink farther from the mirror than the toilet?,"['Yes', 'No', 'Both are equidistant', 'Not visible']",Is the bathroom sink farther from the mirror than the toilet? A) Yes B) No C) Both are equidistant D) Not visible. Answer:,B,Comparison,00255-NGyoyh91xXJ_0.png
00489-boJrpwDQtu9,0,Is the red locker taller than the white cabinet in the garage?,"['Yes', 'No', 'They are the same height', 'Cannot determine']",Is the red locker taller than the white cabinet in the garage? A) Yes B) No C) They are the same height D) Cannot determine. Answer:,B,Comparison,00489-boJrpwDQtu9_1.png
00090-C8VQQtzUoqV,0,Does the window allow more natural light into the room than the lamp in the room?,"['Yes', 'No', 'They provide equal light', 'Not enough information']",Does the window allow more natural light into the room than the lamp in the room? A) Yes B) No C) They provide equal light D) Not enough information. Answer:,A,Comparison,00090-C8VQQtzUoqV_0.png
00016-qk9eeNeR4vw,0,Does the sofa have the same color as the armchair in the living room?,"['Yes', 'No', 'The sofa is multicolored', 'The armchair is multicolored']",Does the sofa have the same color as the armchair in the living room? A) Yes B) No C) The sofa is multicolored D) The armchair is multicolored. Answer:,A,Comparison,00016-qk9eeNeR4vw_0.png
00528-BCWtGkh8CHv,0,Does the vase share the same color as the lamp in the room?,"['Yes', 'No', 'Partially', 'Cannot determine']",Does the vase share the same color as the lamp in the room? A) Yes B) No C) Partially D) Cannot determine. Answer:,A,Comparison,00528-BCWtGkh8CHv_0.png
00734-4dtmWCb8CDk,0,Is the bed larger than the chair in the bedroom?,"['Yes', 'No', 'They are the same size', 'Cannot determine']",Is the bed larger than the chair in the bedroom? A) Yes B) No C) They are the same size D) Cannot determine. Answer:,A,Comparison,00734-4dtmWCb8CDk_0.png
00515-krsjseyn6fd,0,Is the couch farther from the window than the fireplace in the living room?,"['Yes', 'No', 'They are equidistant', 'Cannot be determined']",Is the couch farther from the window than the fireplace in the living room? A) Yes B) No C) They are equidistant D) Cannot be determined. Answer:,B,Relationship,00515-krsjseyn6fd_1.png
00805-SUHsP6z2gcJ,0,Is the bed larger than the two chairs together?,"['Yes', 'No', 'About the same size', 'Cannot determine']",Is the bed larger than the two chairs together? A) Yes B) No C) About the same size D) Cannot determine. Answer:,A,Comparison,00805-SUHsP6z2gcJ_1.png
00834-AWUFxHEyV3T,0,Is the fish wall mount closer to the entrance than the ceramic vase in the house?,"['Yes', 'No', 'They are equidistant', 'Cannot determine']",Is the fish wall mount closer to the entrance than the ceramic vase in the house? A) Yes B) No C) They are equidistant D) Cannot determine. Answer:,A,Relationship,00834-AWUFxHEyV3T_0.png
00320-nicaPonCxvC,0,Is the balcony railing closer to the table than the chair in the balcony area?,"['Yes', 'No', 'Same distance', 'Cannot be determined']",Is the balcony railing closer to the table than the chair in the balcony area? A) Yes B) No C) Same distance D) Cannot be determined. Answer:,B,Relationship,00320-nicaPonCxvC_0.png
00288-27cQLjQ5CjV,0,Is the lamp closer to the bed than the desk?,"['Yes', 'No', 'Same distance', 'Not visible']",Is the lamp closer to the bed than the desk? A) Yes B) No C) Same distance D) Not visible. Answer:,A,Relationship,00288-27cQLjQ5CjV_1.png
00186-7UdY7HiDnUi,0,Is the microwave positioned above the oven in the kitchen?,"['Yes', 'No', 'They are side by side', 'The oven is above the microwave']",Is the microwave positioned above the oven in the kitchen? A) Yes B) No C) They are side by side D) The oven is above the microwave. Answer:,A,Relationship,00186-7UdY7HiDnUi_0.png
00755-UAGeBzZJgkU,0,Does the wardrobe share the same color as the cabinet?,"['Yes', 'No', 'Only partially', 'Cannot determine']",Does the wardrobe share the same color as the cabinet? A) Yes B) No C) Only partially D) Cannot determine. Answer:,A,Comparison,00755-UAGeBzZJgkU_1.png
00417-nGhNxKrgBPb,0,Is the garage door color the same as the hallway door color?,"['Yes', 'No', 'Only the handles are the same color', 'The doors are both colors']",Is the garage door color the same as the hallway door color? A) Yes B) No C) Only the handles are the same color D) The doors are both colors. Answer:,A,Comparison,00417-nGhNxKrgBPb_1.png
00786-E9hxHD5h4FY,0,Is the garage door taller than the wooden ceiling in the garage?,"['Yes', 'No', 'Cannot determine', 'Same height']",Is the garage door taller than the wooden ceiling in the garage? A) Yes B) No C) Cannot determine D) Same height. Answer:,A,Comparison,00786-E9hxHD5h4FY_0.png
00850-W7k2QWzBrFY,0,Does the countertop share the same color as the curtain?,"['Yes', 'No', 'Only the edges', 'Not visible']",Does the countertop share the same color as the curtain? A) Yes B) No C) Only the edges D) Not visible. Answer:,A,Comparison,00850-W7k2QWzBrFY_1.png
00155-iLDo95ZbDJq,0,Is the sofa positioned on the same side of the room as the rug is located in the living room?,"['Yes', 'No', 'Only part of it', 'They are adjacent']",Is the sofa positioned on the same side of the room as the rug is located in the living room? A) Yes B) No C) Only part of it D) They are adjacent. Answer:,A,Relationship,00155-iLDo95ZbDJq_0.png
00278-dcd823nTKH9,0,Is the table closer to a window than the drawer in the house?,"['Yes, the table is closer', 'No, the drawer is closer', 'Both are at the same distance', 'Unable to determine']","Is the table closer to a window than the drawer in the house? A) Yes, the table is closer B) No, the drawer is closer C) Both are at the same distance D) Unable to determine. Answer:",A,Comparison,00278-dcd823nTKH9_1.png
00027-cVppJowrUqs,0,Does the refrigerator in the kitchen have more height than the bathroom sink?,"['Yes', 'No', 'Same height', 'Cannot determine']",Does the refrigerator in the kitchen have more height than the bathroom sink? A) Yes B) No C) Same height D) Cannot determine. Answer:,A,Comparison,00027-cVppJowrUqs_1.png
00551-zwzTbNq7xoW,0,Is the table taller than the dresser in the house?,"['Yes', 'No', 'They are the same height', 'Cannot determine from images']",Is the table taller than the dresser in the house? A) Yes B) No C) They are the same height D) Cannot determine from images. Answer:,B,Comparison,00551-zwzTbNq7xoW_0.png
00597-D8aaq3PH6dG,0,Does the sink share the same material as the fireplace?,"['Yes', 'No', 'Only partially', 'They are made of mixed materials']",Does the sink share the same material as the fireplace? A) Yes B) No C) Only partially D) They are made of mixed materials. Answer:,B,Attribute,00597-D8aaq3PH6dG_1.png
00642-erfqyP5V4u6,0,Does the kitchen island share the same material as the bathroom sink?,"['Yes', 'No', 'Only partially', 'Cannot tell']",Does the kitchen island share the same material as the bathroom sink? A) Yes B) No C) Only partially D) Cannot tell. Answer:,B,Comparison,00642-erfqyP5V4u6_0.png
00370-RcuYAHzrjK7,0,Is the painting placed higher than the television in the living room?,"['Yes', 'No', 'Both are at the same height', 'Cannot determine']",Is the painting placed higher than the television in the living room? A) Yes B) No C) Both are at the same height D) Cannot determine. Answer:,A,Comparison,00370-RcuYAHzrjK7_0.png
00835-q3zU7Yy5E5s,0,Is the dining table in the same room as the curtains?,"['Yes, they are in the same room', 'No, they are in different rooms', 'The curtains are closer to the door', 'The dining table is next to a bed']","Is the dining table in the same room as the curtains? A) Yes, they are in the same room B) No, they are in different rooms C) The curtains are closer to the door D) The dining table is next to a bed. Answer:",A,Relationship,00835-q3zU7Yy5E5s_0.png
00600-ENhuWpDE5EB,0,Is the bed wider than the shelf in the house?,"['Yes', 'No', 'The same size', 'Cannot determine']",Is the bed wider than the shelf in the house? A) Yes B) No C) The same size D) Cannot determine. Answer:,A,Comparison,00600-ENhuWpDE5EB_0.png
00844-q5QZSEeHe5g,0,Are the stairs and the railing in the hallway made of the same material?,"['Yes', 'No', 'Partially', 'Unknown']",Are the stairs and the railing in the hallway made of the same material? A) Yes B) No C) Partially D) Unknown. Answer:,A,Comparison,00844-q5QZSEeHe5g_0.png
00390-c9DeZf2fcDf,0,Are the stairs closer to the couches than the dining table in the living room?,"['Yes', 'No', 'They are equally close', 'The relation cannot be determined']",Are the stairs closer to the couches than the dining table in the living room? A) Yes B) No C) They are equally close D) The relation cannot be determined. Answer:,A,Relationship,00390-c9DeZf2fcDf_1.png
00692-APXAdV48nKT,0,Is the refrigerator in the kitchen closer to the dining table than the door in the living area?,"['Yes', 'No', 'Both are equidistant', 'Cannot determine']",Is the refrigerator in the kitchen closer to the dining table than the door in the living area? A) Yes B) No C) Both are equidistant D) Cannot determine. Answer:,B,Relationship,00692-APXAdV48nKT_0.png
00249-PYHRaSotJNh,0,Is the color of the white wardrobe more similar to the yellow curtains or the walls in the room with the wardrobe?,"['Yellow curtains', 'Walls', 'Neither', 'Both']",Is the color of the white wardrobe more similar to the yellow curtains or the walls in the room with the wardrobe? A) Yellow curtains B) Walls C) Neither D) Both. Answer:,B,Comparison,00249-PYHRaSotJNh_0.png
00845-c3WKCnkEdha,0,Is the microwave placed on top of the refrigerator in the room?,"['Yes', 'No', 'The microwave is next to the refrigerator', 'The microwave is under the refrigerator']",Is the microwave placed on top of the refrigerator in the room? A) Yes B) No C) The microwave is next to the refrigerator D) The microwave is under the refrigerator. Answer:,A,Relationship,00845-c3WKCnkEdha_0.png
00528-BCWtGkh8CHv,0,Is the sofa closer to the lamp in the bedroom than in the living room?,"['Yes', 'No', 'They are equally distant', 'There is no lamp in the bedroom']",Is the sofa closer to the lamp in the bedroom than in the living room? A) Yes B) No C) They are equally distant D) There is no lamp in the bedroom. Answer:,A,Comparison,00528-BCWtGkh8CHv_1.png
005731zDbEdygBeW,0,Is the sofa closer to the TV or the ceiling fan in the living room?,"['Sofa is closer to the TV', 'Sofa is closer to the ceiling fan', 'Sofa is equidistant from the TV and the ceiling fan', 'Cannot be determined']",Is the sofa closer to the TV or the ceiling fan in the living room? A) Sofa is closer to the TV B) Sofa is closer to the ceiling fan C) Sofa is equidistant from the TV and the ceiling fan D) Cannot be determined. Answer:,A,Relationship,005731zDbEdygBeW_1.png
00803-k1cupFYWXJ6,0,Does the railing appear closer to the window or farther from the window in the staircase area?,"['Closer', 'Farther', 'At the same distance', 'Not visible']",Does the railing appear closer to the window or farther from the window in the staircase area? A) Closer B) Farther C) At the same distance D) Not visible. Answer:,A,Relationship,00803-k1cupFYWXJ6_0.png
00873-bxsVRursffK,0,Is the mirror larger than the dining table?,"['Yes', 'No', 'They are the same size', 'Cannot be determined']",Is the mirror larger than the dining table? A) Yes B) No C) They are the same size D) Cannot be determined. Answer:,B,Comparison,00873-bxsVRursffK_1.png
00715-kjUg7BaQF1C,0,Is the garage door color similar to the floor color in the garage?,"['Yes', 'No', 'Only partially', 'Not visible']",Is the garage door color similar to the floor color in the garage? A) Yes B) No C) Only partially D) Not visible. Answer:,A,Comparison,00715-kjUg7BaQF1C_1.png
00260-ECStCRoCNWM,0,Is the fireplace closer to the recliner than to the couch in the living room?,"['Yes', 'No', 'Equally close', 'Cannot determine']",Is the fireplace closer to the recliner than to the couch in the living room? A) Yes B) No C) Equally close D) Cannot determine. Answer:,A,Relationship,00260-ECStCRoCNWM_0.png
00060-TgWKHxhJAng,0,Is the chest closer to the stairs compared to the drawer?,"['Yes', 'No', 'They are equidistant', 'Not enough information']",Is the chest closer to the stairs compared to the drawer? A) Yes B) No C) They are equidistant D) Not enough information. Answer:,A,Relationship,00060-TgWKHxhJAng_1.png
00786-E9hxHD5h4FY,0,Is the ceiling fan in the room in the image larger than the door in terms of vertical height?,"['Yes', 'No', 'They are the same size', 'Not enough information']",Is the ceiling fan in the room in the image larger than the door in terms of vertical height? A) Yes B) No C) They are the same size D) Not enough information. Answer:,D,Comparison,00786-E9hxHD5h4FY_1.png
00471-f93a9wrxRjG,0,Is the mirror closer to the door in the hallway than the kitchen door is to the mirror?,"['Yes', 'No', 'They are equidistant', 'Cannot be determined']",Is the mirror closer to the door in the hallway than the kitchen door is to the mirror? A) Yes B) No C) They are equidistant D) Cannot be determined. Answer:,B,Relationship,00471-f93a9wrxRjG_0.png
00558-NieWWMV6tE4,0,"Is the telephone higher, lower, or at the same height as the fire extinguisher on the wall?","['Higher', 'Lower', 'Same height', 'Not visible']","Is the telephone higher, lower, or at the same height as the fire extinguisher on the wall? A) Higher B) Lower C) Same height D) Not visible. Answer:",A,Comparison,00558-NieWWMV6tE4_1.png
00642-erfqyP5V4u6,0,Do the cactus painting and the paintings above the bed have similar themes?,"['Yes', 'No', 'Only one is themed', 'Unclear from the images']",Do the cactus painting and the paintings above the bed have similar themes? A) Yes B) No C) Only one is themed D) Unclear from the images. Answer:,A,Relationship,00642-erfqyP5V4u6_1.png
00876-mv2HUxq3B53,0,Is the door closer to the kitchen counter than the couch in the house?,"['Yes', 'No', 'The same distance', 'Cannot be determined']",Is the door closer to the kitchen counter than the couch in the house? A) Yes B) No C) The same distance D) Cannot be determined. Answer:,B,Relationship,00876-mv2HUxq3B53_1.png
00777-N17ddiDvJr9,0,Is the window closer to the ceiling fan in the bedroom than any window is to the ceiling fan in the living room?,"['Yes', 'No', 'They are equidistant', 'There is no ceiling fan in the living room']",Is the window closer to the ceiling fan in the bedroom than any window is to the ceiling fan in the living room? A) Yes B) No C) They are equidistant D) There is no ceiling fan in the living room. Answer:,B,Relationship,00777-N17ddiDvJr9_1.png
00328-DACaFbApXUe,0,Is the bed in the bedroom longer than the couch in the living room?,"['Yes', 'No', 'They are the same length', 'Cannot determine from the image']",Is the bed in the bedroom longer than the couch in the living room? A) Yes B) No C) They are the same length D) Cannot determine from the image. Answer:,B,Comparison,00328-DACaFbApXUe_0.png
00689-d88Sc1udFcZ,0,Does the chair share the same color theme as the painting in the room?,"['Yes', 'No', 'Partially', 'Cannot determine']",Does the chair share the same color theme as the painting in the room? A) Yes B) No C) Partially D) Cannot determine. Answer:,B,Comparison,00689-d88Sc1udFcZ_1.png
00243-BfzKZxFShtq,0,Is the curtain closer to the wall compared to the table?,"['Yes', 'No', 'Both are equidistant', 'Cannot determine']",Is the curtain closer to the wall compared to the table? A) Yes B) No C) Both are equidistant D) Cannot determine. Answer:,A,Relationship,00243-BfzKZxFShtq_0.png
00183-kEL17iFsVbw,0,Is the chandelier brighter than the lamp in the house?,"['Yes', 'No', 'They have equal brightness', 'Cannot be determined']",Is the chandelier brighter than the lamp in the house? A) Yes B) No C) They have equal brightness D) Cannot be determined. Answer:,D,Comparison,00183-kEL17iFsVbw_1.png
00304-X6Pct1msZv5,0,Is the bed in the first bedroom larger than the bed in the second bedroom?,"['Yes', 'No', 'They are the same size', 'Cannot determine']",Is the bed in the first bedroom larger than the bed in the second bedroom? A) Yes B) No C) They are the same size D) Cannot determine. Answer:,B,Comparison,00304-X6Pct1msZv5_1.png
00389-d6bYiL1d9Fh,0,Is the wooden wall wider than the wooden column in the house?,"['Yes', 'No', 'They are the same width', 'Not enough information']",Is the wooden wall wider than the wooden column in the house? A) Yes B) No C) They are the same width D) Not enough information. Answer:,A,Comparison,00389-d6bYiL1d9Fh_1.png
00398-Vnb6uKtzQCU,0,Is the sofa closer to a window than the dining table in the house?,"['Yes', 'No', 'They are equidistant', 'Not determinable']",Is the sofa closer to a window than the dining table in the house? A) Yes B) No C) They are equidistant D) Not determinable. Answer:,A,Relationship,00398-Vnb6uKtzQCU_1.png
00024-XNoaAZwsWKk,0,Are the chairs closer to the piano than the windows in the room with the piano?,"['Yes', 'No', 'Same distance', 'Cannot determine']",Are the chairs closer to the piano than the windows in the room with the piano? A) Yes B) No C) Same distance D) Cannot determine. Answer:,A,Relationship,00024-XNoaAZwsWKk_0.png
00179-MVVzj944atG,0,Is the globe closer to the desk than the blue storage box in the room?,"['Yes', 'No', 'Both are equidistant', 'Not visible']",Is the globe closer to the desk than the blue storage box in the room? A) Yes B) No C) Both are equidistant D) Not visible. Answer:,A,Relationship,00179-MVVzj944atG_1.png
00247-uvveHdpUZis,0,Is the sofa the same color as the coffee table?,"['Yes', 'No', 'Partly', 'Cannot determine']",Is the sofa the same color as the coffee table? A) Yes B) No C) Partly D) Cannot determine. Answer:,B,Comparison,00247-uvveHdpUZis_1.png
00005-yPKGKBCyYx8,0,Does the painting of horse have a larger frame than the painting of flowers?,"['Yes', 'No', 'They are the same size', 'Cannot be determined']",Does the painting of horse have a larger frame than the painting of flowers? A) Yes B) No C) They are the same size D) Cannot be determined. Answer:,A,Comparison,00005-yPKGKBCyYx8_1.png
00485-yX54kr5c5g9,0,Is the couch closer to the windows than the dining table in the living room?,"['Yes', 'No', 'They are equally distant', 'Cannot be determined']",Is the couch closer to the windows than the dining table in the living room? A) Yes B) No C) They are equally distant D) Cannot be determined. Answer:,A,Comparison,00485-yX54kr5c5g9_1.png
00848-ziup5kvtCCR,0,Is the color of the door similar to the color of the lamp in the images?,"['Yes', 'No', 'Only the door is white', 'Only the lamp is white']",Is the color of the door similar to the color of the lamp in the images? A) Yes B) No C) Only the door is white D) Only the lamp is white. Answer:,A,Attribute,00848-ziup5kvtCCR_0.png
00763-pVnwDTdMD3h,0,Is the window closer to the stairs than the bathroom in the house?,"['Yes', 'No', 'They are equidistant', 'Cannot determine']",Is the window closer to the stairs than the bathroom in the house? A) Yes B) No C) They are equidistant D) Cannot determine. Answer:,B,Relationship,00763-pVnwDTdMD3h_0.png
00400-KcHdFEzySGq,0,Is the table longer than the chairs in the living room?,"['Yes', 'No', 'Same size', 'Cannot determine']",Is the table longer than the chairs in the living room? A) Yes B) No C) Same size D) Cannot determine. Answer:,A,Comparison,00400-KcHdFEzySGq_1.png
00130-MjzBosUX3WW,0,Is the bed in the bedroom bigger than the sofa in the living room?,"['Yes', 'No', 'They are the same size', 'Cannot determine']",Is the bed in the bedroom bigger than the sofa in the living room? A) Yes B) No C) They are the same size D) Cannot determine. Answer:,B,Comparison,00130-MjzBosUX3WW_0.png
00174-BqLwEyiLbza,0,Is the bunk bed smaller than the bed in the cabin?,"['Yes', 'No', 'They are the same size', 'Cannot be determined']",Is the bunk bed smaller than the bed in the cabin? A) Yes B) No C) They are the same size D) Cannot be determined. Answer:,A,Comparison,00174-BqLwEyiLbza_1.png
00466-xAHnY3QzFUN,0,Is the bed closer to the painting in the first bedroom or the second bedroom?,"['First bedroom', 'Second bedroom', 'They are equally close', 'There is no painting in either room']",Is the bed closer to the painting in the first bedroom or the second bedroom? A) First bedroom B) Second bedroom C) They are equally close D) There is no painting in either room. Answer:,A,Relationship,00466-xAHnY3QzFUN_1.png
00701-tpxKD3awofe,0,Does the red couch in the living room face toward the wooden table in the same room?,"['Yes', 'No', 'Only partially', 'They are not in the same room']",Does the red couch in the living room face toward the wooden table in the same room? A) Yes B) No C) Only partially D) They are not in the same room. Answer:,A,Relationship,00701-tpxKD3awofe_1.png
00023-zepmXAdrpjR,0,Is the armchair closer to a wall than the dining table in the house?,"['Yes', 'No', 'They are equidistant', 'Cannot determine']",Is the armchair closer to a wall than the dining table in the house? A) Yes B) No C) They are equidistant D) Cannot determine. Answer:,A,Comparison,00023-zepmXAdrpjR_0.png
00874-uSKXQ5fFg6u,0,Does the mirror reflect more space than the couch occupies in the living room?,"['Yes', 'No', 'They are equal', 'Not visible']",Does the mirror reflect more space than the couch occupies in the living room? A) Yes B) No C) They are equal D) Not visible. Answer:,A,Comparison,00874-uSKXQ5fFg6u_0.png
00320-nicaPonCxvC,0,Is the mirror larger than the painting in the room?,"['Yes', 'No', 'They are the same size', 'It cannot be determined']",Is the mirror larger than the painting in the room? A) Yes B) No C) They are the same size D) It cannot be determined. Answer:,A,Comparison,00320-nicaPonCxvC_1.png
00778-vj4rZPfVjBQ,0,Is the color of the cabinets the same as the window frame's in the kitchen?,"['Yes', 'No', 'Partially', 'Unknown']",Is the color of the cabinets the same as the window frame's in the kitchen? A) Yes B) No C) Partially D) Unknown. Answer:,A,Attribute,00778-vj4rZPfVjBQ_1.png
00591-JptJPosx1Z6,0,Are the clock and the curtains in the same room?,"['Yes', 'No', 'Not visible', 'Only partially visible']",Are the clock and the curtains in the same room? A) Yes B) No C) Not visible D) Only partially visible. Answer:,B,Relationship,00591-JptJPosx1Z6_0.png
00609-x1pTUWx9DPr,0,Do the curtains cover the entire window?,"['Yes', 'No', 'Only partially', 'Not enough information']",Do the curtains cover the entire window? A) Yes B) No C) Only partially D) Not enough information. Answer:,A,Attribute,00609-x1pTUWx9DPr_0.png
00834-AWUFxHEyV3T,0,Is the chair closer to the table than the column in the house?  ,"['Yes', 'No', 'The chair and column are equidistant', 'Not enough information]']",Is the chair closer to the table than the column in the house?   A) Yes B) No C) The chair and column are equidistant D) Not enough information]. Answer:,A,Relationship,00834-AWUFxHEyV3T_1.png
00556-saBtfCeVoJ4,0,Is the blue chair larger than the brown chairs in the room?,"['Yes', 'No', 'They are the same size', 'Not specified']",Is the blue chair larger than the brown chairs in the room? A) Yes B) No C) They are the same size D) Not specified. Answer:,B,Comparison,00556-saBtfCeVoJ4_1.png
00741-w8GiikYuFRk,0,Is the display case near the green wall positioned closer to the main door than the bookcase?,"['Yes', 'No', 'They are at the same distance', 'Cannot determine']",Is the display case near the green wall positioned closer to the main door than the bookcase? A) Yes B) No C) They are at the same distance D) Cannot determine. Answer:,B,Relationship,00741-w8GiikYuFRk_1.png
00284-4GfZ9TTZUwL,0,Is the painting higher on the wall than the top of the sofa is from the ground?,"['Yes', 'No', 'The same height', 'Cannot determine']",Is the painting higher on the wall than the top of the sofa is from the ground? A) Yes B) No C) The same height D) Cannot determine. Answer:,A,Attribute,00284-4GfZ9TTZUwL_1.png
00167-yogvKWUrdnw,0,Is the rocking chair in the same room as the desk?,"['Yes', 'No', 'Only sometimes', 'Unknown']",Is the rocking chair in the same room as the desk? A) Yes B) No C) Only sometimes D) Unknown. Answer:,B,Relationship,00167-yogvKWUrdnw_0.png
00089-Am8wmPcBmtN,0,Is the refrigerator closer to the microwave than the oven in the kitchen?,"['Yes', 'No', 'They are equidistant', 'Not enough information']",Is the refrigerator closer to the microwave than the oven in the kitchen? A) Yes B) No C) They are equidistant D) Not enough information. Answer:,A,Relationship,00089-Am8wmPcBmtN_0.png
00595-TBdN234fGEb,0,Are the wooden ceiling beams the same color as the wooden doorframes in the house?,"['Yes', 'No', 'Only the beams are darker', 'Only the doorframes are darker']",Are the wooden ceiling beams the same color as the wooden doorframes in the house? A) Yes B) No C) Only the beams are darker D) Only the doorframes are darker. Answer:,A,Comparison,00595-TBdN234fGEb_0.png
00579-9hJwm8k7Gka,0,Is the table longer than the island in the room?,"['Yes', 'No', 'They are the same length', 'Impossible to tell']",Is the table longer than the island in the room? A) Yes B) No C) They are the same length D) Impossible to tell. Answer:,B,Comparison,00579-9hJwm8k7Gka_1.png
00818-rJhMRvNn4DS,0,Are the curtains longer than the window in height?,"['Yes', 'No', 'Same height', 'Unclear']",Are the curtains longer than the window in height? A) Yes B) No C) Same height D) Unclear. Answer:,A,Comparison,00818-rJhMRvNn4DS_0.png
00041-QKfBMSSy7Hy,0,Is the door larger than the window in the room?,"['Yes', 'No', 'Same size', 'Cannot determine']",Is the door larger than the window in the room? A) Yes B) No C) Same size D) Cannot determine. Answer:,A,Comparison,00041-QKfBMSSy7Hy_1.png
000571UnKg1rAb8A,0,Does the calendar share the same wall as the framed picture in the house?,"['Yes', 'No', 'Not sure', 'Cannot be determined']",Does the calendar share the same wall as the framed picture in the house? A) Yes B) No C) Not sure D) Cannot be determined. Answer:,B,Relationship,000571UnKg1rAb8A_1.png
00015-LPwS1aEGXBb,0,Is the fireplace larger than the mirror in the house?,"['Yes', 'No', 'They are the same size', 'Size cannot be determined']",Is the fireplace larger than the mirror in the house? A) Yes B) No C) They are the same size D) Size cannot be determined. Answer:,A,Comparison,00015-LPwS1aEGXBb_0.png
00023-zepmXAdrpjR,0,Is the chair closer than the table in the bedroom?,"['Yes', 'No', 'They are equidistant', 'Unable to determine']",Is the chair closer than the table in the bedroom? A) Yes B) No C) They are equidistant D) Unable to determine. Answer:,A,Relationship,00023-zepmXAdrpjR_1.png
00307-vDfkYo5VqEQ,0,Is the sofa in the living room larger than the bed in the bedroom?,"['Yes, the sofa is larger', 'No, the bed is larger', 'They are roughly the same size', 'Not enough information']","Is the sofa in the living room larger than the bed in the bedroom? A) Yes, the sofa is larger B) No, the bed is larger C) They are roughly the same size D) Not enough information. Answer:",B,Comparison,00307-vDfkYo5VqEQ_0.png
00652-BcZUZQ9t4Fe,0,Does the sofa share the same color as the fireplace in the room?,"['Yes', 'No', 'Only the armrests', 'Only the cushions']",Does the sofa share the same color as the fireplace in the room? A) Yes B) No C) Only the armrests D) Only the cushions. Answer:,B,Attribute,00652-BcZUZQ9t4Fe_1.png
00111-AMEM2eWycTq,0,Is the number of tables less than the number of chairs in the office?,"['Yes', 'No', 'They are equal', 'Cannot determine']",Is the number of tables less than the number of chairs in the office? A) Yes B) No C) They are equal D) Cannot determine. Answer:,A,Comparison,00111-AMEM2eWycTq_0.png
00827-BAbdmeyTvMZ,0,Is the cabinet higher than the door in the house?,"['Yes', 'No', 'Same height', 'Cannot determine']",Is the cabinet higher than the door in the house? A) Yes B) No C) Same height D) Cannot determine. Answer:,B,Comparison,00827-BAbdmeyTvMZ_0.png
00844-q5QZSEeHe5g,0,Is the ceiling fan closer to the ceiling than the lamp?,"['Yes', 'No', 'Same distance', 'Unable to determine']",Is the ceiling fan closer to the ceiling than the lamp? A) Yes B) No C) Same distance D) Unable to determine. Answer:,A,Comparison,00844-q5QZSEeHe5g_1.png
00460-LViDMxZp4ZN,0,Does the door have the same color as the window?,"['Yes', 'No', 'They are partially the same', ""It's hard to tell""]",Does the door have the same color as the window? A) Yes B) No C) They are partially the same D) It's hard to tell. Answer:,B,Comparison,00460-LViDMxZp4ZN_0.png
00000-kfPV7w3FaU5,0,Are the wardrobe and chest of drawers the same color in the bedroom?,"['Yes', 'No', 'The wardrobe is darker', 'The chest of drawers is darker']",Are the wardrobe and chest of drawers the same color in the bedroom? A) Yes B) No C) The wardrobe is darker D) The chest of drawers is darker. Answer:,B,Attribute,00000-kfPV7w3FaU5_0.png
00566-qmvPLqLAgvC,0,Is the door closer to the stairs in the hallway or the living room?,"['Hallway', 'Living room', 'Equal distance', 'Cannot determine']",Is the door closer to the stairs in the hallway or the living room? A) Hallway B) Living room C) Equal distance D) Cannot determine. Answer:,A,Relationship,00566-qmvPLqLAgvC_0.png
00508-4vwGX7U38Ux,0,Is the bed closer to the wardrobe than the window in the bedroom?,"['Yes', 'No', 'They are equidistant', 'Cannot determine']",Is the bed closer to the wardrobe than the window in the bedroom? A) Yes B) No C) They are equidistant D) Cannot determine. Answer:,A,Comparison,00508-4vwGX7U38Ux_0.png
007441S7LAXRdDqK,0,Is the TV closer to the couch compared to the table in the living room?,"['Yes', 'No', 'Cannot tell from the image', 'They are equidistant']",Is the TV closer to the couch compared to the table in the living room? A) Yes B) No C) Cannot tell from the image D) They are equidistant. Answer:,A,Relationship,007441S7LAXRdDqK_0.png
00409-rxGLNxH6eoJ,0,Is the plant closer to the living room's center than the painting is?,"['Yes', 'No', 'They are equidistant', 'Cannot be determined']",Is the plant closer to the living room's center than the painting is? A) Yes B) No C) They are equidistant D) Cannot be determined. Answer:,A,Relationship,00409-rxGLNxH6eoJ_0.png
00299-bdp1XNEdvmW,0,Is the bookshelf taller than the television in the room?,"['Yes', 'No', 'They are the same height', 'Cannot determine']",Is the bookshelf taller than the television in the room? A) Yes B) No C) They are the same height D) Cannot determine. Answer:,A,Comparison,00299-bdp1XNEdvmW_0.png
00113-3goH1WRaCYC,0,Are the dining table and chairs in the dining room made of the same material?,"['Yes', 'No', 'Partially', 'Cannot determine']",Are the dining table and chairs in the dining room made of the same material? A) Yes B) No C) Partially D) Cannot determine. Answer:,D,Attribute,00113-3goH1WRaCYC_0.png
00880-Nfvxx8J5NCo,0,Is the bed farther from the shower than the dining table in the house?,"['Yes', 'No', 'They are equidistant', 'Cannot be determined']",Is the bed farther from the shower than the dining table in the house? A) Yes B) No C) They are equidistant D) Cannot be determined. Answer:,A,Relationship,00880-Nfvxx8J5NCo_1.png
00603-Xfhi9GYbhqD,0,Does the color of the curtains match the color of the grandfather clock in the room?,"['Yes', 'No', 'Partially', 'Cannot be determined']",Does the color of the curtains match the color of the grandfather clock in the room? A) Yes B) No C) Partially D) Cannot be determined. Answer:,B,Comparison,00603-Xfhi9GYbhqD_1.png
00014-nYYcLpSzihC,0,Does the office chair in the meeting room face the desk?,"['Yes', 'No', 'Some chairs do', 'None of the above']",Does the office chair in the meeting room face the desk? A) Yes B) No C) Some chairs do D) None of the above. Answer:,A,Relationship,00014-nYYcLpSzihC_0.png
00325-bMvM1KL4WsR,0,Does the color of the flowers contrast with the color of the wooden planks?,"['Yes', 'No', 'They have similar color tones', 'The flowers and planks are both multicolored']",Does the color of the flowers contrast with the color of the wooden planks? A) Yes B) No C) They have similar color tones D) The flowers and planks are both multicolored. Answer:,A,Comparison,00325-bMvM1KL4WsR_0.png
00073-bCFcvb4zc3N,0,Does the clock sit on top of the dresser?,"['Yes', 'No', 'Partially', 'Not visible']",Does the clock sit on top of the dresser? A) Yes B) No C) Partially D) Not visible. Answer:,A,Relationship,00073-bCFcvb4zc3N_0.png
00419-fbUcgfPMBDr,0,Is the bed located directly underneath the ceiling fan in the bedroom?,"['Yes', 'No', 'Partially', 'Not visible']",Is the bed located directly underneath the ceiling fan in the bedroom? A) Yes B) No C) Partially D) Not visible. Answer:,A,Relationship,00419-fbUcgfPMBDr_0.png
00276-HLBJGGyicLV,0,Is the microwave smaller than the refrigerator in the kitchen?,"['Yes', 'No', 'Same size', 'Not visible']",Is the microwave smaller than the refrigerator in the kitchen? A) Yes B) No C) Same size D) Not visible. Answer:,A,Comparison,00276-HLBJGGyicLV_1.png
00882-rXXL6twQiWc,0,Is the fireplace closer to the stairs than the dining table in the house?,"['Yes', 'No', 'Both are at the same distance', 'Cannot be determined']",Is the fireplace closer to the stairs than the dining table in the house? A) Yes B) No C) Both are at the same distance D) Cannot be determined. Answer:,A,Relationship,00882-rXXL6twQiWc_0.png
00254-YMNvYDhK8mB,0,Is the computer closer to the wall than the sofa?,"['Yes', 'No', 'They are equidistant', 'Not enough information']",Is the computer closer to the wall than the sofa? A) Yes B) No C) They are equidistant D) Not enough information. Answer:,A,Relationship,00254-YMNvYDhK8mB_1.png
00183-kEL17iFsVbw,0,Does the mirror reflect the window blinds in the bedroom?,"['Yes', 'No', 'Only partially', 'Not visible']",Does the mirror reflect the window blinds in the bedroom? A) Yes B) No C) Only partially D) Not visible. Answer:,A,Relationship,00183-kEL17iFsVbw_0.png
00630-SrBPiU6LKxL,0,Is the chair closer to the table in any of the rooms shown?,"['Yes', 'No', 'Only in one room', 'In all rooms']",Is the chair closer to the table in any of the rooms shown? A) Yes B) No C) Only in one room D) In all rooms. Answer:,A,Relationship,00630-SrBPiU6LKxL_0.png
00105-xWvSkKiWQpC,0,Is the door closer to the curtain than the wall painting in the room?,"['Yes', 'No', 'It is the same distance', 'Cannot be determined']",Is the door closer to the curtain than the wall painting in the room? A) Yes B) No C) It is the same distance D) Cannot be determined. Answer:,A,Relationship,00105-xWvSkKiWQpC_1.png
00385-PB8eQHRTRRK,0,Are the blinds open or closed on the window?,"['Open', 'Closed', 'Partially open', 'Missing']",Are the blinds open or closed on the window? A) Open B) Closed C) Partially open D) Missing. Answer:,A,Attribute,00385-PB8eQHRTRRK_1.png
00465-nvjM2xMma91,0,Is the bed in the bedroom farther from the window than the couch is from the window in the living room?,"['Yes', 'No', 'Cannot determine', 'They are equidistant']",Is the bed in the bedroom farther from the window than the couch is from the window in the living room? A) Yes B) No C) Cannot determine D) They are equidistant. Answer:,A,Comparison,00465-nvjM2xMma91_0.png
00186-7UdY7HiDnUi,0,Is the desk closer to the bed than the window in the bedroom?,"['Yes', 'No', 'They are equidistant', 'Cannot be determined']",Is the desk closer to the bed than the window in the bedroom? A) Yes B) No C) They are equidistant D) Cannot be determined. Answer:,A,Relationship,00186-7UdY7HiDnUi_1.png
00854-SiKqEZx7Ejt,0,Is the dining table closer to the window than the couch in the image?,"['Yes', 'No', 'They are equally close', 'Not enough information']",Is the dining table closer to the window than the couch in the image? A) Yes B) No C) They are equally close D) Not enough information. Answer:,B,Relationship,00854-SiKqEZx7Ejt_1.png
00697-5vUupbRRdyH,0,Is the door closer to the mirror than the chair in the same room?,"['Yes', 'No', 'Both are equidistant', 'Not enough information']",Is the door closer to the mirror than the chair in the same room? A) Yes B) No C) Both are equidistant D) Not enough information. Answer:,A,Relationship,00697-5vUupbRRdyH_1.png
00272-kA2nG18hCAr,0,Is the exercise equipment closer to the furnace than to the shelves in the basement?,"['Yes', 'No', 'Same distance', 'Not applicable']",Is the exercise equipment closer to the furnace than to the shelves in the basement? A) Yes B) No C) Same distance D) Not applicable. Answer:,A,Relationship,00272-kA2nG18hCAr_0.png
00652-BcZUZQ9t4Fe,0,Is the sofa in the living room bigger than the chair in the study room?,"['Yes', 'No', 'They are the same size', 'Not identifiable']",Is the sofa in the living room bigger than the chair in the study room? A) Yes B) No C) They are the same size D) Not identifiable. Answer:,A,Comparison,00652-BcZUZQ9t4Fe_0.png
00415-rBmEe6ab5VP,0,Is the lamp smaller than the ceiling fan in the room?,"['Yes', 'No', 'Same size', 'Cannot determine']",Is the lamp smaller than the ceiling fan in the room? A) Yes B) No C) Same size D) Cannot determine. Answer:,A,Comparison,00415-rBmEe6ab5VP_0.png
00120-eAUmfFLZDR3,0,Is the door larger than the window in the room?,"['Yes', 'No', 'They are the same size', 'Cannot determine']",Is the door larger than the window in the room? A) Yes B) No C) They are the same size D) Cannot determine. Answer:,A,Comparison,00120-eAUmfFLZDR3_0.png
00780-3iZkJUc7KhX,0,Is the door in the hallway closer to the bathtub than the kitchen entrance door?,"['Yes', 'No', 'Both are equidistant', 'Not enough information']",Is the door in the hallway closer to the bathtub than the kitchen entrance door? A) Yes B) No C) Both are equidistant D) Not enough information. Answer:,A,Relationship,00780-3iZkJUc7KhX_0.png
00209-C5RbHBQ76DE,0,Is the dining table in the dining room bigger than the kitchen island in the kitchen?,"['Yes', 'No', 'They are the same size', 'Cannot determine']",Is the dining table in the dining room bigger than the kitchen island in the kitchen? A) Yes B) No C) They are the same size D) Cannot determine. Answer:,A,Comparison,00209-C5RbHBQ76DE_1.png
00820-mL8ThkuaVTM,0,Is the door in the hallway open while the door in the bedroom is closed?,"['Yes', 'No', 'Both are open', 'Both are closed']",Is the door in the hallway open while the door in the bedroom is closed? A) Yes B) No C) Both are open D) Both are closed. Answer:,A,Attribute,00820-mL8ThkuaVTM_0.png
00402-zR6kPe1PsyS,0,Is the bed bigger than the dining table in the house?,"['Yes', 'No', 'Same size', 'Cannot be determined']",Is the bed bigger than the dining table in the house? A) Yes B) No C) Same size D) Cannot be determined. Answer:,A,Comparison,00402-zR6kPe1PsyS_0.png
00621-SAZ4gvMfxm1,0,Is the Bed in the bedroom larger than the Dining Table in the dining room?,"['Yes', 'No', 'Cannot be determined', 'They are the same size']",Is the Bed in the bedroom larger than the Dining Table in the dining room? A) Yes B) No C) Cannot be determined D) They are the same size. Answer:,A,Comparison,00621-SAZ4gvMfxm1_1.png
00127-EN7GiDgxdQ2,0,Is the bed in the bedroom bigger than the couch in the living room?,"['Yes', 'No', 'They are the same size', 'Cannot be determined']",Is the bed in the bedroom bigger than the couch in the living room? A) Yes B) No C) They are the same size D) Cannot be determined. Answer:,A,Comparison,00127-EN7GiDgxdQ2_1.png
00678-aCtdWA5n56Z,0,Do the cabinet in the bathroom and the cabinet in the laundry room share the same color?,"['Yes', 'No', 'Only the cabinet door is the same color', 'Only the cabinet frame is the same color']",Do the cabinet in the bathroom and the cabinet in the laundry room share the same color? A) Yes B) No C) Only the cabinet door is the same color D) Only the cabinet frame is the same color. Answer:,A,Attribute,00678-aCtdWA5n56Z_0.png
000581hovphK64XQ,0,Is the window larger than the wardrobe in the rooms depicted?,"['Yes', 'No', 'They appear to be the same size', 'Not enough information']",Is the window larger than the wardrobe in the rooms depicted? A) Yes B) No C) They appear to be the same size D) Not enough information. Answer:,A,Comparison,000581hovphK64XQ_1.png
00717-wtaQdtXzYtD,0,Is the sofa darker in color than the bed in the house?,"['Yes', 'No', 'They are the same color', 'Cannot determine']",Is the sofa darker in color than the bed in the house? A) Yes B) No C) They are the same color D) Cannot determine. Answer:,A,Comparison,00717-wtaQdtXzYtD_0.png
00487-erXNfWVjqZ8,0,Are the shelves more organized than the closet?,"['Yes', 'No', 'They are equally organized', 'Cannot be determined']",Are the shelves more organized than the closet? A) Yes B) No C) They are equally organized D) Cannot be determined. Answer:,D,Attribute,00487-erXNfWVjqZ8_1.png
00448-tAQTHnJ7n72,0,Is the table in the kitchen bigger than the table in the study?,"['Yes', 'No', 'They are the same size', 'Not enough information to determine']",Is the table in the kitchen bigger than the table in the study? A) Yes B) No C) They are the same size D) Not enough information to determine. Answer:,D,Comparison,00448-tAQTHnJ7n72_0.png
00187-GCCrNuhZ9WY,0,Do the curtains cover more of the windows in the kitchen or the living room?,"['Kitchen', 'Living Room', 'Equally', 'Neither']",Do the curtains cover more of the windows in the kitchen or the living room? A) Kitchen B) Living Room C) Equally D) Neither. Answer:,A,Attribute,00187-GCCrNuhZ9WY_1.png
00184-nzuiinFMXvf,0,Is the wardrobe in the bedroom the same color as the bathroom door?,"['Yes', 'No', 'Only slightly', 'They are identical']",Is the wardrobe in the bedroom the same color as the bathroom door? A) Yes B) No C) Only slightly D) They are identical. Answer:,A,Attribute,00184-nzuiinFMXvf_0.png
000921mCzDx3EMom,0,Are the bags located closer to the walls compared to the clothing racks in the shop?,"['Yes', 'No', 'They are equidistant to the walls', 'Not enough information']",Are the bags located closer to the walls compared to the clothing racks in the shop? A) Yes B) No C) They are equidistant to the walls D) Not enough information. Answer:,A,Relationship,000921mCzDx3EMom_1.png
00603-Xfhi9GYbhqD,0,Is the bed closer to the wardrobe than the door in the bedroom?,"['Yes', 'No', 'Equally distant', 'Cannot determine']",Is the bed closer to the wardrobe than the door in the bedroom? A) Yes B) No C) Equally distant D) Cannot determine. Answer:,A,Comparison,00603-Xfhi9GYbhqD_0.png
00709-8LLjiNrWzJ9,0,Is the wooden door taller than the wooden wall in the corridor?,"['Yes', 'No', 'They are equal', 'Cannot determine']",Is the wooden door taller than the wooden wall in the corridor? A) Yes B) No C) They are equal D) Cannot determine. Answer:,A,Comparison,00709-8LLjiNrWzJ9_1.png
00624-ooq3SnvC79d,0,Is the bed larger than the sink?,"['Yes', 'No', 'Same size', 'Cannot determine']",Is the bed larger than the sink? A) Yes B) No C) Same size D) Cannot determine. Answer:,A,Comparison,00624-ooq3SnvC79d_0.png
00494-5737gQA9p2T,0,Is the sofa the same color as the chandelier in the living room?,"['Yes', 'No', 'Only the cushions are', 'Not enough information']",Is the sofa the same color as the chandelier in the living room? A) Yes B) No C) Only the cushions are D) Not enough information. Answer:,B,Comparison,00494-5737gQA9p2T_1.png
00330-WhNyDTnd9g5,0,Is the staircase adjacent to the sliding doors in the same room?,"['Yes', 'No', 'Partially', 'Not visible']",Is the staircase adjacent to the sliding doors in the same room? A) Yes B) No C) Partially D) Not visible. Answer:,A,Relationship,00330-WhNyDTnd9g5_1.png
00845-c3WKCnkEdha,0,Is the table closer to the bed than the window is in the room with the bed?,"['Yes', 'No', 'They are equidistant', 'Cannot determine']",Is the table closer to the bed than the window is in the room with the bed? A) Yes B) No C) They are equidistant D) Cannot determine. Answer:,A,Relationship,00845-c3WKCnkEdha_1.png
00468-iTm2PKHUcTJ,0,Is the sofa closer than the TV to the staircase?,"['Yes', 'No', 'They are equidistant', 'There is no sofa']",Is the sofa closer than the TV to the staircase? A) Yes B) No C) They are equidistant D) There is no sofa. Answer:,A,Relationship,00468-iTm2PKHUcTJ_1.png
00450-LGGnLUDPz37,0,Does the mirror have a similar frame color as the window?,"['Yes', 'No', 'They have partially similar colors', 'The colors cannot be determined']",Does the mirror have a similar frame color as the window? A) Yes B) No C) They have partially similar colors D) The colors cannot be determined. Answer:,B,Comparison,00450-LGGnLUDPz37_1.png
00847-bCPU9suPUw9,0,Does the couch match the color of the refrigerator in the house?,"['Yes', 'No', 'Only partially', 'There is no couch']",Does the couch match the color of the refrigerator in the house? A) Yes B) No C) Only partially D) There is no couch. Answer:,B,Comparison,00847-bCPU9suPUw9_0.png
00882-rXXL6twQiWc,0,Is the bed closer to a window than the plant in the house?,"['Yes', 'No', 'Both are equidistant', 'Cannot determine']",Is the bed closer to a window than the plant in the house? A) Yes B) No C) Both are equidistant D) Cannot determine. Answer:,B,Comparison,00882-rXXL6twQiWc_1.png
00624-ooq3SnvC79d,0,Is the suitcase darker in color than the wooden shelf?,"['Yes', 'No', 'Both are the same color', 'Cannot determine']",Is the suitcase darker in color than the wooden shelf? A) Yes B) No C) Both are the same color D) Cannot determine. Answer:,A,Comparison,00624-ooq3SnvC79d_2.png
00221-zJEEFaNaRbB,0,Is the color of the stairs similar to the color of the chair in the images?,"['Yes', 'No', 'Only slightly', 'Cannot tell']",Is the color of the stairs similar to the color of the chair in the images? A) Yes B) No C) Only slightly D) Cannot tell. Answer:,B,Comparison,00221-zJEEFaNaRbB_1.png
00373-WPzCkWEorzk,0,Is the sofa in the living room the same color as the bed in the bedroom?,"['Yes', 'No', 'The sofa is multicolored', 'The bed is multicolored']",Is the sofa in the living room the same color as the bed in the bedroom? A) Yes B) No C) The sofa is multicolored D) The bed is multicolored. Answer:,B,Comparison,00373-WPzCkWEorzk_0.png
00249-PYHRaSotJNh,0,Is the TV smaller than the Mirror in the room?,"['Yes', 'No', 'They are the same size', 'Cannot determine']",Is the TV smaller than the Mirror in the room? A) Yes B) No C) They are the same size D) Cannot determine. Answer:,A,Comparison,00249-PYHRaSotJNh_1.png
00846-LNg5mXe1BDj,0,Is the lamp positioned closer to the exercise bike or to the seating area?,"['Closer to the exercise bike', 'Closer to the seating area', 'Equally close to both', 'Not clear from the image']",Is the lamp positioned closer to the exercise bike or to the seating area? A) Closer to the exercise bike B) Closer to the seating area C) Equally close to both D) Not clear from the image. Answer:,B,Relationship,00846-LNg5mXe1BDj_1.png
00558-NieWWMV6tE4,0,Is the sofa in the living room larger than the bed in the bedroom?,"['Yes', 'No', 'They are the same size', 'Cannot determine']",Is the sofa in the living room larger than the bed in the bedroom? A) Yes B) No C) They are the same size D) Cannot determine. Answer:,B,Comparison,00558-NieWWMV6tE4_0.png
00467-mggziYKSc6S,0,Is the sofa bigger than the dining table in the room?,"['Yes', 'No', 'They are the same size', 'Cannot determine']",Is the sofa bigger than the dining table in the room? A) Yes B) No C) They are the same size D) Cannot determine. Answer:,B,Comparison,00467-mggziYKSc6S_0.png
00795-awcRF7AZnJu,0,Is the door closer to the stairs than the wall in the same room?,"['Yes', 'No', 'They are equidistant', 'Not enough information']",Is the door closer to the stairs than the wall in the same room? A) Yes B) No C) They are equidistant D) Not enough information. Answer:,B,Relationship,00795-awcRF7AZnJu_1.png
00886-TPhiubUHKcP,0,Does the bunk bed in the bedroom have a darker color than the dresser?,"['Yes', 'No', 'They have the same color', 'Not visible']",Does the bunk bed in the bedroom have a darker color than the dresser? A) Yes B) No C) They have the same color D) Not visible. Answer:,A,Comparison,00886-TPhiubUHKcP_1.png
00108-oStKKWkQ1id,0,Is the bed in the bedroom positioned closer to the dresser than to the window?,"['Yes', 'No', 'They are equidistant', 'Cannot be determined']",Is the bed in the bedroom positioned closer to the dresser than to the window? A) Yes B) No C) They are equidistant D) Cannot be determined. Answer:,A,Relationship,00108-oStKKWkQ1id_1.png
00505-ZwnLFNzxASM,0,Does the kitchen countertop have more visible surface area than the glassware cabinet in the kitchen?,"['Yes', 'No', 'They have the same visible surface area', 'Not enough information to determine']",Does the kitchen countertop have more visible surface area than the glassware cabinet in the kitchen? A) Yes B) No C) They have the same visible surface area D) Not enough information to determine. Answer:,A,Comparison,00505-ZwnLFNzxASM_0.png
00559-53jtKd53a1X,0,Is the number of paintings equal to the number of windows in the gallery?,"['Yes', 'No', 'More paintings', 'More windows']",Is the number of paintings equal to the number of windows in the gallery? A) Yes B) No C) More paintings D) More windows. Answer:,A,Comparison,00559-53jtKd53a1X_0.png
00444-sX9xad6ULKc,0,Do the kitchen cabinets share the same color as the bedroom wall?,"['Yes', 'No', 'They are similar but not the same', 'The color cannot be determined']",Do the kitchen cabinets share the same color as the bedroom wall? A) Yes B) No C) They are similar but not the same D) The color cannot be determined. Answer:,B,Comparison,00444-sX9xad6ULKc_0.png
00448-tAQTHnJ7n72,0,Is the bunk bed taller than the desk in the room with the bunk bed?,"['Yes', 'No', 'They are the same height', 'Cannot determine']",Is the bunk bed taller than the desk in the room with the bunk bed? A) Yes B) No C) They are the same height D) Cannot determine. Answer:,A,Comparison,00448-tAQTHnJ7n72_1.png
00283-MPPDV4Gvybr,0,Does the window in the room have a different color frame than the door?,"['Yes, they have different colors', 'No, they have the same color', 'The window frame is transparent', 'There is no door in the room']","Does the window in the room have a different color frame than the door? A) Yes, they have different colors B) No, they have the same color C) The window frame is transparent D) There is no door in the room. Answer:",B,Attribute,00283-MPPDV4Gvybr_0.png
00143-5Kw4nGdqYtS,0,Is the toilet farther from the door than the bathtub in the bathroom?,"['Yes', 'No', 'Same distance', 'Cannot be determined']",Is the toilet farther from the door than the bathtub in the bathroom? A) Yes B) No C) Same distance D) Cannot be determined. Answer:,A,Comparison,00143-5Kw4nGdqYtS_0.png
00658-a3JCmxobR99,0,Are the blinds open on the window?,"['Yes', 'No', 'Partially', 'Not visible']",Are the blinds open on the window? A) Yes B) No C) Partially D) Not visible. Answer:,C,Attribute,00658-a3JCmxobR99_1.png
00633-dDyovSFuViJ,0,Does the dining table have more chairs around it than the number of plants visible in the corridor?,"['Yes', 'No', 'They have the same amount', ""It's not visible""]",Does the dining table have more chairs around it than the number of plants visible in the corridor? A) Yes B) No C) They have the same amount D) It's not visible. Answer:,A,Relationship,00633-dDyovSFuViJ_0.png
00074-kHvNo8x6Qoe,0,Is the table wider than the bed in the house?,"['Yes', 'No', 'They are the same size', 'Cannot determine']",Is the table wider than the bed in the house? A) Yes B) No C) They are the same size D) Cannot determine. Answer:,B,Comparison,00074-kHvNo8x6Qoe_1.png
000581hovphK64XQ,0,Does the lamp in the room share the same color as the curtain?,"['Yes', 'No', 'Partially', 'Cannot determine']",Does the lamp in the room share the same color as the curtain? A) Yes B) No C) Partially D) Cannot determine. Answer:,B,Comparison,000581hovphK64XQ_0.png
00139-Dj6sJyU7qmd,0,Is the ceiling fan in the house located closer to the workspace or to the dining table?,"['Workspace', 'Dining table', 'Neither', 'Both equally']",Is the ceiling fan in the house located closer to the workspace or to the dining table? A) Workspace B) Dining table C) Neither D) Both equally. Answer:,A,Relationship,00139-Dj6sJyU7qmd_0.png
00054-6BReaxZUoMg,0,Is the fireplace in the house made of the same material as the wooden ceiling?,"['Yes', 'No', 'Partially', 'Cannot determine']",Is the fireplace in the house made of the same material as the wooden ceiling? A) Yes B) No C) Partially D) Cannot determine. Answer:,B,Attribute,00054-6BReaxZUoMg_0.png
00412-mDPCxA7W1WN,0,Is the TV positioned directly across from the couch in the living room?,"['Yes', 'No', 'Not visible', 'Obstructed']",Is the TV positioned directly across from the couch in the living room? A) Yes B) No C) Not visible D) Obstructed. Answer:,A,Relationship,00412-mDPCxA7W1WN_1.png
00302-JFgrz9MNz4b,0,Does the door in the house share the same color as the window in the kitchen?,"['Yes', 'No', 'Somewhat', 'Cannot determine']",Does the door in the house share the same color as the window in the kitchen? A) Yes B) No C) Somewhat D) Cannot determine. Answer:,B,Comparison,00302-JFgrz9MNz4b_0.png
00268-mHJxL9jnCox,0,Is the stair railing in the house made of a similar material as the desk chair in the office?,"['Yes, they are the same material', 'No, they are different materials', 'The railing is wood and the chair is metal', 'The railing is wood and the chair is plastic']","Is the stair railing in the house made of a similar material as the desk chair in the office? A) Yes, they are the same material B) No, they are different materials C) The railing is wood and the chair is metal D) The railing is wood and the chair is plastic. Answer:",D,Attribute,00268-mHJxL9jnCox_0.png
00202-yVbpFay8gTU,0,Does the dining table have more chairs around it than the kitchen counter has stools?,"['Yes', 'No', 'Equal', 'Not visible']",Does the dining table have more chairs around it than the kitchen counter has stools? A) Yes B) No C) Equal D) Not visible. Answer:,A,Comparison,00202-yVbpFay8gTU_1.png
00869-MHPLjHsuG27,0,Is the sofa in the living room bigger than the bed in the bedroom?,"['Yes', 'No', 'They are the same size', 'Cannot determine']",Is the sofa in the living room bigger than the bed in the bedroom? A) Yes B) No C) They are the same size D) Cannot determine. Answer:,B,Comparison,00869-MHPLjHsuG27_0.png
00037-oKFJo8jpzRW,0,Is the bed closer to the window compared to the table in the room?,"['Yes', 'No', 'They are equidistant', 'Not observable']",Is the bed closer to the window compared to the table in the room? A) Yes B) No C) They are equidistant D) Not observable. Answer:,A,Comparison,00037-oKFJo8jpzRW_1.png
00439-mjvN6RDLsPm,0,Does the cabinet color match the kitchen counter in the kitchen?,"['Yes', 'No', 'Only partially', 'Not visible']",Does the cabinet color match the kitchen counter in the kitchen? A) Yes B) No C) Only partially D) Not visible. Answer:,A,Comparison,00439-mjvN6RDLsPm_1.png
00628-tjs8mFdJ7YN,0,"The question has been replaced with: ""How many levels of the bookshelf in the living room contain books?""?","['One', 'Two', 'Three', 'Four']","The question has been replaced with: ""How many levels of the bookshelf in the living room contain books?""? A) One B) Two C) Three D) Four. Answer:",B,Counting,00628-tjs8mFdJ7YN_1.png
00298-by8SK9u18S8,0,Is the sofa larger than the armchair in the house?,"['Yes', 'No', 'They are the same size', 'Cannot be determined']",Is the sofa larger than the armchair in the house? A) Yes B) No C) They are the same size D) Cannot be determined. Answer:,A,Comparison,00298-by8SK9u18S8_0.png
00486-WypGcNbCdsH,0,Do the tablecloths and chairs in the room share the same color?,"['Yes', 'No', 'Partially', 'Not visible']",Do the tablecloths and chairs in the room share the same color? A) Yes B) No C) Partially D) Not visible. Answer:,B,Attribute,00486-WypGcNbCdsH_1.png
00135-HeSYRw7eMtG,0,Is the number of boxes in the storage room greater than the number of couches in the living room?,"['Yes', 'No', 'They are equal', 'Not sure']",Is the number of boxes in the storage room greater than the number of couches in the living room? A) Yes B) No C) They are equal D) Not sure. Answer:,A,Comparison,00135-HeSYRw7eMtG_1.png
00698-SrHVAbHUpUX,0,Is the washing machine placed next to the dryer in the basement?,"['Yes', 'No', 'They are in different rooms', 'The dryer is above the washing machine']",Is the washing machine placed next to the dryer in the basement? A) Yes B) No C) They are in different rooms D) The dryer is above the washing machine. Answer:,A,Relationship,00698-SrHVAbHUpUX_0.png
00450-LGGnLUDPz37,0,Does the picture frame hang closer to the door in the hallway or in the office?,"['Hallway', 'Office', 'Same distance', 'Cannot determine']",Does the picture frame hang closer to the door in the hallway or in the office? A) Hallway B) Office C) Same distance D) Cannot determine. Answer:,A,Relationship,00450-LGGnLUDPz37_0.png
00239-b3CuYvwpzZv,0,Is the door in the porch made of a similar material as the ceiling in the porch?,"['Yes', 'No', 'Partially', 'Cannot determine']",Is the door in the porch made of a similar material as the ceiling in the porch? A) Yes B) No C) Partially D) Cannot determine. Answer:,B,Comparison,00239-b3CuYvwpzZv_1.png
00540-6nvpJEZ8ox5,0,Are the refrigerator and the kitchen cabinets in the same room?,"['Yes', 'No', 'Only the refrigerator is in the room', 'Only the kitchen cabinets are in the room']",Are the refrigerator and the kitchen cabinets in the same room? A) Yes B) No C) Only the refrigerator is in the room D) Only the kitchen cabinets are in the room. Answer:,A,Relationship,00540-6nvpJEZ8ox5_0.png
00622-bxwHR9ipFG8,0,Is the television bigger than the couch in the living room?,"['Yes', 'No', 'They are the same size', 'Unable to determine']",Is the television bigger than the couch in the living room? A) Yes B) No C) They are the same size D) Unable to determine. Answer:,B,Comparison,00622-bxwHR9ipFG8_0.png
00688-SgkmkWjjmDJ,0,Is the door color the same as the wall color in the images?,"['Yes', 'No', 'Only in some photos', 'Cannot determine']",Is the door color the same as the wall color in the images? A) Yes B) No C) Only in some photos D) Cannot determine. Answer:,A,Comparison,00688-SgkmkWjjmDJ_0.png
00630-SrBPiU6LKxL,0,Is the chair closer to the desk than the other chairs in the room?,"['Yes', 'No', 'All chairs are equidistant', 'There are no chairs']",Is the chair closer to the desk than the other chairs in the room? A) Yes B) No C) All chairs are equidistant D) There are no chairs. Answer:,A,Relationship,00630-SrBPiU6LKxL_1.png
00394-H7bBanejcc6,0,Does the TV stand closer to the Floor Lamp than the couch in the living room?,"['Yes', 'No', 'They are the same distance', 'Not enough information']",Does the TV stand closer to the Floor Lamp than the couch in the living room? A) Yes B) No C) They are the same distance D) Not enough information. Answer:,A,Relationship,00394-H7bBanejcc6_1.png
00404-QN2dRqwd84J,0,Is the color of the sofa similar to the color of the rug in the living room?,"['Yes', 'No', 'Somewhat', 'Identical']",Is the color of the sofa similar to the color of the rug in the living room? A) Yes B) No C) Somewhat D) Identical. Answer:,B,Attribute,00404-QN2dRqwd84J_0.png
00589-NS5SeGunqiK,0,Does the TV share the same color as the fireplace in the room with the cabinet?,"['Yes', 'No', 'Only partially', 'Cannot be determined']",Does the TV share the same color as the fireplace in the room with the cabinet? A) Yes B) No C) Only partially D) Cannot be determined. Answer:,B,Comparison,00589-NS5SeGunqiK_1.png
00737-ZhXWtW1gd6c,0,Is the dining table farther from the windows compared to the kitchen island in the house?,"['Yes', 'No', 'They are at the same distance', 'Cannot determine']",Is the dining table farther from the windows compared to the kitchen island in the house? A) Yes B) No C) They are at the same distance D) Cannot determine. Answer:,A,Comparison,00737-ZhXWtW1gd6c_1.png
00621-SAZ4gvMfxm1,0,Does the dining table have more chairs placed around it in the dining room?,"['Yes', 'No', 'Not visible', 'Chairs are not around the dining table']",Does the dining table have more chairs placed around it in the dining room? A) Yes B) No C) Not visible D) Chairs are not around the dining table. Answer:,A,Attribute,00621-SAZ4gvMfxm1_0.png
00452-9Ckja165ren,0,Does the door share the same color as the window frame?,"['Yes', 'No', 'Partially', 'Cannot be determined']",Does the door share the same color as the window frame? A) Yes B) No C) Partially D) Cannot be determined. Answer:,A,Comparison,00452-9Ckja165ren_1.png
00498-ij6Fizhrr6c,0,Does the door have the same color as the window frame?,"['Yes', 'No', 'Similar shade', 'Cannot tell']",Does the door have the same color as the window frame? A) Yes B) No C) Similar shade D) Cannot tell. Answer:,B,Comparison,00498-ij6Fizhrr6c_1.png
00274-NcK5aACg44h,0,Is the stairs farther from the window than the sofa in the room?,"['Yes', 'No', 'They are at the same distance', 'Cannot tell']",Is the stairs farther from the window than the sofa in the room? A) Yes B) No C) They are at the same distance D) Cannot tell. Answer:,A,Relationship,00274-NcK5aACg44h_0.png
00753-hTTnuAeSN6d,0,Is the sofa closer to windows than the dining table?,"['Yes', 'No', 'Cannot tell', 'They are equidistant']",Is the sofa closer to windows than the dining table? A) Yes B) No C) Cannot tell D) They are equidistant. Answer:,A,Comparison,00753-hTTnuAeSN6d_0.png
00624-ooq3SnvC79d,0,Is the rug larger or smaller than the couch in the living room?,"['Larger', 'Smaller', 'Same size', 'Cannot determine']",Is the rug larger or smaller than the couch in the living room? A) Larger B) Smaller C) Same size D) Cannot determine. Answer:,B,Comparison,00624-ooq3SnvC79d_1.png
00101-n8AnEznQQpv,0,Is the window in the bedroom closer to the door compared to other rooms?,"['Yes, it is closer', 'No, it is farther', 'They are equidistant', 'Not enough information']","Is the window in the bedroom closer to the door compared to other rooms? A) Yes, it is closer B) No, it is farther C) They are equidistant D) Not enough information. Answer:",A,Comparison,00101-n8AnEznQQpv_1.png
00047-u9LiqMn6kA6,0,Does the sofa face the television in the room?,"['Yes', 'No', 'Only partially', 'Not visible']",Does the sofa face the television in the room? A) Yes B) No C) Only partially D) Not visible. Answer:,A,Relationship,00047-u9LiqMn6kA6_0.png
00313-PE6kVEtrxtj,0,Is the couch smaller than the bed in the bedroom?,"['Yes', 'No', 'Unsure', 'Same size']",Is the couch smaller than the bed in the bedroom? A) Yes B) No C) Unsure D) Same size. Answer:,A,Comparison,00313-PE6kVEtrxtj_1.png
00705-2XVvKEDd54w,0,Is the ceiling fan in the same room as the sofa?,"['Yes', 'No', 'Depends on perspective', 'Cannot be determined']",Is the ceiling fan in the same room as the sofa? A) Yes B) No C) Depends on perspective D) Cannot be determined. Answer:,A,Relationship,00705-2XVvKEDd54w_0.png
00712-HZ2iMMBsBQ9,0,Is the color of the closet doors the same as the walls in the room?,"['Yes', 'No', 'Only for the left door', 'Only for the right door']",Is the color of the closet doors the same as the walls in the room? A) Yes B) No C) Only for the left door D) Only for the right door. Answer:,A,Attribute,00712-HZ2iMMBsBQ9_1.png
00469-ochRmQAHtkF,0,Is the table in the dining room surrounded by more than two chairs?,"['Yes, it is surrounded by more than two chairs', 'No, it is surrounded by two chairs', 'No, it is surrounded by only one chair', 'No, there are no chairs around the table']","Is the table in the dining room surrounded by more than two chairs? A) Yes, it is surrounded by more than two chairs B) No, it is surrounded by two chairs C) No, it is surrounded by only one chair D) No, there are no chairs around the table. Answer:",A,Attribute,00469-ochRmQAHtkF_0.png
00319-sjH1uaR68XQ,0,Does the wardrobe have a similar color to the cabinet?,"['Yes', 'No', 'Slightly', 'Not sure']",Does the wardrobe have a similar color to the cabinet? A) Yes B) No C) Slightly D) Not sure. Answer:,A,Attribute,00319-sjH1uaR68XQ_1.png
00738-GPyDUnjwZQy,0,Are the teddy bear and stuffed toys placed together in the same room?,"['Yes', 'No', 'Only the teddy bear is present', 'Only the stuffed toys are present']",Are the teddy bear and stuffed toys placed together in the same room? A) Yes B) No C) Only the teddy bear is present D) Only the stuffed toys are present. Answer:,A,Relationship,00738-GPyDUnjwZQy_1.png
00759-8iCxzGNmp4g,0,Does the ceiling fan share the same color as the floor lamp in the room?,"['Yes', 'No', 'Partially', 'Cannot determine']",Does the ceiling fan share the same color as the floor lamp in the room? A) Yes B) No C) Partially D) Cannot determine. Answer:,B,Attribute,00759-8iCxzGNmp4g_0.png
00669-DNWbUAJYsPy,0,Does the lamp share the same color as the ceiling light in the living room?,"['Yes', 'No', 'Only the lamp is colored', 'Only the ceiling light is colored']",Does the lamp share the same color as the ceiling light in the living room? A) Yes B) No C) Only the lamp is colored D) Only the ceiling light is colored. Answer:,B,Comparison,00669-DNWbUAJYsPy_0.png
00852-T6nG3E2Uui9,0,Is the sofa larger than the chair in the living room?,"['Yes', 'No', 'They are the same size', 'Cannot tell']",Is the sofa larger than the chair in the living room? A) Yes B) No C) They are the same size D) Cannot tell. Answer:,A,Comparison,00852-T6nG3E2Uui9_0.png
00532-4euAVjDbkz9,0,Is the window in the house closer to the waterfront than the couch?,"['Yes', 'No', 'They are equally close', 'Cannot be determined']",Is the window in the house closer to the waterfront than the couch? A) Yes B) No C) They are equally close D) Cannot be determined. Answer:,A,Relationship,00532-4euAVjDbkz9_0.png
00110-ikChNYDHtRf,0,Is the bathtub larger than the sink in the bathroom?,"['Yes', 'No', 'They are the same size', 'Cannot determine size']",Is the bathtub larger than the sink in the bathroom? A) Yes B) No C) They are the same size D) Cannot determine size. Answer:,A,Comparison,00110-ikChNYDHtRf_0.png
00635-drvaU627cQh,0,Is the desk longer than the chair in the room?,"['Yes', 'No', 'They are the same length', 'Not visible']",Is the desk longer than the chair in the room? A) Yes B) No C) They are the same length D) Not visible. Answer:,A,Comparison,00635-drvaU627cQh_1.png
00800-TEEsavR23oF,0,Is the treadmill closer to the sofa in the living room or hallway?,"['Living room', 'Hallway', 'Neither', 'Both']",Is the treadmill closer to the sofa in the living room or hallway? A) Living room B) Hallway C) Neither D) Both. Answer:,A,Relationship,00800-TEEsavR23oF_0.png
00801-HaxA7YrQdEC,0,Are the bar stools in the kitchen taller than the wall art in the hallway?,"['Yes', 'No', 'They are the same height', 'Not visible']",Are the bar stools in the kitchen taller than the wall art in the hallway? A) Yes B) No C) They are the same height D) Not visible. Answer:,B,Comparison,00801-HaxA7YrQdEC_1.png
00115-NBWrHFXBF5p,0,Is the table closer to the shelf in the studio area compared to the gallery area?,"['Yes', 'No', 'Same distance', 'Not applicable']",Is the table closer to the shelf in the studio area compared to the gallery area? A) Yes B) No C) Same distance D) Not applicable. Answer:,A,Comparison,00115-NBWrHFXBF5p_0.png
00699-gyK27yu7CP4,0,Is the blue sofa larger than the brown armchairs in these rooms?,"['Yes', 'No', 'They are the same size', 'Cannot be determined']",Is the blue sofa larger than the brown armchairs in these rooms? A) Yes B) No C) They are the same size D) Cannot be determined. Answer:,A,Comparison,00699-gyK27yu7CP4_0.png
00527-HPrcqBkKzuy,0,Is the door closer to the cabinet than the treadmill in the room?,"['Yes', 'No', 'The door and cabinet are equidistant', 'The treadmill is equidistant from both']",Is the door closer to the cabinet than the treadmill in the room? A) Yes B) No C) The door and cabinet are equidistant D) The treadmill is equidistant from both. Answer:,A,Relationship,00527-HPrcqBkKzuy_0.png
00090-C8VQQtzUoqV,0,Do the blue curtains and the blue couch in the room share the same color scheme?,"['Yes, exactly the same', 'No, completely different', 'Similar but not identical', 'Unsure']","Do the blue curtains and the blue couch in the room share the same color scheme? A) Yes, exactly the same B) No, completely different C) Similar but not identical D) Unsure. Answer:",C,Comparison,00090-C8VQQtzUoqV_1.png
00567-KjZrPggnHm8,0,Do the blinds and curtains in the images serve a similar purpose?,"['Yes', 'No', 'Only the blinds', 'Only the curtains']",Do the blinds and curtains in the images serve a similar purpose? A) Yes B) No C) Only the blinds D) Only the curtains. Answer:,A,Relationship,00567-KjZrPggnHm8_1.png
00085-KWoYKrff5L4,0,Does the radiator appear below a window in the images?,"['Yes', 'No', 'Only in one image', ""It's not visible""]",Does the radiator appear below a window in the images? A) Yes B) No C) Only in one image D) It's not visible. Answer:,A,Relationship,00085-KWoYKrff5L4_1.png
00332-cWfRoQnzNiM,0,Is the chalkboard closer to the bunk bed than the window in the room?,"['Yes', 'No', 'They are equidistant', 'Cannot determine']",Is the chalkboard closer to the bunk bed than the window in the room? A) Yes B) No C) They are equidistant D) Cannot determine. Answer:,A,Relationship,00332-cWfRoQnzNiM_1.png
00323-yHLr6bvWsVm,0,Is the bed larger than the kitchen table in the house?,"['Yes', 'No', 'They are the same size', 'Cannot be determined']",Is the bed larger than the kitchen table in the house? A) Yes B) No C) They are the same size D) Cannot be determined. Answer:,A,Comparison,00323-yHLr6bvWsVm_0.png
00632-kXAEFtUBNFZ,0,Is the bed closer to the window than the chair is in the bedroom?,"['Yes', 'No', 'The bed and chair are equally close', 'Cannot determine']",Is the bed closer to the window than the chair is in the bedroom? A) Yes B) No C) The bed and chair are equally close D) Cannot determine. Answer:,A,Comparison,00632-kXAEFtUBNFZ_1.png
00179-MVVzj944atG,0,Does the yellow lamp share the same color as the yellow towel in the house?,"['Yes', 'No', 'Only partially', 'Unsure']",Does the yellow lamp share the same color as the yellow towel in the house? A) Yes B) No C) Only partially D) Unsure. Answer:,A,Comparison,00179-MVVzj944atG_0.png
00866-XNeHsjL6nBB,0,Are the bottles more numerous than the barrels in the building?,"['Yes', 'No', 'They are equal in number', 'Cannot be determined']",Are the bottles more numerous than the barrels in the building? A) Yes B) No C) They are equal in number D) Cannot be determined. Answer:,A,Comparison,00866-XNeHsjL6nBB_1.png
00498-ij6Fizhrr6c,0,Is the toilet closer than the bathtub to the bathroom door?,"['Yes', 'No', 'They are equidistant', 'Impossible to tell']",Is the toilet closer than the bathtub to the bathroom door? A) Yes B) No C) They are equidistant D) Impossible to tell. Answer:,B,Relationship,00498-ij6Fizhrr6c_0.png
00318-6qJyEsZNuey,0,Are the green plants and blue ceiling ducts present in the same room?,"['Yes, always', 'No, not at all', 'Yes, in some rooms', 'They are in separate rooms']","Are the green plants and blue ceiling ducts present in the same room? A) Yes, always B) No, not at all C) Yes, in some rooms D) They are in separate rooms. Answer:",C,Relationship,00318-6qJyEsZNuey_0.png
00861-GLAQ4DNUx5U,0,Is the sink closer to the window than the shower in the same room?,"['Yes', 'No', 'They are equally distant', 'Cannot determine']",Is the sink closer to the window than the shower in the same room? A) Yes B) No C) They are equally distant D) Cannot determine. Answer:,A,Comparison,00861-GLAQ4DNUx5U_1.png
00586-qSom26FpYzR,0,Is the bed bigger than the dining table in this house?,"['Yes', 'No', 'They are the same size', 'Cannot be determined']",Is the bed bigger than the dining table in this house? A) Yes B) No C) They are the same size D) Cannot be determined. Answer:,B,Comparison,00586-qSom26FpYzR_1.png
00590-qgZhhx1MpTi,0,Is the sofa longer than the bar stool in the living room?,"['Yes', 'No', 'Same size', 'Cannot be determined']",Is the sofa longer than the bar stool in the living room? A) Yes B) No C) Same size D) Cannot be determined. Answer:,A,Comparison,00590-qgZhhx1MpTi_1.png
00012-kDgLKdMd5X8,0,Is the door color different from the floor color in the entryway?,"['Yes', 'No', 'Sometimes', 'Can’t determine']",Is the door color different from the floor color in the entryway? A) Yes B) No C) Sometimes D) Can’t determine. Answer:,A,Attribute,00012-kDgLKdMd5X8_0.png
00098-MVStfLiYYQv,0,Does the window have more glass surface area than the door in the house?,"['Yes', 'No', 'Same', 'Cannot be determined']",Does the window have more glass surface area than the door in the house? A) Yes B) No C) Same D) Cannot be determined. Answer:,B,Comparison,00098-MVStfLiYYQv_0.png
00659-ZVPMj4YoZtK,0,Is the refrigerator closer to the stove than the countertop in the kitchen?,"['Yes', 'No', 'They are equidistant', 'Cannot determine']",Is the refrigerator closer to the stove than the countertop in the kitchen? A) Yes B) No C) They are equidistant D) Cannot determine. Answer:,A,Relationship,00659-ZVPMj4YoZtK_1.png
00154-2dZ1Jivh5if,0,Does the cabinet in the living area share the same color as the microwave in the kitchen?,"['Yes', 'No', 'Cannot determine', 'They are identical in color']",Does the cabinet in the living area share the same color as the microwave in the kitchen? A) Yes B) No C) Cannot determine D) They are identical in color. Answer:,B,Comparison,00154-2dZ1Jivh5if_1.png
00516-ytXtEYghmvL,0,Is the wall smoother than the door in the house?,"['Yes', 'No', 'Both are equally smooth', 'Cannot determine']",Is the wall smoother than the door in the house? A) Yes B) No C) Both are equally smooth D) Cannot determine. Answer:,B,Comparison,00516-ytXtEYghmvL_1.png
00076-fJ1GEE6PdHD,0,Is the chair in the green room closer to the window than the table?,"['Yes', 'No', 'They are equally distant', 'Cannot determine']",Is the chair in the green room closer to the window than the table? A) Yes B) No C) They are equally distant D) Cannot determine. Answer:,A,Comparison,00076-fJ1GEE6PdHD_1.png
00051-CETmJJqkhcK,0,Is the cabinet closer to the white refrigerator than it is to the kitchen windows?,"['Yes', 'No', 'They are equidistant', 'Cannot determine from the image']",Is the cabinet closer to the white refrigerator than it is to the kitchen windows? A) Yes B) No C) They are equidistant D) Cannot determine from the image. Answer:,A,Relationship,00051-CETmJJqkhcK_0.png
00384-ceJTwFNjqCt,0,Are books closer to the entrance than musical instruments in the store?,"['Yes', 'No', 'They are at the same distance', 'Not visible']",Are books closer to the entrance than musical instruments in the store? A) Yes B) No C) They are at the same distance D) Not visible. Answer:,B,Relationship,00384-ceJTwFNjqCt_0.png
00368-k9UfRPqLm3j,0,Is the ceiling fan in the bedroom larger than the light fixture in the kitchen?,"['Yes', 'No', 'Same size', 'Unknown']",Is the ceiling fan in the bedroom larger than the light fixture in the kitchen? A) Yes B) No C) Same size D) Unknown. Answer:,A,Comparison,00368-k9UfRPqLm3j_1.png
00418-t6tH2pNA9X5,0,Are the television and the windows in the same room?,"['Yes', 'No', 'Only the television is in the room', 'Only the windows are in the room']",Are the television and the windows in the same room? A) Yes B) No C) Only the television is in the room D) Only the windows are in the room. Answer:,B,Relationship,00418-t6tH2pNA9X5_0.png
00070-w7QyjJ3H9Bp,0,Are the black shelves in the living room higher or lower than the white cabinets in the kitchen?,"['Higher', 'Lower', 'Same height', 'Cannot be determined']",Are the black shelves in the living room higher or lower than the white cabinets in the kitchen? A) Higher B) Lower C) Same height D) Cannot be determined. Answer:,A,Comparison,00070-w7QyjJ3H9Bp_1.png
00805-SUHsP6z2gcJ,0,Is the bed closer to the ceiling fan than the door in the bedroom?,"['Yes', 'No', 'Equally distant', 'Cannot tell']",Is the bed closer to the ceiling fan than the door in the bedroom? A) Yes B) No C) Equally distant D) Cannot tell. Answer:,A,Relationship,00805-SUHsP6z2gcJ_0.png
00780-3iZkJUc7KhX,0,Does the countertop and sink in the kitchen share the same material?,"['Yes', 'No', 'Only partially', 'Material is not clear']",Does the countertop and sink in the kitchen share the same material? A) Yes B) No C) Only partially D) Material is not clear. Answer:,B,Attribute,00780-3iZkJUc7KhX_1.png
00625-VWczCD1Hbus,0,Is the bed closer to the dresser in the second room than in the first room?,"['Yes', 'No', 'They are the same distance', 'Cannot determine']",Is the bed closer to the dresser in the second room than in the first room? A) Yes B) No C) They are the same distance D) Cannot determine. Answer:,A,Comparison,00625-VWczCD1Hbus_0.png
00424-Hsk3jDzNySy,0,Does the door share the same color as the window in the house?,"['Yes', 'No', 'Only partially', 'Cannot determine']",Does the door share the same color as the window in the house? A) Yes B) No C) Only partially D) Cannot determine. Answer:,B,Comparison,00424-Hsk3jDzNySy_0.png
00142-DwDDvGo9QdA,0,Is the dining table closer to the kitchen counter than the outdoor table is?,"['Yes', 'No', 'They are equidistant', 'Only the dining table is closer']",Is the dining table closer to the kitchen counter than the outdoor table is? A) Yes B) No C) They are equidistant D) Only the dining table is closer. Answer:,A,Relationship,00142-DwDDvGo9QdA_1.png
00819-6D36GQHuP8H,0,Is the staircase closer to the entryway door than the table in the dining area?,"['Yes', 'No', 'They are equidistant', 'The table is closer']",Is the staircase closer to the entryway door than the table in the dining area? A) Yes B) No C) They are equidistant D) The table is closer. Answer:,A,Relationship,00819-6D36GQHuP8H_0.png
00238-j6fHrce9pHR,0,Is the ceiling fan larger than the wall lamp in the house?,"['Yes', 'No', 'They are the same size', 'Cannot determine']",Is the ceiling fan larger than the wall lamp in the house? A) Yes B) No C) They are the same size D) Cannot determine. Answer:,A,Comparison,00238-j6fHrce9pHR_0.png
00841-SByzJLxpRGn,0,Does the ceiling fan in the bedroom have more blades than the chandelier in the hallway has bulbs?,"['Yes', 'No', 'They have the same number', 'Cannot determine']",Does the ceiling fan in the bedroom have more blades than the chandelier in the hallway has bulbs? A) Yes B) No C) They have the same number D) Cannot determine. Answer:,A,Comparison,00841-SByzJLxpRGn_1.png
00413-YM4nG4pSAEJ,0,Is the bed located directly below the air conditioner in the room?,"['Yes', 'No', 'Both are in different rooms', 'Not sure']",Is the bed located directly below the air conditioner in the room? A) Yes B) No C) Both are in different rooms D) Not sure. Answer:,A,Relationship,00413-YM4nG4pSAEJ_1.png
00674-y3dZtLZCUvN,0,Is the window closer to the door inside the house or outside the house?,"['Inside the house', 'Outside the house', 'Both are equidistant', 'Unable to determine']",Is the window closer to the door inside the house or outside the house? A) Inside the house B) Outside the house C) Both are equidistant D) Unable to determine. Answer:,A,Relationship,00674-y3dZtLZCUvN_1.png
00201-k7vRbGpz44m,0,Is the bed closer to the wardrobe than the radiator in the bedroom?,"['Yes', 'No', 'They are equidistant', 'Cannot determine']",Is the bed closer to the wardrobe than the radiator in the bedroom? A) Yes B) No C) They are equidistant D) Cannot determine. Answer:,A,Relationship,00201-k7vRbGpz44m_0.png
00370-RcuYAHzrjK7,0,Does the couch in the living room match the color of the armchair in the dining area?,"['Yes', 'No', 'Only slightly', 'They are identical']",Does the couch in the living room match the color of the armchair in the dining area? A) Yes B) No C) Only slightly D) They are identical. Answer:,A,Attribute,00370-RcuYAHzrjK7_1.png
00207-FRQ75PjD278,0,Is the mirror taller than the window in the room?,"['Yes', 'No', 'They are the same height', 'The mirror is shorter']",Is the mirror taller than the window in the room? A) Yes B) No C) They are the same height D) The mirror is shorter. Answer:,A,Comparison,00207-FRQ75PjD278_1.png
00612-GsQBY83r3hb,0,Does the TV share the same wall area as the mirror?,"['Yes', 'No', 'Partially', 'TV is not wall-mounted']",Does the TV share the same wall area as the mirror? A) Yes B) No C) Partially D) TV is not wall-mounted. Answer:,D,Relationship,00612-GsQBY83r3hb_0.png
00894-HY1NcmCgn3n,0,Is the bench longer than the chair in the hallway?,"['Yes', 'No', 'They are the same length', 'Cannot determine']",Is the bench longer than the chair in the hallway? A) Yes B) No C) They are the same length D) Cannot determine. Answer:,A,Comparison,00894-HY1NcmCgn3n_1.png
00808-y9hTuugGdiq,0,Is the stove vertically aligned with the oven in the kitchen?,"['Yes', 'No', 'Partially', 'They are side by side']",Is the stove vertically aligned with the oven in the kitchen? A) Yes B) No C) Partially D) They are side by side. Answer:,A,Relationship,00808-y9hTuugGdiq_0.png
00322-7Xp37y8DpSv,0,Is the dining table closer to the window than the kitchen counter?,"['Yes', 'No', 'Same distance', 'Cannot determine']",Is the dining table closer to the window than the kitchen counter? A) Yes B) No C) Same distance D) Cannot determine. Answer:,A,Relationship,00322-7Xp37y8DpSv_0.png
00005-yPKGKBCyYx8,0,Is the couch larger than the table in the living room?,"['Yes', 'No', 'Same size', 'Not visible']",Is the couch larger than the table in the living room? A) Yes B) No C) Same size D) Not visible. Answer:,A,Comparison,00005-yPKGKBCyYx8_0.png
00116-xp4FyfQ6Wr5,0,Is the bed bigger than the shelf in the room?,"['Yes', 'No', 'They are the same size', 'Unclear']",Is the bed bigger than the shelf in the room? A) Yes B) No C) They are the same size D) Unclear. Answer:,A,Comparison,00116-xp4FyfQ6Wr5_1.png
00839-zt1RVoi7PcG,0,Is the bed in the bedroom larger than the lamp?,"['Yes', 'No', 'They are the same size', 'Cannot determine']",Is the bed in the bedroom larger than the lamp? A) Yes B) No C) They are the same size D) Cannot determine. Answer:,A,Comparison,00839-zt1RVoi7PcG_1.png
00465-nvjM2xMma91,0,Is the bookshelf closer to the sofa than the exercise bench in the living area?,"['Yes', 'No', 'They are equally distant', 'Not visible']",Is the bookshelf closer to the sofa than the exercise bench in the living area? A) Yes B) No C) They are equally distant D) Not visible. Answer:,A,Relationship,00465-nvjM2xMma91_1.png
00022-gmuS7Wgsbrx,0,Does the table have a similar material as the bench?,"['Yes, they are both made of wood', 'No, they are made of different materials', 'Yes, they both have a similar metal finish', 'No, one is wood, and the other is metal']","Does the table have a similar material as the bench? A) Yes, they are both made of wood B) No, they are made of different materials C) Yes, they both have a similar metal finish D) No, one is wood, and the other is metal. Answer:",A,Attribute,00022-gmuS7Wgsbrx_0.png
00619-R9fYpvCUkV7,0,Is the punching bag closer to the wall than the weights in the gym?,"['Yes', 'No', 'They are at the same distance', 'Cannot determine']",Is the punching bag closer to the wall than the weights in the gym? A) Yes B) No C) They are at the same distance D) Cannot determine. Answer:,A,Attribute,00619-R9fYpvCUkV7_0.png
00004-VqCaAuuoeWk,0,Is the door in the bedroom closer to the ceiling than the blades of the ceiling fan?,"['Yes', 'No', 'They are equal', 'Cannot be determined']",Is the door in the bedroom closer to the ceiling than the blades of the ceiling fan? A) Yes B) No C) They are equal D) Cannot be determined. Answer:,B,Comparison,00004-VqCaAuuoeWk_1.png
00021-yQESfVcg18k,0,Is the mirror closer to the door than the shower in the bathroom?,"['Yes', 'No', 'Same distance', 'Cannot determine']",Is the mirror closer to the door than the shower in the bathroom? A) Yes B) No C) Same distance D) Cannot determine. Answer:,A,Relationship,00021-yQESfVcg18k_1.png
00647-qpcpnP8TosR,0,Is the mirror taller than the chair?,"['Yes', 'No', 'Same height', 'Mirror is shorter']",Is the mirror taller than the chair? A) Yes B) No C) Same height D) Mirror is shorter. Answer:,A,Comparison,00647-qpcpnP8TosR_1.png
00272-kA2nG18hCAr,0,Is the closed door in the living room wider than the closed door leading to the storage room?,"['Yes', 'No', 'They are the same width', 'Unable to determine']",Is the closed door in the living room wider than the closed door leading to the storage room? A) Yes B) No C) They are the same width D) Unable to determine. Answer:,D,Comparison,00272-kA2nG18hCAr_1.png
00293-pEeGyoYCEa1,0,Is the bed larger than the dining table in the house?,"['Yes', 'No', 'They are the same size', 'Cannot be determined']",Is the bed larger than the dining table in the house? A) Yes B) No C) They are the same size D) Cannot be determined. Answer:,B,Comparison,00293-pEeGyoYCEa1_0.png
00460-LViDMxZp4ZN,0,Is the washing machine closer to the window than the oven in the kitchen?,"['Yes', 'No', 'They are equally distant', 'Cannot determine']",Is the washing machine closer to the window than the oven in the kitchen? A) Yes B) No C) They are equally distant D) Cannot determine. Answer:,A,Relationship,00460-LViDMxZp4ZN_1.png
00575-pMntW4YkvvB,0,Is the table in the first room smaller than the table in the second room?,"['Yes', 'No', 'They are the same size', 'Cannot determine']",Is the table in the first room smaller than the table in the second room? A) Yes B) No C) They are the same size D) Cannot determine. Answer:,A,Comparison,00575-pMntW4YkvvB_0.png
00061-duthTPisf28,0,Are the bed and photos located in the same room?,"['Yes', 'No', 'Only the bed is visible', 'Only the photos are visible']",Are the bed and photos located in the same room? A) Yes B) No C) Only the bed is visible D) Only the photos are visible. Answer:,B,Relationship,00061-duthTPisf28_1.png
00639-AwL2QGztLwV,0,Is the sink closer to the window than the ovens in the kitchen?,"['Yes', 'No', 'They are equidistant', 'Cannot determine']",Is the sink closer to the window than the ovens in the kitchen? A) Yes B) No C) They are equidistant D) Cannot determine. Answer:,A,Comparison,00639-AwL2QGztLwV_1.png
00063-KsD3yx9nZCv,0,Are the guitar painting and children's art supplies in different rooms?,"['Yes', 'No', 'Not sure', 'They are in the same location but placed apart']",Are the guitar painting and children's art supplies in different rooms? A) Yes B) No C) Not sure D) They are in the same location but placed apart. Answer:,A,Relationship,00063-KsD3yx9nZCv_1.png
00511-8uSpPmctPXC,0,Does the ceiling light illuminate the same area as the curtain is covering?,"['Yes', 'No', 'Partially', 'Only at night']",Does the ceiling light illuminate the same area as the curtain is covering? A) Yes B) No C) Partially D) Only at night. Answer:,A,Relationship,00511-8uSpPmctPXC_1.png
00719-CKbwkKufMWM,0,Is the rug in the dining room bigger than the table?,"['Yes', 'No', 'They are the same size', 'It cannot be determined']",Is the rug in the dining room bigger than the table? A) Yes B) No C) They are the same size D) It cannot be determined. Answer:,A,Comparison,00719-CKbwkKufMWM_1.png
00822-nrA1tAA17Yp,0,Is the mirror closer to the window than the painting in the house?,"['Yes', 'No', 'Same distance', 'Cannot determine']",Is the mirror closer to the window than the painting in the house? A) Yes B) No C) Same distance D) Cannot determine. Answer:,A,Relationship,00822-nrA1tAA17Yp_1.png
00696-DsEJeNPcZtE,0,Is the mirror in the living room larger than the vase in the dining area?,"['Yes', 'No', 'They are the same size', 'Cannot determine']",Is the mirror in the living room larger than the vase in the dining area? A) Yes B) No C) They are the same size D) Cannot determine. Answer:,A,Comparison,00696-DsEJeNPcZtE_0.png
00536-QFjJExB2jgE,0,Is the sofa farther from the kitchen than the dining table in the house?,"['Yes', 'No', 'They are equidistant', 'Cannot determine']",Is the sofa farther from the kitchen than the dining table in the house? A) Yes B) No C) They are equidistant D) Cannot determine. Answer:,B,Comparison,00536-QFjJExB2jgE_1.png
00522-XYQdAu1qsK9,0,Is the bathtub larger than the bed in terms of surface area?,"['Yes', 'No', 'They are the same size', 'Cannot determine from images']",Is the bathtub larger than the bed in terms of surface area? A) Yes B) No C) They are the same size D) Cannot determine from images. Answer:,D,Comparison,00522-XYQdAu1qsK9_0.png
00164-XfUxBGTFQQb,0,Is the clock higher on the wall than the top of the television in the room?,"['Yes', 'No', 'They are at the same height', 'The height cannot be determined']",Is the clock higher on the wall than the top of the television in the room? A) Yes B) No C) They are at the same height D) The height cannot be determined. Answer:,A,Attribute,00164-XfUxBGTFQQb_0.png
00706-YHmAkqgwe2p,0,Are the paintings closer to the furniture or the refrigerator in the house?,"['Furniture', 'Refrigerator', 'Equally close', 'None of the above']",Are the paintings closer to the furniture or the refrigerator in the house? A) Furniture B) Refrigerator C) Equally close D) None of the above. Answer:,A,Relationship,00706-YHmAkqgwe2p_0.png
005211SedVoP7zLu,0,Is the bed smaller than the dresser in the room?,"['Yes', 'No', 'They are the same size', 'The bed is larger']",Is the bed smaller than the dresser in the room? A) Yes B) No C) They are the same size D) The bed is larger. Answer:,A,Comparison,005211SedVoP7zLu_0.png
00160-7dmR22gwQpH,0,Is the crib closer to the dresser than the changing table is?,"['Yes', 'No', 'Same distance', 'Cannot determine']",Is the crib closer to the dresser than the changing table is? A) Yes B) No C) Same distance D) Cannot determine. Answer:,A,Comparison,00160-7dmR22gwQpH_0.png
00619-R9fYpvCUkV7,0,Is the punching bag closer to the viewer than the boxing ring in the room?,"['Yes', 'No', 'They are the same distance', 'Impossible to determine']",Is the punching bag closer to the viewer than the boxing ring in the room? A) Yes B) No C) They are the same distance D) Impossible to determine. Answer:,A,Comparison,00619-R9fYpvCUkV7_1.png
00727-WEDXu8bWRkq,0,Is the light fixture brighter than the sink?,"['Yes', 'No', 'They are equally bright', 'Cannot determine']",Is the light fixture brighter than the sink? A) Yes B) No C) They are equally bright D) Cannot determine. Answer:,D,Attribute,00727-WEDXu8bWRkq_0.png
00876-mv2HUxq3B53,0,Are the vases in the hallway more numerous than the mirrors in the bathroom?,"['Yes', 'No', 'Same number', 'Impossible to determine']",Are the vases in the hallway more numerous than the mirrors in the bathroom? A) Yes B) No C) Same number D) Impossible to determine. Answer:,A,Comparison,00876-mv2HUxq3B53_0.png
00323-yHLr6bvWsVm,0,Is the bed closer to the lamp in the purple room than in the green room?,"['Yes', 'No', 'The distance is the same', 'Cannot determine']",Is the bed closer to the lamp in the purple room than in the green room? A) Yes B) No C) The distance is the same D) Cannot determine. Answer:,A,Comparison,00323-yHLr6bvWsVm_1.png
00726-sNikFfBW8zM,0,Is the counter longer than the table in the kitchen?,"['Yes', 'No', 'They are the same length', 'The length cannot be determined']",Is the counter longer than the table in the kitchen? A) Yes B) No C) They are the same length D) The length cannot be determined. Answer:,A,Comparison,00726-sNikFfBW8zM_1.png
00078-nJTPfwbAj4S,0,Are the chairs in the kitchen the same color as the dining table?,"['Yes', 'No', 'Some are', 'Not visible']",Are the chairs in the kitchen the same color as the dining table? A) Yes B) No C) Some are D) Not visible. Answer:,A,Attribute,00078-nJTPfwbAj4S_1.png
00046-UQ5EhY5wve1,0,Does the mirror have the same shape as the painting?,"['Yes', 'No', 'Only the edges', 'Only the center']",Does the mirror have the same shape as the painting? A) Yes B) No C) Only the edges D) Only the center. Answer:,B,Comparison,00046-UQ5EhY5wve1_1.png
00015-LPwS1aEGXBb,0,Does the fireplace share the same wall with the television in the room?,"['Yes', 'No', 'Only one is wall-mounted', 'They are on opposite walls']",Does the fireplace share the same wall with the television in the room? A) Yes B) No C) Only one is wall-mounted D) They are on opposite walls. Answer:,A,Relationship,00015-LPwS1aEGXBb_1.png
000571UnKg1rAb8A,0,Is the clock positioned higher on the wall than the television in the living room?,"['Yes', 'No', 'They are at the same height', 'Unable to determine']",Is the clock positioned higher on the wall than the television in the living room? A) Yes B) No C) They are at the same height D) Unable to determine. Answer:,A,Attribute,000571UnKg1rAb8A_0.png
00308-gmLDom6XSo7,0,Is the window closer to the ceiling than the door in the house?,"['Yes', 'No', 'They are at the same height', 'Cannot determine']",Is the window closer to the ceiling than the door in the house? A) Yes B) No C) They are at the same height D) Cannot determine. Answer:,A,Comparison,00308-gmLDom6XSo7_0.png
00429-UZ5rYGiwQgW,0,Are the server racks visible through the glass wall in the room?,"['Yes', 'No', 'Partially', 'Cannot determine']",Are the server racks visible through the glass wall in the room? A) Yes B) No C) Partially D) Cannot determine. Answer:,A,Relationship,00429-UZ5rYGiwQgW_0.png
00348-37c5w29pYm3,0,Does the fireplace share the same color as the kitchen oven?,"['Yes', 'No', ""Can't tell"", 'Both are multicolored']",Does the fireplace share the same color as the kitchen oven? A) Yes B) No C) Can't tell D) Both are multicolored. Answer:,B,Comparison,00348-37c5w29pYm3_1.png
00830-5jp3fCRSRjc,0,Is the sofa the same color as the kitchen table in the house?,"['Yes', 'No', 'Only the sofa is colored', 'Only the kitchen table is colored']",Is the sofa the same color as the kitchen table in the house? A) Yes B) No C) Only the sofa is colored D) Only the kitchen table is colored. Answer:,B,Comparison,00830-5jp3fCRSRjc_1.png
00775-3z5dc2yzyCb,0,Are the shelves longer than the cabinets in the room?,"['Yes', 'No', 'They are the same length', 'Cannot determine']",Are the shelves longer than the cabinets in the room? A) Yes B) No C) They are the same length D) Cannot determine. Answer:,A,Comparison,00775-3z5dc2yzyCb_1.png
00746-RTV2n6fXB2w,0,Is the bed bigger than the chair in the bedroom?,"['Yes', 'No', 'They are the same size', 'Cannot determine']",Is the bed bigger than the chair in the bedroom? A) Yes B) No C) They are the same size D) Cannot determine. Answer:,A,Comparison,00746-RTV2n6fXB2w_1.png
00367-RHdkyzXFp1k,0,Does the painting in the room with chairs have a similar color palette to the chairs?,"['Yes', 'No', 'Partially', 'Cannot determine']",Does the painting in the room with chairs have a similar color palette to the chairs? A) Yes B) No C) Partially D) Cannot determine. Answer:,A,Relationship,00367-RHdkyzXFp1k_1.png
00520-LpFSk2s7me6,0,Is the radiator under the window in any of the rooms?,"['Yes, in the bedroom', 'Yes, in the hallway', 'No, not in any room', 'Yes, in every room']","Is the radiator under the window in any of the rooms? A) Yes, in the bedroom B) Yes, in the hallway C) No, not in any room D) Yes, in every room. Answer:",A,Relationship,00520-LpFSk2s7me6_1.png
00403-t3t9ofFLcFU,0,Are the paint cans closer to the floor than the paint brushes in the store?,"['Yes', 'No', 'Equally close', 'Cannot determine']",Are the paint cans closer to the floor than the paint brushes in the store? A) Yes B) No C) Equally close D) Cannot determine. Answer:,A,Relationship,00403-t3t9ofFLcFU_0.png
00280-FgswoxWb3uN,0,Does the bed appear closer to the dresser than to the fireplace in the bedroom? ,"['Yes', 'No', 'They are equidistant', 'Cannot determine']",Does the bed appear closer to the dresser than to the fireplace in the bedroom?  A) Yes B) No C) They are equidistant D) Cannot determine. Answer:,A,Relationship,00280-FgswoxWb3uN_1.png
00231-4h4JxvG3cip,0,Is the TV closer to the floor than the Bed in the house?,"['Yes', 'No', 'Same distance', 'Cannot determine']",Is the TV closer to the floor than the Bed in the house? A) Yes B) No C) Same distance D) Cannot determine. Answer:,A,Comparison,00231-4h4JxvG3cip_1.png
00080-gPf8XzHACGn,0,Are the books more numerous than the magazines in these images?,"['Yes', 'No', 'The same number', 'Cannot be determined']",Are the books more numerous than the magazines in these images? A) Yes B) No C) The same number D) Cannot be determined. Answer:,A,Comparison,00080-gPf8XzHACGn_1.png
00331-gGMMut83nsX,0,Is the bed larger than the dresser in the bedroom?,"['Yes', 'No', 'They are the same size', 'Cannot be determined']",Is the bed larger than the dresser in the bedroom? A) Yes B) No C) They are the same size D) Cannot be determined. Answer:,A,Comparison,00331-gGMMut83nsX_0.png
00282-8nSVqHLMRwQ,0,Does the microwave appear closer than the chalkboard in the kitchen?,"['Yes', 'No', 'They are at the same distance', 'Cannot determine']",Does the microwave appear closer than the chalkboard in the kitchen? A) Yes B) No C) They are at the same distance D) Cannot determine. Answer:,B,Relationship,00282-8nSVqHLMRwQ_0.png
00562-kCHmLFfMDuE,0,Is the radiator in the house located closer to the stairs than the boiler?,"['Yes', 'No', 'Both are equidistant', 'Cannot determine']",Is the radiator in the house located closer to the stairs than the boiler? A) Yes B) No C) Both are equidistant D) Cannot determine. Answer:,B,Relationship,00562-kCHmLFfMDuE_0.png
00626-XiJhRLvpKpX,0,Are the tables and chairs covered with the same fabric in the restaurant?,"['Yes', 'No', 'Some are', 'Cannot determine']",Are the tables and chairs covered with the same fabric in the restaurant? A) Yes B) No C) Some are D) Cannot determine. Answer:,A,Attribute,00626-XiJhRLvpKpX_0.png
00255-NGyoyh91xXJ,0,Is the dining table closer to the chandelier than the refrigerator in the kitchen?,"['Yes', 'No', 'Equidistant', 'Cannot determine']",Is the dining table closer to the chandelier than the refrigerator in the kitchen? A) Yes B) No C) Equidistant D) Cannot determine. Answer:,A,Relationship,00255-NGyoyh91xXJ_1.png
00129-nd6Vw5SHCoy,0,Is the bed larger than the dining table?,"['Yes', 'No', 'They are the same size', 'Cannot determine']",Is the bed larger than the dining table? A) Yes B) No C) They are the same size D) Cannot determine. Answer:,D,Comparison,00129-nd6Vw5SHCoy_0.png
00777-N17ddiDvJr9,0,Does the room with the floor have a ceiling fan?,"['Yes', 'No', 'Only in the corner', 'Hidden by furniture']",Does the room with the floor have a ceiling fan? A) Yes B) No C) Only in the corner D) Hidden by furniture. Answer:,A,Relationship,00777-N17ddiDvJr9_0.png
00171-mWqBmEyXcXN,0,Is the bookshelf in the same room as the chair?,"['Yes', 'No', 'There are no chairs', 'There are no bookshelves']",Is the bookshelf in the same room as the chair? A) Yes B) No C) There are no chairs D) There are no bookshelves. Answer:,A,Relationship,00171-mWqBmEyXcXN_1.png
00124-GZRLndzSrdn,0,Is the sofa in the living room larger than the bed in the bedroom?,"['Yes', 'No', 'They are the same size', 'Cannot determine']",Is the sofa in the living room larger than the bed in the bedroom? A) Yes B) No C) They are the same size D) Cannot determine. Answer:,D,Comparison,00124-GZRLndzSrdn_0.png
00001-UVdNNRcVyV1,0,Is the sofa facing the television in the living room?,"['Yes', 'No', 'Partially', 'Not visible']",Is the sofa facing the television in the living room? A) Yes B) No C) Partially D) Not visible. Answer:,A,Relationship,00001-UVdNNRcVyV1_0.png
00889-HMkoS756sz6,0,Is the sofa closer to the dining table than the lamp in the living room?,"['Yes', 'No', 'They are equally distant', 'Cannot be determined']",Is the sofa closer to the dining table than the lamp in the living room? A) Yes B) No C) They are equally distant D) Cannot be determined. Answer:,A,Relationship,00889-HMkoS756sz6_0.png
00310-WnvnMQh4eEa,0,Are the plants on the dining table or the plants on the wooden stand taller?,"['Plants on the dining table', 'Plants on the wooden stand', 'They are the same height', 'Cannot determine']",Are the plants on the dining table or the plants on the wooden stand taller? A) Plants on the dining table B) Plants on the wooden stand C) They are the same height D) Cannot determine. Answer:,A,Comparison,00310-WnvnMQh4eEa_1.png
00100-y3K5dmhuukt,0,Does the painting have a similar color tone to the wooden door in the room?,"['Yes, they both have warm tones', 'No, the painting has cool tones while the door has warm tones', 'No, the painting is much darker', 'Yes, they both have cool tones']","Does the painting have a similar color tone to the wooden door in the room? A) Yes, they both have warm tones B) No, the painting has cool tones while the door has warm tones C) No, the painting is much darker D) Yes, they both have cool tones. Answer:",A,Attribute,00100-y3K5dmhuukt_0.png
00502-nMeXfQU4PMS,0,Does the lamp have the same color as the ceiling fan in the living room?,"['Yes', 'No', 'Partially', 'Not visible']",Does the lamp have the same color as the ceiling fan in the living room? A) Yes B) No C) Partially D) Not visible. Answer:,B,Comparison,00502-nMeXfQU4PMS_0.png
00176-wcJYziD5pmF,0,Is the color of the sofa similar to the color of the lamp in the living room?,"['Yes', 'No', 'Partially', 'Unclear']",Is the color of the sofa similar to the color of the lamp in the living room? A) Yes B) No C) Partially D) Unclear. Answer:,A,Comparison,00176-wcJYziD5pmF_1.png
00870-AYpsNQsWncn,0,Is the ceiling in the room covered with more dust than the floor?,"['Yes', 'No', 'They have the same amount', 'Not enough information to determine']",Is the ceiling in the room covered with more dust than the floor? A) Yes B) No C) They have the same amount D) Not enough information to determine. Answer:,A,Attribute,00870-AYpsNQsWncn_0.png
00217-qz3829g1Lzf,0,Is the painting closer to the thermostat or the bedroom in the hallway?,"['Thermostat', 'Bedroom', 'Equidistant', 'Not in hallway']",Is the painting closer to the thermostat or the bedroom in the hallway? A) Thermostat B) Bedroom C) Equidistant D) Not in hallway. Answer:,A,Relationship,00217-qz3829g1Lzf_1.png
00701-tpxKD3awofe,0,Is the color of the red sofa more vibrant than the wooden door in the living room?,"['Yes', 'No', 'They are similar', 'Cannot determine']",Is the color of the red sofa more vibrant than the wooden door in the living room? A) Yes B) No C) They are similar D) Cannot determine. Answer:,A,Comparison,00701-tpxKD3awofe_0.png
00631-v3tsKAPVLJS,0,Do the curtains have the same color pattern as the washing machine in the laundry room?,"['Yes', 'No', 'Partially', 'Cannot determine']",Do the curtains have the same color pattern as the washing machine in the laundry room? A) Yes B) No C) Partially D) Cannot determine. Answer:,B,Comparison,00631-v3tsKAPVLJS_0.png
006631Rg1SS1dRpG,0,Is the ceiling fan located directly above the bed in the bedroom?,"['Yes', 'No', 'Partially', 'Not visible']",Is the ceiling fan located directly above the bed in the bedroom? A) Yes B) No C) Partially D) Not visible. Answer:,A,Relationship,006631Rg1SS1dRpG_0.png
00833-dHwjuKfkRUR,0,Are both the door from the first scene and the door from the second scene open?,"['Yes, both are open', 'No, neither is open', 'Only the first door is open', 'Only the second door is open']","Are both the door from the first scene and the door from the second scene open? A) Yes, both are open B) No, neither is open C) Only the first door is open D) Only the second door is open. Answer:",D,Comparison,00833-dHwjuKfkRUR_1.png
00295-LQy8D2nmZ4x,0,Do the curtains cover any part of the glass doors in the living room?,"['Yes, partially', 'Yes, fully', 'No', 'Not visible']","Do the curtains cover any part of the glass doors in the living room? A) Yes, partially B) Yes, fully C) No D) Not visible. Answer:",A,Relationship,00295-LQy8D2nmZ4x_0.png
00540-6nvpJEZ8ox5,0,Is the lamp closer to the mirror in the bathroom than the chair is to the table in the dining area?,"['Yes', 'No', 'They are equidistant', 'Cannot be determined']",Is the lamp closer to the mirror in the bathroom than the chair is to the table in the dining area? A) Yes B) No C) They are equidistant D) Cannot be determined. Answer:,A,Comparison,00540-6nvpJEZ8ox5_1.png
00604-W4r5JssudHR,0,Does the sofa share the same color as the armchair?,"['Yes', 'No', 'Only partially', 'Not visible']",Does the sofa share the same color as the armchair? A) Yes B) No C) Only partially D) Not visible. Answer:,B,Attribute,00604-W4r5JssudHR_0.png
00606-W16Bm4ysK8v,0,Is the washing machine closer to the garage entrance than the dryer?,"['Yes', 'No', 'They are equidistant', 'The entrance is not visible']",Is the washing machine closer to the garage entrance than the dryer? A) Yes B) No C) They are equidistant D) The entrance is not visible. Answer:,A,Relationship,00606-W16Bm4ysK8v_1.png
00244-E64sjs3Dyfd,0,Is the bench made of the same material as the chair in the room?,"['Yes, both are wooden', 'No, the bench is wooden, and the chair is metal', 'No, the bench is metal, and the chair is wooden', 'Yes, both are metal']","Is the bench made of the same material as the chair in the room? A) Yes, both are wooden B) No, the bench is wooden, and the chair is metal C) No, the bench is metal, and the chair is wooden D) Yes, both are metal. Answer:",A,Attribute,00244-E64sjs3Dyfd_0.png
00707-XVSZJAtHKdi,0,Is the refrigerator taller than the stove in the kitchen?,"['Yes', 'No', 'They are the same height', 'Cannot determine']",Is the refrigerator taller than the stove in the kitchen? A) Yes B) No C) They are the same height D) Cannot determine. Answer:,A,Comparison,00707-XVSZJAtHKdi_0.png
00675-c6TFyURFrL4,0,Is the computer closer to the chair than the painting on the wall?,"['Yes', 'No', 'They are the same distance', 'Not visible']",Is the computer closer to the chair than the painting on the wall? A) Yes B) No C) They are the same distance D) Not visible. Answer:,A,Relationship,00675-c6TFyURFrL4_1.png
00572-dNASL765WSN,0,Is the sofa larger than the table in the living room?,"['Yes', 'No', 'They are the same size', 'Cannot be determined']",Is the sofa larger than the table in the living room? A) Yes B) No C) They are the same size D) Cannot be determined. Answer:,B,Comparison,00572-dNASL765WSN_0.png
00696-DsEJeNPcZtE,0,Does the painting in the hallway have a similar height to the clock in the living room?,"['Yes', 'No', 'Cannot be determined', 'They are identical']",Does the painting in the hallway have a similar height to the clock in the living room? A) Yes B) No C) Cannot be determined D) They are identical. Answer:,B,Comparison,00696-DsEJeNPcZtE_1.png
00479-p4ZPcGtk6Ex,0,Is the door closer than the window in the hallway?,"['Yes', 'No', 'Both are equidistant', 'Cannot be determined']",Is the door closer than the window in the hallway? A) Yes B) No C) Both are equidistant D) Cannot be determined. Answer:,A,Comparison,00479-p4ZPcGtk6Ex_1.png
00711-tTcuEfoAQXv,0,Is the window in the basement bigger than the window in the living room?,"['Yes', 'No', 'They are the same size', 'Not visible']",Is the window in the basement bigger than the window in the living room? A) Yes B) No C) They are the same size D) Not visible. Answer:,B,Comparison,00711-tTcuEfoAQXv_0.png
00660-Pmv1pdeirDT,0,Is the plant closer to the sofa than the dining table in the living room?,"['Yes', 'No', 'Equally close', 'Cannot determine']",Is the plant closer to the sofa than the dining table in the living room? A) Yes B) No C) Equally close D) Cannot determine. Answer:,A,Relationship,00660-Pmv1pdeirDT_1.png
00230-TNx8nti6GNi,0,Does the curtain share the same color as the sofa in the living room?,"['Yes', 'No', 'Partially', ""Can't tell""]",Does the curtain share the same color as the sofa in the living room? A) Yes B) No C) Partially D) Can't tell. Answer:,A,Comparison,00230-TNx8nti6GNi_0.png
00614-ki6Cu76pWzF,0,Is the sofa closer to the fireplace in the living room or farther from it?,"['Closer', 'Farther', 'Same distance', 'Not visible']",Is the sofa closer to the fireplace in the living room or farther from it? A) Closer B) Farther C) Same distance D) Not visible. Answer:,A,Relationship,00614-ki6Cu76pWzF_1.png
007561K7P6ZQS4VM,0,Does the window have a shutter in the room?,"['Yes', 'No', 'Only partially', 'It is unclear']",Does the window have a shutter in the room? A) Yes B) No C) Only partially D) It is unclear. Answer:,A,Relationship,007561K7P6ZQS4VM_0.png
00281-mj5sKX44BmS,0,Does the dresser have more books on it in the room?,"['Yes', 'No', 'The dresser has no books', 'There is an equal number']",Does the dresser have more books on it in the room? A) Yes B) No C) The dresser has no books D) There is an equal number. Answer:,A,Attribute,00281-mj5sKX44BmS_1.png
00523-PK83UqrXjd3,0,Does the window in the house appear closer to the radiator in the bedroom or the hallway?,"['Bedroom', 'Hallway', 'Both are equidistant', 'None']",Does the window in the house appear closer to the radiator in the bedroom or the hallway? A) Bedroom B) Hallway C) Both are equidistant D) None. Answer:,A,Relationship,00523-PK83UqrXjd3_0.png
00493-pUneSGJDrvY,0,Is the door closer to the window in the lower-left room compared to the lower-right room?,"['Yes', 'No', 'Same distance', 'Not visible enough to compare']",Is the door closer to the window in the lower-left room compared to the lower-right room? A) Yes B) No C) Same distance D) Not visible enough to compare. Answer:,B,Comparison,00493-pUneSGJDrvY_0.png
00747-ZKqtodH1qpa,0,Is the texture of the stairs similar to the shelf in the house?,"['Yes', 'No', 'They have the same color but different textures', 'They are identical']",Is the texture of the stairs similar to the shelf in the house? A) Yes B) No C) They have the same color but different textures D) They are identical. Answer:,B,Comparison,00747-ZKqtodH1qpa_1.png
00718-ASKXmHbw68X,0,Is the toilet closer to the sink than the shower in the bathroom?,"['Yes', 'No', 'They are equidistant', 'Cannot be determined']",Is the toilet closer to the sink than the shower in the bathroom? A) Yes B) No C) They are equidistant D) Cannot be determined. Answer:,A,Relationship,00718-ASKXmHbw68X_0.png
00009-vLpv2VX547B,0,Is the computer in the living room smaller than the mirror in the bathroom?,"['Yes', 'No', 'They are the same size', 'Cannot determine']",Is the computer in the living room smaller than the mirror in the bathroom? A) Yes B) No C) They are the same size D) Cannot determine. Answer:,A,Comparison,00009-vLpv2VX547B_1.png
00617-AENiMBDjVFb,0,Is the bed located closer to the ceiling fan in the room with the red bedspread or the room with the gray bedspread?,"['Red bedspread', 'Gray bedspread', 'Both are equal', 'Cannot determine']",Is the bed located closer to the ceiling fan in the room with the red bedspread or the room with the gray bedspread? A) Red bedspread B) Gray bedspread C) Both are equal D) Cannot determine. Answer:,A,Comparison,00617-AENiMBDjVFb_0.png
00677-CnU5RD6PB3E,0,Is the microwave placed above the refrigerator in this kitchen?,"['Yes', 'No', 'They are side by side', 'They are not in the same room']",Is the microwave placed above the refrigerator in this kitchen? A) Yes B) No C) They are side by side D) They are not in the same room. Answer:,A,Relationship,00677-CnU5RD6PB3E_1.png
00378-DqJKU7YU7dA,0,Is the ceiling fan in the living room centered over the sofa?,"['Yes', 'No', 'Partially', 'Not visible']",Is the ceiling fan in the living room centered over the sofa? A) Yes B) No C) Partially D) Not visible. Answer:,A,Attribute,00378-DqJKU7YU7dA_0.png
00435-rmDFTEWfNcz,0,Is the trash can closer to the washing machine than the dryer?,"['Yes', 'No', 'They are equidistant', 'Cannot be determined']",Is the trash can closer to the washing machine than the dryer? A) Yes B) No C) They are equidistant D) Cannot be determined. Answer:,B,Relationship,00435-rmDFTEWfNcz_0.png
00752-vKuDtqxh7YQ,0,Is the couch larger than the chair in the living room?,"['Yes', 'No', 'They are the same size', 'Cannot be determined']",Is the couch larger than the chair in the living room? A) Yes B) No C) They are the same size D) Cannot be determined. Answer:,A,Comparison,00752-vKuDtqxh7YQ_1.png
00094-WT4QWwXrMzs,0,Is the white door larger than the wooden door?,"['Yes', 'No', 'They are the same size', 'Unable to determine']",Is the white door larger than the wooden door? A) Yes B) No C) They are the same size D) Unable to determine. Answer:,B,Comparison,00094-WT4QWwXrMzs_0.png
00213-mkvHBa3mEEk,0,Is the wall closer to the door in the room with wood paneling or in the room with the gray door?,"['Room with wood paneling', 'Room with gray door', 'Equidistant', 'Cannot be determined']",Is the wall closer to the door in the room with wood paneling or in the room with the gray door? A) Room with wood paneling B) Room with gray door C) Equidistant D) Cannot be determined. Answer:,B,Relationship,00213-mkvHBa3mEEk_1.png
00166-RaYrxWt5pR1,0,Is the bed in the bedroom larger than the sofa in the living room?,"['Yes', 'No', 'They are the same size', 'Cannot determine']",Is the bed in the bedroom larger than the sofa in the living room? A) Yes B) No C) They are the same size D) Cannot determine. Answer:,A,Comparison,00166-RaYrxWt5pR1_1.png
00040-ZB8o8rMmPdB,0,Is the fireplace closer to the television than the doorway in the living room?,"['Yes', 'No', 'They are equidistant', 'Cannot determine']",Is the fireplace closer to the television than the doorway in the living room? A) Yes B) No C) They are equidistant D) Cannot determine. Answer:,A,Relationship,00040-ZB8o8rMmPdB_1.png
00791-JPMDv7zL4bF,0,Does the wall share the same color as the floor in the rooms?,"['Yes, in all rooms', 'Yes, in some rooms', 'No, in all rooms', 'Cannot determine']","Does the wall share the same color as the floor in the rooms? A) Yes, in all rooms B) Yes, in some rooms C) No, in all rooms D) Cannot determine. Answer:",C,Comparison,00791-JPMDv7zL4bF_1.png
00790-qQgcM8T4hiD,0,Is the door closer than the railing to the entrance in the hallway?,"['Yes', 'No', 'They are at the same distance', 'Cannot determine']",Is the door closer than the railing to the entrance in the hallway? A) Yes B) No C) They are at the same distance D) Cannot determine. Answer:,A,Relationship,00790-qQgcM8T4hiD_0.png
00576-adgwjGh4NQK,0,Is the ceiling fan in the bedroom closer to the bed compared to the computer desk being closer to the chairs in the office?,"['Yes', 'No', 'Both are equally close', 'Cannot determine']",Is the ceiling fan in the bedroom closer to the bed compared to the computer desk being closer to the chairs in the office? A) Yes B) No C) Both are equally close D) Cannot determine. Answer:,A,Relationship,00576-adgwjGh4NQK_0.png
00285-QKGMrurUVbk,0,Is the stove in the kitchen bigger than the sink in the kitchen?,"['Yes', 'No', 'They are the same size', 'Cannot be determined']",Is the stove in the kitchen bigger than the sink in the kitchen? A) Yes B) No C) They are the same size D) Cannot be determined. Answer:,A,Comparison,00285-QKGMrurUVbk_1.png
00547-9h5JJxM6E5S,0,Is the lamp brighter than the ceiling light in the house?,"['Yes', 'No', 'Both are equally bright', 'Cannot determine']",Is the lamp brighter than the ceiling light in the house? A) Yes B) No C) Both are equally bright D) Cannot determine. Answer:,D,Comparison,00547-9h5JJxM6E5S_0.png
00471-f93a9wrxRjG,0,Is the radiator positioned directly below the window in the room?,"['Yes', 'No', 'There is no radiator', 'There is no window']",Is the radiator positioned directly below the window in the room? A) Yes B) No C) There is no radiator D) There is no window. Answer:,A,Relationship,00471-f93a9wrxRjG_1.png
00716-VaEwVD182FS,0,Does the lamp share the same color as the curtain in the room?,"['Yes', 'No', 'Partially', 'Cannot be determined']",Does the lamp share the same color as the curtain in the room? A) Yes B) No C) Partially D) Cannot be determined. Answer:,B,Comparison,00716-VaEwVD182FS_0.png
00533-wDDRygUCLMm,0,Is the door closer to the closet than to the chairs in the room?,"['Yes', 'No', 'Same distance', 'Cannot determine']",Is the door closer to the closet than to the chairs in the room? A) Yes B) No C) Same distance D) Cannot determine. Answer:,A,Relationship,00533-wDDRygUCLMm_0.png
00033-oPj9qMxrDEa,0,Is the desk larger than the chair in the room?,"['Yes', 'No', 'They are the same size', 'Both are not visible']",Is the desk larger than the chair in the room? A) Yes B) No C) They are the same size D) Both are not visible. Answer:,A,Comparison,00033-oPj9qMxrDEa_0.png
00843-DYehNKdT76V,0,Is the window closer to the bed in the bedroom upstairs than in the bedroom downstairs?,"['Yes', 'No', 'They are the same distance', 'Cannot determine']",Is the window closer to the bed in the bedroom upstairs than in the bedroom downstairs? A) Yes B) No C) They are the same distance D) Cannot determine. Answer:,A,Relationship,00843-DYehNKdT76V_0.png
00433-uzH9yHazm9t,0,Are the curtains longer than the sofa in the room with the windows?,"['Yes', 'No', 'They are the same length', 'Cannot determine']",Are the curtains longer than the sofa in the room with the windows? A) Yes B) No C) They are the same length D) Cannot determine. Answer:,B,Comparison,00433-uzH9yHazm9t_0.png
00668-6YtDG3FhNvx,0,Is the bed longer than one stool in the house?,"['Yes', 'No', 'They are the same length', ""Can't be determined""]",Is the bed longer than one stool in the house? A) Yes B) No C) They are the same length D) Can't be determined. Answer:,A,Comparison,00668-6YtDG3FhNvx_1.png
00548-otTm4oTrHvc,0,Does the sofa share the same color as the painting in the living room?,"['Yes', 'No', 'Only partially', 'Not visible']",Does the sofa share the same color as the painting in the living room? A) Yes B) No C) Only partially D) Not visible. Answer:,B,Comparison,00548-otTm4oTrHvc_0.png
00013-sfbj7jspYWj,0,Does the sofa appear closer to the window than the chair in the living room?,"['Yes', 'No', 'They are at the same distance', 'The distance cannot be determined']",Does the sofa appear closer to the window than the chair in the living room? A) Yes B) No C) They are at the same distance D) The distance cannot be determined. Answer:,A,Relationship,00013-sfbj7jspYWj_1.png
00223-wQN24R38a9N,0,Do the cabinets in the kitchen have the same color as the cabinets in the bathroom?,"['Yes', 'No', 'The cabinets in the kitchen are darker', 'The cabinets in the bathroom are darker']",Do the cabinets in the kitchen have the same color as the cabinets in the bathroom? A) Yes B) No C) The cabinets in the kitchen are darker D) The cabinets in the bathroom are darker. Answer:,A,Comparison,00223-wQN24R38a9N_1.png
00690-p6RF8AUer2e,0,Is the ceiling fan higher than the floor lamp in the bedroom?,"['Yes', 'No', 'They are at the same height', 'The floor lamp is higher']",Is the ceiling fan higher than the floor lamp in the bedroom? A) Yes B) No C) They are at the same height D) The floor lamp is higher. Answer:,A,Comparison,00690-p6RF8AUer2e_1.png
00071-GCEb4nmNi7j,0,Does the sink in the bathroom reflect the mirror's frame?,"['Yes', 'No', 'Partially', 'Not visible']",Does the sink in the bathroom reflect the mirror's frame? A) Yes B) No C) Partially D) Not visible. Answer:,A,Attribute,00071-GCEb4nmNi7j_1.png
00176-wcJYziD5pmF,0,Does the mirror reflect more light than the window in the hallway?,"['Yes', 'No', 'They reflect the same amount of light', 'It depends on the time of day']",Does the mirror reflect more light than the window in the hallway? A) Yes B) No C) They reflect the same amount of light D) It depends on the time of day. Answer:,D,Comparison,00176-wcJYziD5pmF_0.png
00065-kZhZfAhdnNN,0,Is the bookshelf taller than the painting in the room?,"['Yes', 'No', 'They are the same height', 'Cannot determine']",Is the bookshelf taller than the painting in the room? A) Yes B) No C) They are the same height D) Cannot determine. Answer:,A,Comparison,00065-kZhZfAhdnNN_1.png
00686-LU4A39yR8gc,0,Is the fireplace closer to the wall than the couch in the living room?,"['Yes', 'No', 'Both are equidistant', 'It varies']",Is the fireplace closer to the wall than the couch in the living room? A) Yes B) No C) Both are equidistant D) It varies. Answer:,A,Attribute,00686-LU4A39yR8gc_0.png
00556-saBtfCeVoJ4,0,Is the chair positioned closer to the table in the living room or the dining room?,"['Living room', 'Dining room', 'Both are equally close', 'None']",Is the chair positioned closer to the table in the living room or the dining room? A) Living room B) Dining room C) Both are equally close D) None. Answer:,B,Relationship,00556-saBtfCeVoJ4_0.png
00017-oEPjPNSPmzL,0,Is the door closer than the sofa to the dining island in the kitchen?,"['Yes', 'No', 'They are equidistant', 'Cannot determine']",Is the door closer than the sofa to the dining island in the kitchen? A) Yes B) No C) They are equidistant D) Cannot determine. Answer:,A,Relationship,00017-oEPjPNSPmzL_0.png
00649-RiwBKy2YdQ7,0,Is the washing machine closer to the sink than the dryer in the laundry room?,"['Yes', 'No', 'Same distance', 'Cannot be determined']",Is the washing machine closer to the sink than the dryer in the laundry room? A) Yes B) No C) Same distance D) Cannot be determined. Answer:,A,Relationship,00649-RiwBKy2YdQ7_1.png
00340-GtqoUWABJ11,0,Is the bed larger than the sofa in the images?,"['Yes', 'No', 'They are the same size', ""One can't be sure""]",Is the bed larger than the sofa in the images? A) Yes B) No C) They are the same size D) One can't be sure. Answer:,B,Comparison,00340-GtqoUWABJ11_1.png
00107-Y6WjWkVEUks,0,Does the bicycle in the garage appear closer to the door than the lawnmower in the garage?,"['Yes', 'No', 'They are equidistant', ""The distance can't be determined""]",Does the bicycle in the garage appear closer to the door than the lawnmower in the garage? A) Yes B) No C) They are equidistant D) The distance can't be determined. Answer:,B,Comparison,00107-Y6WjWkVEUks_1.png
00366-fxbzYAGkrtm,0,Is the refrigerator farther from the kitchen island than the dining table?,"['Yes', 'No', 'They are equidistant', ""The distance can't be determined""]",Is the refrigerator farther from the kitchen island than the dining table? A) Yes B) No C) They are equidistant D) The distance can't be determined. Answer:,A,Relationship,00366-fxbzYAGkrtm_0.png
00290-6HMiy15cxis,0,Is the curtain longer than the sliding glass door in the living room?,"['Yes', 'No', 'Same length', 'Cannot tell']",Is the curtain longer than the sliding glass door in the living room? A) Yes B) No C) Same length D) Cannot tell. Answer:,B,Comparison,00290-6HMiy15cxis_0.png
00377-Fgtk7tL8R9Y,0,Is the bookshelf taller than the dining table in the dining room?,"['Yes', 'No', 'Same height', 'Cannot determine']",Is the bookshelf taller than the dining table in the dining room? A) Yes B) No C) Same height D) Cannot determine. Answer:,A,Comparison,00377-Fgtk7tL8R9Y_0.png
0054212e6joG2B2T,0,Does the treadmill appear in the same room as the yellow chair?,"['Yes', 'No', 'Only partially', 'Not clear']",Does the treadmill appear in the same room as the yellow chair? A) Yes B) No C) Only partially D) Not clear. Answer:,B,Relationship,0054212e6joG2B2T_1.png
00824-Dd4bFSTQ8gi,0,Is the sofa closer to the fireplace than the kitchen?,"['Yes', 'No', 'They are equidistant', 'Fireplace is closer to kitchen']",Is the sofa closer to the fireplace than the kitchen? A) Yes B) No C) They are equidistant D) Fireplace is closer to kitchen. Answer:,A,Relationship,00824-Dd4bFSTQ8gi_0.png
00704-qnKYFQsjnHf,0,Is the cabinet in the kitchen larger than the dresser in the bedroom?,"['Yes', 'No', 'They are the same size', 'Cannot determine']",Is the cabinet in the kitchen larger than the dresser in the bedroom? A) Yes B) No C) They are the same size D) Cannot determine. Answer:,B,Comparison,00704-qnKYFQsjnHf_0.png
00537-oahi4u45xMf,0,Does the TV share same color as the mirror in the room?,"['Yes', 'No', 'Only a small part', 'Not visible']",Does the TV share same color as the mirror in the room? A) Yes B) No C) Only a small part D) Not visible. Answer:,B,Attribute,00537-oahi4u45xMf_1.png
00444-sX9xad6ULKc,0,Is the bed in the bedroom larger than the sofa in the living room?,"['Yes', 'No', 'They are the same size', 'Unable to determine']",Is the bed in the bedroom larger than the sofa in the living room? A) Yes B) No C) They are the same size D) Unable to determine. Answer:,B,Comparison,00444-sX9xad6ULKc_1.png
00552-eip6PNoeCPr,0,Does the room with the bed have more natural light than the room with the pipes?,"['Yes', 'No', 'Both have the same amount of natural light', 'Cannot be determined']",Does the room with the bed have more natural light than the room with the pipes? A) Yes B) No C) Both have the same amount of natural light D) Cannot be determined. Answer:,A,Comparison,00552-eip6PNoeCPr_0.png
00531-TziyvKgzdAs,0,Does the computer monitor rest on the desk in the room?,"['Yes', 'No', 'Only partially', 'Unable to determine']",Does the computer monitor rest on the desk in the room? A) Yes B) No C) Only partially D) Unable to determine. Answer:,A,Relationship,00531-TziyvKgzdAs_1.png
00354-NpCFg9NdUgL,0,Is the couch in the living room closer to the window than the exercise equipment is to the wall in the gym?,"['Yes', 'No', 'They are equidistant', 'Not enough information']",Is the couch in the living room closer to the window than the exercise equipment is to the wall in the gym? A) Yes B) No C) They are equidistant D) Not enough information. Answer:,A,Relationship,00354-NpCFg9NdUgL_0.png
00247-uvveHdpUZis,0,Is the sofa bigger than the armchair in the living room?,"['Yes', 'No', 'They are the same size', 'Cannot determine']",Is the sofa bigger than the armchair in the living room? A) Yes B) No C) They are the same size D) Cannot determine. Answer:,A,Comparison,00247-uvveHdpUZis_0.png
00148-csHQLLFPE3g,0,Does the fireplace share the same room as the chandelier?,"['Yes', 'No', 'Partially', 'Unknown']",Does the fireplace share the same room as the chandelier? A) Yes B) No C) Partially D) Unknown. Answer:,A,Relationship,00148-csHQLLFPE3g_0.png
00259-4J8N2Ah1a6o,0,Is the chair closer to the table in the dining area or the living room?,"['Dining area', 'Living room', 'Both are equidistant', 'Neither are present']",Is the chair closer to the table in the dining area or the living room? A) Dining area B) Living room C) Both are equidistant D) Neither are present. Answer:,A,Relationship,00259-4J8N2Ah1a6o_0.png
00012-kDgLKdMd5X8,0,Is the table in the dining area bigger than the couch in the living room?,"['Yes', 'No', 'They are the same size', 'Not enough information']",Is the table in the dining area bigger than the couch in the living room? A) Yes B) No C) They are the same size D) Not enough information. Answer:,D,Comparison,00012-kDgLKdMd5X8_1.png
00877-4ok3usBNeis,0,Is the refrigerator in the living area closer to the floor than the microwave in the kitchen?,"['Yes', 'No', 'They are at the same height', 'Cannot determine']",Is the refrigerator in the living area closer to the floor than the microwave in the kitchen? A) Yes B) No C) They are at the same height D) Cannot determine. Answer:,A,Comparison,00877-4ok3usBNeis_0.png
00211-hmRxh2mmzNC,0,Does the couch share the same color as the crib?,"['Yes', 'No', 'Only partially', 'Unable to determine']",Does the couch share the same color as the crib? A) Yes B) No C) Only partially D) Unable to determine. Answer:,B,Attribute,00211-hmRxh2mmzNC_0.png
00381-pmZMJfFd3Jy,0,Does the sink in the bathroom share the same color as the toilet in the bathroom?,"['Yes', 'No', 'They are partially the same', 'Cannot determine']",Does the sink in the bathroom share the same color as the toilet in the bathroom? A) Yes B) No C) They are partially the same D) Cannot determine. Answer:,A,Attribute,00381-pmZMJfFd3Jy_0.png
00748-8QtyGUUtacf,0,Is the fish tank closer to the window than the television in the living room?,"['Yes', 'No', 'Both are equidistant', 'Not enough information']",Is the fish tank closer to the window than the television in the living room? A) Yes B) No C) Both are equidistant D) Not enough information. Answer:,A,Relationship,00748-8QtyGUUtacf_1.png
00317-P8XJUpcAUkf,0,Is the sofa closer to the staircase than to the fireplace in the house?,"['Yes', 'No', 'Both are equidistant', 'Cannot determine']",Is the sofa closer to the staircase than to the fireplace in the house? A) Yes B) No C) Both are equidistant D) Cannot determine. Answer:,B,Relationship,00317-P8XJUpcAUkf_0.png
00532-4euAVjDbkz9,0,Is the dining table longer than the kitchen counter in the house?,"['Yes', 'No', 'Cannot determine', 'Both are the same length']",Is the dining table longer than the kitchen counter in the house? A) Yes B) No C) Cannot determine D) Both are the same length. Answer:,A,Comparison,00532-4euAVjDbkz9_1.png
00342-C6JvMamYTRg,0,Does the sofa face the same direction as the lamp in the living room?,"['Yes', 'No', 'Partially', 'Not clear']",Does the sofa face the same direction as the lamp in the living room? A) Yes B) No C) Partially D) Not clear. Answer:,B,Relationship,00342-C6JvMamYTRg_0.png
00687-tj8ngv3woJ3,0,Is the washing machine closer to the glass door than the brick pillar in the veranda?,"['Yes', 'No', 'Both are equidistant', 'Cannot determine']",Is the washing machine closer to the glass door than the brick pillar in the veranda? A) Yes B) No C) Both are equidistant D) Cannot determine. Answer:,A,Relationship,00687-tj8ngv3woJ3_0.png
00750-E1NrAhMoqvB,0,Is the bookshelf closer to the wall than the table in the room with the red rug?,"['Yes', 'No', 'They are at the same distance', 'Cannot determine']",Is the bookshelf closer to the wall than the table in the room with the red rug? A) Yes B) No C) They are at the same distance D) Cannot determine. Answer:,A,Comparison,00750-E1NrAhMoqvB_0.png
00555-Y4idBN66BqG,0,Are the curtains located to the left or right of the clock in the same room?,"['Left', 'Right', 'Above', 'Below']",Are the curtains located to the left or right of the clock in the same room? A) Left B) Right C) Above D) Below. Answer:,B,Relationship,00555-Y4idBN66BqG_1.png
00372-GMwtBqNLGBs,0,Are the blinds in the room fully covering the windows?,"['Yes', 'No', 'Partially', 'Not visible']",Are the blinds in the room fully covering the windows? A) Yes B) No C) Partially D) Not visible. Answer:,C,Attribute,00372-GMwtBqNLGBs_1.png
00894-HY1NcmCgn3n,0,Does the golden chandelier have a similar material as the golden cross in the gallery?,"['Yes', 'No', 'Only partly', ""Can't tell""]",Does the golden chandelier have a similar material as the golden cross in the gallery? A) Yes B) No C) Only partly D) Can't tell. Answer:,A,Comparison,00894-HY1NcmCgn3n_0.png
00039-ANmWrL7Kz7h,0,Are the window curtains closer to the fireplace than the chair?,"['Yes', 'No', 'They are equidistant', 'Cannot be determined']",Are the window curtains closer to the fireplace than the chair? A) Yes B) No C) They are equidistant D) Cannot be determined. Answer:,A,Relationship,00039-ANmWrL7Kz7h_0.png
00625-VWczCD1Hbus,0,Is the window closer to the kitchen than the bookshelf in the house?,"['Yes', 'No', 'They are the same distance', 'Cannot determine from the image']",Is the window closer to the kitchen than the bookshelf in the house? A) Yes B) No C) They are the same distance D) Cannot determine from the image. Answer:,A,Relationship,00625-VWczCD1Hbus_1.png
00501-N7YVmJQ8sAu,0,Do the curtains and ceiling in the house share the same color?,"['Yes', 'No', 'Partially', 'Cannot tell']",Do the curtains and ceiling in the house share the same color? A) Yes B) No C) Partially D) Cannot tell. Answer:,B,Comparison,00501-N7YVmJQ8sAu_1.png
00817-X4qjx5vquwH,0,Are the dresser and the framed pictures located in rooms with finished walls?,"['Both are in rooms with finished walls', 'Neither is in a room with finished walls', 'Only the dresser is in a room with finished walls', 'Only the framed pictures are in a room with finished walls']",Are the dresser and the framed pictures located in rooms with finished walls? A) Both are in rooms with finished walls B) Neither is in a room with finished walls C) Only the dresser is in a room with finished walls D) Only the framed pictures are in a room with finished walls. Answer:,A,Attribute,00817-X4qjx5vquwH_0.png
00149-UuwwmrTsfBN,0,Is the lamp closer to the bed or the window in the bedroom?,"['Bed', 'Window', 'Door', 'Ceiling']",Is the lamp closer to the bed or the window in the bedroom? A) Bed B) Window C) Door D) Ceiling. Answer:,A,Attribute,00149-UuwwmrTsfBN_0.png
00459-Ze6tkhg7Wvc,0,Is the dresser closer to the bed in the bedroom than to the curtains in the living room?  ,"['Yes', 'No', 'Same distance', 'Cannot determine]']",Is the dresser closer to the bed in the bedroom than to the curtains in the living room?   A) Yes B) No C) Same distance D) Cannot determine]. Answer:,A,Comparison,00459-Ze6tkhg7Wvc_1.png
00569-YJDUB7hWg9h,0,Is the stove closer to the sink than the window in the kitchen?,"['Yes', 'No', 'They are equidistant', 'Not enough information']",Is the stove closer to the sink than the window in the kitchen? A) Yes B) No C) They are equidistant D) Not enough information. Answer:,A,Relationship,00569-YJDUB7hWg9h_0.png
00341-tYvWp85L81G,0,Is the TV closer to the Red Sofa than the Coffee Table in the living room?,"['Yes', 'No', 'They are equidistant', 'Cannot determine']",Is the TV closer to the Red Sofa than the Coffee Table in the living room? A) Yes B) No C) They are equidistant D) Cannot determine. Answer:,A,Relationship,00341-tYvWp85L81G_0.png
00311-mHXUEKEV6gR,0,Are the curtains in the room with the window open or closed?,"['Open', 'Closed', 'Half-open', 'No curtains']",Are the curtains in the room with the window open or closed? A) Open B) Closed C) Half-open D) No curtains. Answer:,A,Attribute,00311-mHXUEKEV6gR_1.png
00107-Y6WjWkVEUks,0,Are the ladder and stairs both visible in the same room?,"['Yes', 'No', 'Only the ladder is visible', 'Only the stairs are visible']",Are the ladder and stairs both visible in the same room? A) Yes B) No C) Only the ladder is visible D) Only the stairs are visible. Answer:,B,Relationship,00107-Y6WjWkVEUks_0.png
00815-h1zeeAwLh9Z,0,Is the sofa closer to a window than the dining table is?,"['Yes', 'No', 'They are equally close', 'Not enough information']",Is the sofa closer to a window than the dining table is? A) Yes B) No C) They are equally close D) Not enough information. Answer:,A,Comparison,00815-h1zeeAwLh9Z_0.png
00346-mQFC1yx29MM,0,Does the sofa in the living room face the same direction as the keyboard in the music room?,"['Yes', 'No', 'Partially', 'Not Determinable']",Does the sofa in the living room face the same direction as the keyboard in the music room? A) Yes B) No C) Partially D) Not Determinable. Answer:,B,Comparison,00346-mQFC1yx29MM_1.png
00620-AUkcTmUs8mw,0,Is the refrigerator closer than the ladder to the stone wall in the room?,"['Yes', 'No', 'The same distance', 'Cannot be determined']",Is the refrigerator closer than the ladder to the stone wall in the room? A) Yes B) No C) The same distance D) Cannot be determined. Answer:,A,Relationship,00620-AUkcTmUs8mw_1.png
00086-315QujoX279,0,Is the sofa bigger than the chair in the living room?,"['Yes', 'No', 'They are the same size', 'The chair is bigger']",Is the sofa bigger than the chair in the living room? A) Yes B) No C) They are the same size D) The chair is bigger. Answer:,A,Comparison,00086-315QujoX279_1.png
00278-dcd823nTKH9,2,How many beds are in the bedroom?,"['4', '3', '5', '2']",How many beds are in the bedroom? A) 4 B) 3 C) 5 D) 2. Answer:,A,Counting,
00465-nvjM2xMma91,1,How many chairs are in the living room?,"['10', '12', '8', '6']",How many chairs are in the living room? A) 10 B) 12 C) 8 D) 6. Answer:,A,Counting,
00127-EN7GiDgxdQ2,2,How many doors are in the bedroom and the bathroom?,"['10', '6', '8', '12']",How many doors are in the bedroom and the bathroom? A) 10 B) 6 C) 8 D) 12. Answer:,A,Counting,
00099-226REUyJh2K,1,How many mirrors are in the bathroom and the living room?,"['3', '4', '2', '5']",How many mirrors are in the bathroom and the living room? A) 3 B) 4 C) 2 D) 5. Answer:,B,Counting,
00251-wsAYBFtQaL7,1,How many books are in the study?,"['15', '12', '10', '5']",How many books are in the study? A) 15 B) 12 C) 10 D) 5. Answer:,A,Counting,
00217-qz3829g1Lzf,2,How many windows are in the living room?,"['15', '10', '12', '13']",How many windows are in the living room? A) 15 B) 10 C) 12 D) 13. Answer:,A,Counting,
00256-92vYG1q49FY,1,How many books are in the study?,"['3', '2', '5', '1']",How many books are in the study? A) 3 B) 2 C) 5 D) 1. Answer:,A,Counting,
00173-qZ4B7U6XE5Y,1,How many jars are in the kitchen and the pantry?,"['3', '9', '5', '6']",How many jars are in the kitchen and the pantry? A) 3 B) 9 C) 5 D) 6. Answer:,B,Counting,
00060-TgWKHxhJAng,2,How many doors and windows are in the living room?,"['7', '5', '8', '6']",How many doors and windows are in the living room? A) 7 B) 5 C) 8 D) 6. Answer:,C,Counting,
00071-GCEb4nmNi7j,1,How many chairs are in the living room?,"['20', '15', '30', '25']",How many chairs are in the living room? A) 20 B) 15 C) 30 D) 25. Answer:,A,Counting,
00263-GGBvSFddQgs,2,How many towels and toiletries are in the bathroom?,"['2', '3', '4', '5']",How many towels and toiletries are in the bathroom? A) 2 B) 3 C) 4 D) 5. Answer:,C,Counting,
00064-gQgtJ9Stk5s,2,How many bags are in the kitchen and the living room?,"['7', '6', '4', '5']",How many bags are in the kitchen and the living room? A) 7 B) 6 C) 4 D) 5. Answer:,A,Counting,
00269-JNiWU5TZLtt,1,How many lamps are in the living room and the bedroom?,"['6', '4', '3', '5']",How many lamps are in the living room and the bedroom? A) 6 B) 4 C) 3 D) 5. Answer:,B,Counting,
00009-vLpv2VX547B,1,How many boxes are in the garage?,"['1', '5', '3', '2']",How many boxes are in the garage? A) 1 B) 5 C) 3 D) 2. Answer:,B,Counting,
00294-PPTLa8SkUfo,1,How many towels and sinks are in the bathroom?,"['3 towels, 1 sink', '2 towels, 2 sinks', '4 towels, 1 sink', '1 towel, 3 sinks']","How many towels and sinks are in the bathroom? A) 3 towels, 1 sink B) 2 towels, 2 sinks C) 4 towels, 1 sink D) 1 towel, 3 sinks. Answer:",A,Counting,
00245-741Fdj7NLF9,1,How many doors are in the living room and the kitchen?,"['2', '3', '4', '5']",How many doors are in the living room and the kitchen? A) 2 B) 3 C) 4 D) 5. Answer:,A,Counting,
00404-QN2dRqwd84J,1,How many pillows and partitions are in the living room?,"['5', '4', '3', '2']",How many pillows and partitions are in the living room? A) 5 B) 4 C) 3 D) 2. Answer:,D,Counting,
00205-NEVASPhcrxR,1,How many lamps are in the living room?,"['4', '5', '6', '7']",How many lamps are in the living room? A) 4 B) 5 C) 6 D) 7. Answer:,C,Counting,
00508-4vwGX7U38Ux,1,How many chairs and tables are in the dining area?,"['4', '6', '5', '3']",How many chairs and tables are in the dining area? A) 4 B) 6 C) 5 D) 3. Answer:,A,Counting,
00263-GGBvSFddQgs,2,How many pillows are in the living room?,"['2', '3', '1', '5']",How many pillows are in the living room? A) 2 B) 3 C) 1 D) 5. Answer:,A,Counting,
002621xGrZPxG1Hz,2,How many hats are in the living room?,"['2', '3', '1', '4']",How many hats are in the living room? A) 2 B) 3 C) 1 D) 4. Answer:,B,Counting,
00205-NEVASPhcrxR,1,How many towels are in the bathroom?,"['7', '10', '5', '8']",How many towels are in the bathroom? A) 7 B) 10 C) 5 D) 8. Answer:,B,Counting,
00006-HkseAnWCgqk,2,How many books and pictures are in the living room?,"['10', '12', '15', '8']",How many books and pictures are in the living room? A) 10 B) 12 C) 15 D) 8. Answer:,B,Counting,
00466-xAHnY3QzFUN,1,How many jars are in the kitchen?,"['1', '2', '3', '0']",How many jars are in the kitchen? A) 1 B) 2 C) 3 D) 0. Answer:,A,Counting,
00205-NEVASPhcrxR,2,How many boxes are in the living room and the kitchen?,"['3', '2', '1', '4']",How many boxes are in the living room and the kitchen? A) 3 B) 2 C) 1 D) 4. Answer:,A,Counting,
00150-LcAd9dhvVwh,1,How many bath cabinets are in the bathroom?,"['1', '2', '3', '0']",How many bath cabinets are in the bathroom? A) 1 B) 2 C) 3 D) 0. Answer:,A,Counting,
00251-wsAYBFtQaL7,1,How many bottles are in the kitchen and the pantry?,"['5', '7', '3', '4']",How many bottles are in the kitchen and the pantry? A) 5 B) 7 C) 3 D) 4. Answer:,A,Counting,
00269-JNiWU5TZLtt,1,How many bags are in the living room?,"['2', '1', '3', '4']",How many bags are in the living room? A) 2 B) 1 C) 3 D) 4. Answer:,A,Counting,
00143-5Kw4nGdqYtS,2,How many heaters and wardrobes are in the living room?,"['2 and 1', '3 and 2', '1 and 2', '2 and 0']",How many heaters and wardrobes are in the living room? A) 2 and 1 B) 3 and 2 C) 1 and 2 D) 2 and 0. Answer:,A,Counting,
00241-h6nwVLpAKQz,1,How many lamps and tables are in the living room?,"['5', '3', '4', '2']",How many lamps and tables are in the living room? A) 5 B) 3 C) 4 D) 2. Answer:,A,Counting,
00087-YY8rqV6L6rf,1,How many pillows are in the master bedroom and the guest bedroom?,"['1', '3', '2', '4']",How many pillows are in the master bedroom and the guest bedroom? A) 1 B) 3 C) 2 D) 4. Answer:,B,Counting,
00207-FRQ75PjD278,2,How many lamps are in the living room?,"['3', '4', '5', '6']",How many lamps are in the living room? A) 3 B) 4 C) 5 D) 6. Answer:,B,Counting,
00352-zmZvNTCxMZE,1,How many radiators are in the living room?,"['5', '7', '9', '4']",How many radiators are in the living room? A) 5 B) 7 C) 9 D) 4. Answer:,C,Counting,
00035-3XYAD64HpDr,1,How many toys are in the living room and the playroom?,"['3', '5', '2', '4']",How many toys are in the living room and the playroom? A) 3 B) 5 C) 2 D) 4. Answer:,A,Counting,
00164-XfUxBGTFQQb,1,How many pictures are in the living room?,"['4', '5', '6', '3']",How many pictures are in the living room? A) 4 B) 5 C) 6 D) 3. Answer:,B,Counting,
00267-gQ3xxshDiCz,1,How many doors and windows are in the living room?,"['3', '4', '5', '6']",How many doors and windows are in the living room? A) 3 B) 4 C) 5 D) 6. Answer:,B,Counting,
00326-u9rPN5cHWBg,2,How many lamps are in the living room?,"['1', '2', '3', '0']",How many lamps are in the living room? A) 1 B) 2 C) 3 D) 0. Answer:,A,Counting,
00241-h6nwVLpAKQz,1,How many sinks are in the kitchen and bathroom?,"['1', '2', '3', '0']",How many sinks are in the kitchen and bathroom? A) 1 B) 2 C) 3 D) 0. Answer:,B,Counting,
00407-NPHxDe6VeCc,1,How many pillows are in the living room?,"['12', '8', '15', '10']",How many pillows are in the living room? A) 12 B) 8 C) 15 D) 10. Answer:,A,Counting,
00434-L5QEsaVqwrY,1,How many books and papers are in the study and the office?,"['5', '7', '4', '6']",How many books and papers are in the study and the office? A) 5 B) 7 C) 4 D) 6. Answer:,D,Counting,
00151-D8bT1ambLFc,1,How many beds are in the bedroom?,"['8', '5', '7', '10']",How many beds are in the bedroom? A) 8 B) 5 C) 7 D) 10. Answer:,A,Counting,
00506-QVAA6zecMHu,1,How many pillows are in the living room?,"['8', '12', '10', '5']",How many pillows are in the living room? A) 8 B) 12 C) 10 D) 5. Answer:,A,Counting,
00025-ixTj1aTMup2,2,How many books are in the study?,"['2', '1', '3', '0']",How many books are in the study? A) 2 B) 1 C) 3 D) 0. Answer:,A,Counting,
00217-qz3829g1Lzf,1,How many cabinets are in the kitchen?,"['2', '4', '5', '6']",How many cabinets are in the kitchen? A) 2 B) 4 C) 5 D) 6. Answer:,A,Counting,
00009-vLpv2VX547B,2,How many clutter are in the garage?,"['1', '2', '3', '4']",How many clutter are in the garage? A) 1 B) 2 C) 3 D) 4. Answer:,A,Counting,
00261-fK2vEV32Lag,2,How many pictures are in the living room?,"['50', '63', '45', '70']",How many pictures are in the living room? A) 50 B) 63 C) 45 D) 70. Answer:,B,Counting,
00404-QN2dRqwd84J,1,How many lamps are in the living room and the kitchen?,"['3', '5', '4', '2']",How many lamps are in the living room and the kitchen? A) 3 B) 5 C) 4 D) 2. Answer:,C,Counting,
00378-DqJKU7YU7dA,1,How many chairs and tables are in the dining area?,"['1 chair and 2 tables', '3 chairs and 1 table', '2 chairs and 3 tables', '1 chair and 1 table']",How many chairs and tables are in the dining area? A) 1 chair and 2 tables B) 3 chairs and 1 table C) 2 chairs and 3 tables D) 1 chair and 1 table. Answer:,A,Counting,
00378-DqJKU7YU7dA,1,How many pictures are in the living room and the kitchen?,"['4', '3', '2', '5']",How many pictures are in the living room and the kitchen? A) 4 B) 3 C) 2 D) 5. Answer:,B,Counting,
00506-QVAA6zecMHu,1,How many pillows and blankets are in the bedroom?,"['4 and 2', '3 and 1', '2 and 1', '1 and 0']",How many pillows and blankets are in the bedroom? A) 4 and 2 B) 3 and 1 C) 2 and 1 D) 1 and 0. Answer:,A,Counting,
00230-TNx8nti6GNi,1,How many tables are in the dining area?,"['10', '5', '3', '8']",How many tables are in the dining area? A) 10 B) 5 C) 3 D) 8. Answer:,A,Counting,
00043-Jfyvj3xn2aJ,1,How many buckets are in the kitchen and the garage?,"['4', '3', '5', '2']",How many buckets are in the kitchen and the garage? A) 4 B) 3 C) 5 D) 2. Answer:,B,Counting,
00082-y4YiUQwvWGH,1,How many chairs are in the living room?,"['1', '2', '3', '4']",How many chairs are in the living room? A) 1 B) 2 C) 3 D) 4. Answer:,A,Counting,
00096-6HRFAUDqpTb,1,How many pictures are in the living room?,"['1', '2', '3', '4']",How many pictures are in the living room? A) 1 B) 2 C) 3 D) 4. Answer:,A,Counting,
00071-GCEb4nmNi7j,1,How many chairs are in the living room?,"['15', '20', '25', '10']",How many chairs are in the living room? A) 15 B) 20 C) 25 D) 10. Answer:,A,Counting,
00356-RYzud5W7ZnC,1,How many chairs are in the living room and dining room?,"['15', '8', '10', '12']",How many chairs are in the living room and dining room? A) 15 B) 8 C) 10 D) 12. Answer:,A,Counting,
00016-qk9eeNeR4vw,1,How many pictures are in the living room?,"['5', '8', '15', '3']",How many pictures are in the living room? A) 5 B) 8 C) 15 D) 3. Answer:,A,Counting,
00326-u9rPN5cHWBg,2,How many windows are in the living room and the kitchen?,"['4', '3', '5', '6']",How many windows are in the living room and the kitchen? A) 4 B) 3 C) 5 D) 6. Answer:,B,Counting,
00259-4J8N2Ah1a6o,1,How many chairs are in the living room?,"['15', '12', '8', '10']",How many chairs are in the living room? A) 15 B) 12 C) 8 D) 10. Answer:,A,Counting,
00256-92vYG1q49FY,1,How many pictures are in the living room?,"['5', '7', '9', '10']",How many pictures are in the living room? A) 5 B) 7 C) 9 D) 10. Answer:,C,Counting,
00096-6HRFAUDqpTb,1,How many pictures and pillows are in the living room?,"['4', '5', '6', '7']",How many pictures and pillows are in the living room? A) 4 B) 5 C) 6 D) 7. Answer:,C,Counting,
00096-6HRFAUDqpTb,1,How many boxes are in the living room?,"['4', '5', '6', '3']",How many boxes are in the living room? A) 4 B) 5 C) 6 D) 3. Answer:,A,Counting,
00212-bAdy4hKf1a1,1,How many chairs are in the living room and dining room?,"['1', '2', '3', '4']",How many chairs are in the living room and dining room? A) 1 B) 2 C) 3 D) 4. Answer:,B,Counting,
00414-77mMEyxhs44,2,How many towels are in the bathroom?,"['1', '2', '3', '4']",How many towels are in the bathroom? A) 1 B) 2 C) 3 D) 4. Answer:,A,Counting,
00269-JNiWU5TZLtt,1,How many lamps are in the living room?,"['58', '50', '45', '60']",How many lamps are in the living room? A) 58 B) 50 C) 45 D) 60. Answer:,A,Counting,
00440-wPLokgvCnuk,1,How many pillows and towels are in the bathroom?,"['2', '5', '4', '3']",How many pillows and towels are in the bathroom? A) 2 B) 5 C) 4 D) 3. Answer:,B,Counting,
00513-9oGV6Y9nNqB,1,How many sofas are in the living room?,"['4', '5', '6', '3']",How many sofas are in the living room? A) 4 B) 5 C) 6 D) 3. Answer:,A,Counting,
00434-L5QEsaVqwrY,1,How many chairs and tables are in the dining area?,"['10', '6', '4', '5']",How many chairs and tables are in the dining area? A) 10 B) 6 C) 4 D) 5. Answer:,A,Counting,
00492-panm7DRsmDn,1,How many chairs are in the living room?,"['6', '7', '8', '9']",How many chairs are in the living room? A) 6 B) 7 C) 8 D) 9. Answer:,C,Counting,
00480-RrfVebebfWf,1,How many chairs and tables are in the dining area?,"['5 and 3', '4 and 4', '6 and 5', '3 and 6']",How many chairs and tables are in the dining area? A) 5 and 3 B) 4 and 4 C) 6 and 5 D) 3 and 6. Answer:,A,Counting,
00017-oEPjPNSPmzL,1,How many bottles and bins are in the kitchen?,"['3', '4', '6', '5']",How many bottles and bins are in the kitchen? A) 3 B) 4 C) 6 D) 5. Answer:,A,Counting,
00203-VoVGtfYrpuQ,1,How many chairs and tables are in the dining area?,"['5', '3', '4', '6']",How many chairs and tables are in the dining area? A) 5 B) 3 C) 4 D) 6. Answer:,A,Counting,
00476-NtnvZSMK3en,2,How many toys are in the playroom?,"['25', '30', '20', '10']",How many toys are in the playroom? A) 25 B) 30 C) 20 D) 10. Answer:,B,Counting,
00179-MVVzj944atG,2,How many cabinets and pictures are in the living room?,"['5', '6', '4', '3']",How many cabinets and pictures are in the living room? A) 5 B) 6 C) 4 D) 3. Answer:,B,Counting,
00062-ACZZiU6BXLz,2,How many kitchen cabinets are in the kitchen area and the dining area?,"['3', '4', '1', '5']",How many kitchen cabinets are in the kitchen area and the dining area? A) 3 B) 4 C) 1 D) 5. Answer:,B,Counting,
00173-qZ4B7U6XE5Y,1,How many chairs and tables are in the dining area?,"['2', '3', '4', '1']",How many chairs and tables are in the dining area? A) 2 B) 3 C) 4 D) 1. Answer:,A,Counting,
00495-CQWES1bawee,1,How many plants are in the garden?,"['1', '2', '3', '4']",How many plants are in the garden? A) 1 B) 2 C) 3 D) 4. Answer:,B,Counting,
00476-NtnvZSMK3en,2,How many pillows are in the living room?,"['7', '5', '9', '6']",How many pillows are in the living room? A) 7 B) 5 C) 9 D) 6. Answer:,C,Counting,
00033-oPj9qMxrDEa,1,How many chairs are in the living room?,"['4', '5', '3', '2']",How many chairs are in the living room? A) 4 B) 5 C) 3 D) 2. Answer:,A,Counting,
00324-DoSbsoo4EAg,1,How many chairs are in the living room?,"['10', '8', '9', '7']",How many chairs are in the living room? A) 10 B) 8 C) 9 D) 7. Answer:,B,Counting,
00009-vLpv2VX547B,2,How many lamps and windows are in the living room?,"['4', '3', '5', '2']",How many lamps and windows are in the living room? A) 4 B) 3 C) 5 D) 2. Answer:,B,Counting,
00370-RcuYAHzrjK7,1,How many sinks are in the kitchen?,"['1', '3', '2', '0']",How many sinks are in the kitchen? A) 1 B) 3 C) 2 D) 0. Answer:,A,Counting,
00013-sfbj7jspYWj,1,How many windows are in the living room?,"['4', '3', '5', '2']",How many windows are in the living room? A) 4 B) 3 C) 5 D) 2. Answer:,A,Counting,
00326-u9rPN5cHWBg,2,How many pillows are in the master bedroom and the guest bedroom?,"['5', '2', '3', '4']",How many pillows are in the master bedroom and the guest bedroom? A) 5 B) 2 C) 3 D) 4. Answer:,D,Counting,
00272-kA2nG18hCAr,1,How many books are in the study?,"['20', '25', '30', '35']",How many books are in the study? A) 20 B) 25 C) 30 D) 35. Answer:,C,Counting,
00258-2Pc8W48bu21,1,How many pillows are in the living room?,"['3', '4', '5', '6']",How many pillows are in the living room? A) 3 B) 4 C) 5 D) 6. Answer:,A,Counting,
00203-VoVGtfYrpuQ,1,How many pillows are in the living room and the guest bedroom?,"['5', '6', '7', '8']",How many pillows are in the living room and the guest bedroom? A) 5 B) 6 C) 7 D) 8. Answer:,B,Counting,
00327-xgLmjqzoAzF,1,How many beds are in bed room and living room?,"['2', '3', '4', '5']",How many beds are in bed room and living room? A) 2 B) 3 C) 4 D) 5. Answer:,C,Counting,
00031-Wo6kuutE9i7,1,How many cabinets are in the kitchen and the living room?,"['2', '3', '1', '0']",How many cabinets are in the kitchen and the living room? A) 2 B) 3 C) 1 D) 0. Answer:,A,Counting,
00294-PPTLa8SkUfo,1,How many pictures are in the living room?,"['25', '30', '20', '35']",How many pictures are in the living room? A) 25 B) 30 C) 20 D) 35. Answer:,A,Counting,
000571UnKg1rAb8A,1,How many picture frames are in the living room?,"['5', '6', '7', '8']",How many picture frames are in the living room? A) 5 B) 6 C) 7 D) 8. Answer:,C,Counting,
00082-y4YiUQwvWGH,1,How many pictures are in the living room?,"['2', '1', '3', '0']",How many pictures are in the living room? A) 2 B) 1 C) 3 D) 0. Answer:,A,Counting,
00254-YMNvYDhK8mB,1,How many chairs are in the dining room?,"['5', '8', '3', '7']",How many chairs are in the dining room? A) 5 B) 8 C) 3 D) 7. Answer:,A,Counting,
00205-NEVASPhcrxR,2,How many chairs and tables are in the dining area?,"['1 chair and 1 table', '2 chairs and 1 table', '3 chairs and 2 tables', '4 chairs and 2 tables']",How many chairs and tables are in the dining area? A) 1 chair and 1 table B) 2 chairs and 1 table C) 3 chairs and 2 tables D) 4 chairs and 2 tables. Answer:,B,Counting,
00234-nACV8wLu1u5,2,How many books are in the study?,"['24', '22', '21', '25']",How many books are in the study? A) 24 B) 22 C) 21 D) 25. Answer:,A,Counting,
00168-bHKTDQFJxTw,1,How many chairs are in the dining room?,"['3', '5', '2', '4']",How many chairs are in the dining room? A) 3 B) 5 C) 2 D) 4. Answer:,A,Counting,
00025-ixTj1aTMup2,1,How many books are in the study?,"['1', '2', '3', '4']",How many books are in the study? A) 1 B) 2 C) 3 D) 4. Answer:,A,Counting,
00001-UVdNNRcVyV1,1,How many chairs and tables are in the dining area?,"['9', '7', '8', '10']",How many chairs and tables are in the dining area? A) 9 B) 7 C) 8 D) 10. Answer:,A,Counting,
00002-FxCkHAfgh7A,1,How many chairs and tables are in the dining area?,"['10 and 5', '8 and 6', '9 and 7', '12 and 4']",How many chairs and tables are in the dining area? A) 10 and 5 B) 8 and 6 C) 9 and 7 D) 12 and 4. Answer:,A,Counting,
00064-gQgtJ9Stk5s,1,How many appliances are in the kitchen and the living room?,"['1', '2', '3', '0']",How many appliances are in the kitchen and the living room? A) 1 B) 2 C) 3 D) 0. Answer:,A,Counting,
00060-TgWKHxhJAng,2,How many blinds are in the living room and the bedroom?,"['2', '1', '3', '4']",How many blinds are in the living room and the bedroom? A) 2 B) 1 C) 3 D) 4. Answer:,A,Counting,
00202-yVbpFay8gTU,1,How many beds are in the bedroom and the living room?,"['7', '6', '5', '4']",How many beds are in the bedroom and the living room? A) 7 B) 6 C) 5 D) 4. Answer:,A,Counting,
00378-DqJKU7YU7dA,1,How many pillows and curtains are in the living room?,"['2 pillows and 3 curtains', '3 pillows and 2 curtains', '4 pillows and 3 curtains', '5 pillows and 5 curtains']",How many pillows and curtains are in the living room? A) 2 pillows and 3 curtains B) 3 pillows and 2 curtains C) 4 pillows and 3 curtains D) 5 pillows and 5 curtains. Answer:,A,Counting,
00476-NtnvZSMK3en,2,How many toys are in the playroom?,"['3', '5', '7', '2']",How many toys are in the playroom? A) 3 B) 5 C) 7 D) 2. Answer:,A,Counting,
00167-yogvKWUrdnw,1,How many lamps are in the living room?,"['1', '2', '3', '4']",How many lamps are in the living room? A) 1 B) 2 C) 3 D) 4. Answer:,A,Counting,
00263-GGBvSFddQgs,2,How many pillows are in the living room?,"['10', '8', '12', '9']",How many pillows are in the living room? A) 10 B) 8 C) 12 D) 9. Answer:,D,Counting,
00470-udze1CSof5C,1,How many pictures are in the living room?,"['2', '4', '3', '1']",How many pictures are in the living room? A) 2 B) 4 C) 3 D) 1. Answer:,A,Counting,
00143-5Kw4nGdqYtS,2,How many pictures are in the living room?,"['2', '3', '4', '1']",How many pictures are in the living room? A) 2 B) 3 C) 4 D) 1. Answer:,B,Counting,
00366-fxbzYAGkrtm,1,How many beds are in the bedroom?,"['1', '2', '0', '5']",How many beds are in the bedroom? A) 1 B) 2 C) 0 D) 5. Answer:,A,Counting,
00256-92vYG1q49FY,1,How many pictures are in the living room?,"['3', '5', '6', '7']",How many pictures are in the living room? A) 3 B) 5 C) 6 D) 7. Answer:,C,Counting,
00263-GGBvSFddQgs,2,How many pillows are in the living room?,"['3', '4', '2', '5']",How many pillows are in the living room? A) 3 B) 4 C) 2 D) 5. Answer:,A,Counting,
00388-pcpn6mFqFCg,1,How many pictures are in the living room?,"['55', '65', '75', '45']",How many pictures are in the living room? A) 55 B) 65 C) 75 D) 45. Answer:,B,Counting,
00388-pcpn6mFqFCg,1,How many bags and boxes are in the garage?,"['3', '4', '5', '6']",How many bags and boxes are in the garage? A) 3 B) 4 C) 5 D) 6. Answer:,B,Counting,
00463-URjpCob8MGw,2,How many pillows and windows are in the living room?,"['3', '4', '5', '6']",How many pillows and windows are in the living room? A) 3 B) 4 C) 5 D) 6. Answer:,C,Counting,
00009-vLpv2VX547B,2,How many toys are in the playroom?,"['7', '5', '6', '8']",How many toys are in the playroom? A) 7 B) 5 C) 6 D) 8. Answer:,A,Counting,
00475-g7hUFVNac26,1,How many bags and shoes are in the closet?,"['4 bags and 5 shoes', '5 bags and 3 shoes', '2 bags and 4 shoes', '3 bags and 6 shoes']",How many bags and shoes are in the closet? A) 4 bags and 5 shoes B) 5 bags and 3 shoes C) 2 bags and 4 shoes D) 3 bags and 6 shoes. Answer:,D,Counting,
00166-RaYrxWt5pR1,1,How many chairs and tables are in the dining area?,"['3', '4', '5', '6']",How many chairs and tables are in the dining area? A) 3 B) 4 C) 5 D) 6. Answer:,B,Counting,
00081-5biL7VEkByM,1,How many books are in the study and the desk?,"['6', '8', '10', '5']",How many books are in the study and the desk? A) 6 B) 8 C) 10 D) 5. Answer:,B,Counting,
00214-WeyCwVzL53K,2,How many windows are in the living room?,"['8', '6', '5', '10']",How many windows are in the living room? A) 8 B) 6 C) 5 D) 10. Answer:,A,Counting,
00268-mHJxL9jnCox,1,How many tables and chairs are in the dining area?,"['5', '6', '7', '8']",How many tables and chairs are in the dining area? A) 5 B) 6 C) 7 D) 8. Answer:,C,Counting,
00018-as8Y8AYx6yW,1,How many chairs and tables are in the dining area?,"['12', '10', '15', '8']",How many chairs and tables are in the dining area? A) 12 B) 10 C) 15 D) 8. Answer:,B,Counting,
00422-8wJuSPJ9FXG,1,How many doors are in the living room and the kitchen?,"['2', '3', '1', '4']",How many doors are in the living room and the kitchen? A) 2 B) 3 C) 1 D) 4. Answer:,A,Counting,
00254-YMNvYDhK8mB,1,How many cabinets are in the kitchen?,"['38', '40', '36', '30']",How many cabinets are in the kitchen? A) 38 B) 40 C) 36 D) 30. Answer:,A,Counting,
00241-h6nwVLpAKQz,1,How many cabinets are in the kitchen?,"['3', '2', '4', '1']",How many cabinets are in the kitchen? A) 3 B) 2 C) 4 D) 1. Answer:,B,Counting,
00179-MVVzj944atG,1,How many doors are in the kitchen and the living room?,"['3', '5', '4', '6']",How many doors are in the kitchen and the living room? A) 3 B) 5 C) 4 D) 6. Answer:,A,Counting,
00256-92vYG1q49FY,1,How many pictures are in the living room?,"['40', '35', '50', '60']",How many pictures are in the living room? A) 40 B) 35 C) 50 D) 60. Answer:,A,Counting,
00444-sX9xad6ULKc,1,How many sinks are in the kitchen?,"['5', '3', '4', '2']",How many sinks are in the kitchen? A) 5 B) 3 C) 4 D) 2. Answer:,A,Counting,
00256-92vYG1q49FY,1,How many books are in the study and the desk?,"['5', '3', '6', '2']",How many books are in the study and the desk? A) 5 B) 3 C) 6 D) 2. Answer:,C,Counting,
00294-PPTLa8SkUfo,1,How many ovens are in the kitchen?,"['1', '2', '3', '4']",How many ovens are in the kitchen? A) 1 B) 2 C) 3 D) 4. Answer:,A,Counting,
00397-ZNanfzgCdm3,2,How many chairs are in the dining room?,"['1', '2', '3', '4']",How many chairs are in the dining room? A) 1 B) 2 C) 3 D) 4. Answer:,A,Counting,
00226-8mXffaQTtmP,1,How many lamps are in the living room?,"['5', '3', '4', '2']",How many lamps are in the living room? A) 5 B) 3 C) 4 D) 2. Answer:,B,Counting,
00250-U3oQjwTuMX8,1,How many chairs and tables are in the dining area?,"['1 chair and 2 tables', '2 chairs and 1 table', '2 chairs and 2 tables', '1 chair and 1 table']",How many chairs and tables are in the dining area? A) 1 chair and 2 tables B) 2 chairs and 1 table C) 2 chairs and 2 tables D) 1 chair and 1 table. Answer:,B,Counting,
000571UnKg1rAb8A,1,How many pillows are in the living room and the guest bedroom?,"['2', '3', '4', '5']",How many pillows are in the living room and the guest bedroom? A) 2 B) 3 C) 4 D) 5. Answer:,B,Counting,
00444-sX9xad6ULKc,1,How many cabinets are in the kitchen?,"['1', '2', '3', '4']",How many cabinets are in the kitchen? A) 1 B) 2 C) 3 D) 4. Answer:,B,Counting,
00203-VoVGtfYrpuQ,1,How many clothes are in the closet?,"['1', '3', '2', '4']",How many clothes are in the closet? A) 1 B) 3 C) 2 D) 4. Answer:,B,Counting,
00263-GGBvSFddQgs,1,How many chairs and doors are in the living room?,"['5', '6', '4', '3']",How many chairs and doors are in the living room? A) 5 B) 6 C) 4 D) 3. Answer:,A,Counting,
00173-qZ4B7U6XE5Y,1,How many candles and jars are in the living room?,"['2 candles and 1 jar', '1 candle and 2 jars', '3 candles and 2 jars', '1 candle and 1 jar']",How many candles and jars are in the living room? A) 2 candles and 1 jar B) 1 candle and 2 jars C) 3 candles and 2 jars D) 1 candle and 1 jar. Answer:,A,Counting,
00022-gmuS7Wgsbrx,2,How many doors and windows are in the living room?,"['1 door and 1 window', '2 doors and 2 windows', '3 doors and 1 window', '1 door and 2 windows']",How many doors and windows are in the living room? A) 1 door and 1 window B) 2 doors and 2 windows C) 3 doors and 1 window D) 1 door and 2 windows. Answer:,D,Counting,
00327-xgLmjqzoAzF,1,How many shoes and clothes are in the closet?,"['3 shoes and 2 clothes', '2 shoes and 3 clothes', '1 shoe and 4 clothes', '4 shoes and 1 clothes']",How many shoes and clothes are in the closet? A) 3 shoes and 2 clothes B) 2 shoes and 3 clothes C) 1 shoe and 4 clothes D) 4 shoes and 1 clothes. Answer:,B,Counting,
00217-qz3829g1Lzf,2,How many windows are in the living room?,"['5', '9', '7', '10']",How many windows are in the living room? A) 5 B) 9 C) 7 D) 10. Answer:,B,Counting,
00294-PPTLa8SkUfo,1,How many rugs are in the living room?,"['1', '2', '3', '0']",How many rugs are in the living room? A) 1 B) 2 C) 3 D) 0. Answer:,A,Counting,
00156-iQPq34e8hJX,1,How many tables are in the dining area?,"['10', '7', '15', '12']",How many tables are in the dining area? A) 10 B) 7 C) 15 D) 12. Answer:,B,Counting,
00380-fdfRpE6Cfsr,1,How many chairs and doors are in the living room?,"['8 and 5', '7 and 6', '5 and 9', '6 and 7']",How many chairs and doors are in the living room? A) 8 and 5 B) 7 and 6 C) 5 and 9 D) 6 and 7. Answer:,A,Counting,
00515-krsjseyn6fd,1,How many pillows and chairs are in the living room?,"['6', '8', '10', '12']",How many pillows and chairs are in the living room? A) 6 B) 8 C) 10 D) 12. Answer:,C,Counting,
00404-QN2dRqwd84J,1,How many pillows and curtains are in the living room?,"['3 pillows and 2 curtains', '4 pillows and 1 curtain', '5 pillows and 3 curtains', '6 pillows and 2 curtains']",How many pillows and curtains are in the living room? A) 3 pillows and 2 curtains B) 4 pillows and 1 curtain C) 5 pillows and 3 curtains D) 6 pillows and 2 curtains. Answer:,B,Counting,
00033-oPj9qMxrDEa,1,How many cabinets are in the kitchen?,"['10', '12', '8', '15']",How many cabinets are in the kitchen? A) 10 B) 12 C) 8 D) 15. Answer:,A,Counting,
00109-GTV2Y73Sn5t,1,How many cabinets are in the kitchen?,"['10', '15', '20', '5']",How many cabinets are in the kitchen? A) 10 B) 15 C) 20 D) 5. Answer:,B,Counting,
00023-zepmXAdrpjR,1,How many chairs are in the living room?,"['10', '14', '12', '8']",How many chairs are in the living room? A) 10 B) 14 C) 12 D) 8. Answer:,B,Counting,
00168-bHKTDQFJxTw,1,How many bottles and chairs are in the dining area?,"['10', '12', '8', '11']",How many bottles and chairs are in the dining area? A) 10 B) 12 C) 8 D) 11. Answer:,B,Counting,
00372-GMwtBqNLGBs,1,How many chairs and tables are in the dining area?,"['14 and 9', '10 and 12', '8 and 11', '5 and 15']",How many chairs and tables are in the dining area? A) 14 and 9 B) 10 and 12 C) 8 and 11 D) 5 and 15. Answer:,A,Counting,
00238-j6fHrce9pHR,2,How many lamps are in the living room and dining room?,"['3', '4', '5', '6']",How many lamps are in the living room and dining room? A) 3 B) 4 C) 5 D) 6. Answer:,A,Counting,
00378-DqJKU7YU7dA,1,How many lamps are in the living room?,"['5', '7', '3', '6']",How many lamps are in the living room? A) 5 B) 7 C) 3 D) 6. Answer:,B,Counting,
00241-h6nwVLpAKQz,1,How many beam and cabinet are in the kitchen?,"['1', '2', '3', '4']",How many beam and cabinet are in the kitchen? A) 1 B) 2 C) 3 D) 4. Answer:,C,Counting,
00422-8wJuSPJ9FXG,2,How many mirrors are in the bathroom?,"['1', '2', '3', '4']",How many mirrors are in the bathroom? A) 1 B) 2 C) 3 D) 4. Answer:,A,Counting,
00183-kEL17iFsVbw,1,How many windows are in the living room and the kitchen?,"['4', '5', '3', '6']",How many windows are in the living room and the kitchen? A) 4 B) 5 C) 3 D) 6. Answer:,B,Counting,
00251-wsAYBFtQaL7,1,How many pictures are in the living room?,"['2', '3', '1', '4']",How many pictures are in the living room? A) 2 B) 3 C) 1 D) 4. Answer:,A,Counting,
00466-xAHnY3QzFUN,1,How many chairs and tables are in the dining area?,"['5', '3', '4', '2']",How many chairs and tables are in the dining area? A) 5 B) 3 C) 4 D) 2. Answer:,A,Counting,
00251-wsAYBFtQaL7,1,How many kitchen cabinets are in the kitchen?,"['3', '4', '5', '2']",How many kitchen cabinets are in the kitchen? A) 3 B) 4 C) 5 D) 2. Answer:,A,Counting,
00409-rxGLNxH6eoJ,1,How many chairs are in the living room?,"['20', '15', '25', '10']",How many chairs are in the living room? A) 20 B) 15 C) 25 D) 10. Answer:,A,Counting,
00513-9oGV6Y9nNqB,1,How many sofas are in the living room?,"['3', '4', '5', '2']",How many sofas are in the living room? A) 3 B) 4 C) 5 D) 2. Answer:,A,Counting,
00142-DwDDvGo9QdA,1,How many chairs and tables are in the dining area?,"['15 chairs and 20 tables', '20 chairs and 25 tables', '25 chairs and 15 tables', '15 chairs and 10 tables']",How many chairs and tables are in the dining area? A) 15 chairs and 20 tables B) 20 chairs and 25 tables C) 25 chairs and 15 tables D) 15 chairs and 10 tables. Answer:,B,Counting,
00407-NPHxDe6VeCc,1,How many pillows and books are in the living room?,"['2 and 3', '3 and 4', '4 and 2', '5 and 6']",How many pillows and books are in the living room? A) 2 and 3 B) 3 and 4 C) 4 and 2 D) 5 and 6. Answer:,A,Counting,
00250-U3oQjwTuMX8,1,How many cabinets are in the kitchen and the living room?,"['2', '3', '4', '1']",How many cabinets are in the kitchen and the living room? A) 2 B) 3 C) 4 D) 1. Answer:,A,Counting,
00417-nGhNxKrgBPb,1,How many lamps are in the living room and the bedroom?,"['2', '1', '3', '4']",How many lamps are in the living room and the bedroom? A) 2 B) 1 C) 3 D) 4. Answer:,A,Counting,
00326-u9rPN5cHWBg,1,How many chairs and tables are in the dining area?,"['3 chairs and 2 tables', '2 chairs and 1 table', '4 chairs and 3 tables', '5 chairs and 1 table']",How many chairs and tables are in the dining area? A) 3 chairs and 2 tables B) 2 chairs and 1 table C) 4 chairs and 3 tables D) 5 chairs and 1 table. Answer:,B,Counting,
00207-FRQ75PjD278,2,How many books are in the study?,"['8', '10', '7', '9']",How many books are in the study? A) 8 B) 10 C) 7 D) 9. Answer:,B,Counting,
00491-Ty7djLDxQu3,1,How many beds are in the bedroom?,"['2', '3', '1', '4']",How many beds are in the bedroom? A) 2 B) 3 C) 1 D) 4. Answer:,A,Counting,
00159-DfUQLukPMPc,1,How many chairs are in the living room?,"['10', '8', '12', '15']",How many chairs are in the living room? A) 10 B) 8 C) 12 D) 15. Answer:,A,Counting,
00313-PE6kVEtrxtj,1,How many shower walls are in the bathroom?,"['1', '2', '3', '0']",How many shower walls are in the bathroom? A) 1 B) 2 C) 3 D) 0. Answer:,A,Counting,
00495-CQWES1bawee,1,How many flowers are in the garden?,"['3', '4', '5', '2']",How many flowers are in the garden? A) 3 B) 4 C) 5 D) 2. Answer:,A,Counting,
00390-c9DeZf2fcDf,1,How many sofas are in the living room and dining room?,"['3', '4', '5', '2']",How many sofas are in the living room and dining room? A) 3 B) 4 C) 5 D) 2. Answer:,B,Counting,
00166-RaYrxWt5pR1,1,How many pillows are in the living room and the guest bedroom?,"['3', '4', '5', '6']",How many pillows are in the living room and the guest bedroom? A) 3 B) 4 C) 5 D) 6. Answer:,B,Counting,
00487-erXNfWVjqZ8,1,How many cans are in the kitchen and the pantry?,"['17', '18', '15', '20']",How many cans are in the kitchen and the pantry? A) 17 B) 18 C) 15 D) 20. Answer:,A,Counting,
00495-CQWES1bawee,1,How many jars are in the kitchen and the pantry?,"['1', '2', '3', '4']",How many jars are in the kitchen and the pantry? A) 1 B) 2 C) 3 D) 4. Answer:,B,Counting,
00076-fJ1GEE6PdHD,1,How many doors are in the living room and the kitchen?,"['6', '5', '4', '3']",How many doors are in the living room and the kitchen? A) 6 B) 5 C) 4 D) 3. Answer:,A,Counting,
00384-ceJTwFNjqCt,1,How many keyboards and chairs are in the office area?,"['5 keyboards and 7 chairs', '4 keyboards and 10 chairs', '3 keyboards and 8 chairs', '5 keyboards and 6 chairs']",How many keyboards and chairs are in the office area? A) 5 keyboards and 7 chairs B) 4 keyboards and 10 chairs C) 3 keyboards and 8 chairs D) 5 keyboards and 6 chairs. Answer:,A,Counting,
00250-U3oQjwTuMX8,1,How many chairs are in the living room?,"['1', '2', '3', '4']",How many chairs are in the living room? A) 1 B) 2 C) 3 D) 4. Answer:,A,Counting,
00173-qZ4B7U6XE5Y,1,How many bottles are in the kitchen and the living room?,"['3', '2', '4', '1']",How many bottles are in the kitchen and the living room? A) 3 B) 2 C) 4 D) 1. Answer:,B,Counting,
00123-C3ifY177Ldq,1,How many tables and chairs are in the dining area?,"['3 tables and 5 chairs', '2 tables and 6 chairs', '1 table and 4 chairs', '3 tables and 6 chairs']",How many tables and chairs are in the dining area? A) 3 tables and 5 chairs B) 2 tables and 6 chairs C) 1 table and 4 chairs D) 3 tables and 6 chairs. Answer:,D,Counting,
00269-JNiWU5TZLtt,1,How many chairs and lamps are in the living room?,"['6 and 5', '4 and 3', '5 and 4', '7 and 6']",How many chairs and lamps are in the living room? A) 6 and 5 B) 4 and 3 C) 5 and 4 D) 7 and 6. Answer:,B,Counting,
00508-4vwGX7U38Ux,1,How many books are in the study?,"['5', '6', '7', '8']",How many books are in the study? A) 5 B) 6 C) 7 D) 8. Answer:,B,Counting,
00009-vLpv2VX547B,2,How many lamps are in the living room?,"['1', '2', '3', '0']",How many lamps are in the living room? A) 1 B) 2 C) 3 D) 0. Answer:,A,Counting,
00306-Y4L8fjz2yH7,1,How many chairs and tables are in the dining area?,"['6', '8', '5', '7']",How many chairs and tables are in the dining area? A) 6 B) 8 C) 5 D) 7. Answer:,A,Counting,
00096-6HRFAUDqpTb,1,How many bins are in the kitchen?,"['1', '2', '3', '0']",How many bins are in the kitchen? A) 1 B) 2 C) 3 D) 0. Answer:,A,Counting,
00378-DqJKU7YU7dA,1,How many cabinets are in the kitchen and the bathroom?,"['3', '5', '4', '2']",How many cabinets are in the kitchen and the bathroom? A) 3 B) 5 C) 4 D) 2. Answer:,A,Counting,
00516-ytXtEYghmvL,1,How many sinks are in the kitchen and bathroom?,"['1', '2', '0', '3']",How many sinks are in the kitchen and bathroom? A) 1 B) 2 C) 0 D) 3. Answer:,A,Counting,
00444-sX9xad6ULKc,1,How many pillows are in the living room?,"['10', '15', '20', '5']",How many pillows are in the living room? A) 10 B) 15 C) 20 D) 5. Answer:,C,Counting,
00172-bB6nKqfsb1z,1,How many doors are in the kitchen and the living room?,"['1', '3', '2', '4']",How many doors are in the kitchen and the living room? A) 1 B) 3 C) 2 D) 4. Answer:,C,Counting,
00217-qz3829g1Lzf,2,How many pillows and curtains are in the living room?,"['4 and 1', '3 and 2', '2 and 0', '1 and 3']",How many pillows and curtains are in the living room? A) 4 and 1 B) 3 and 2 C) 2 and 0 D) 1 and 3. Answer:,A,Counting,
00059-kJxT5qssH4H,1,How many windows are in the living room and the kitchen?,"['3', '4', '5', '2']",How many windows are in the living room and the kitchen? A) 3 B) 4 C) 5 D) 2. Answer:,B,Counting,
00238-j6fHrce9pHR,1,How many pictures are in the living room?,"['50', '42', '38', '45']",How many pictures are in the living room? A) 50 B) 42 C) 38 D) 45. Answer:,A,Counting,
00464-NfkadBDgBJV,2,How many pictures and books are in the living room?,"['2 pictures and 1 book', '4 pictures and 1 book', '3 pictures and 1 book', '1 picture and 2 books']",How many pictures and books are in the living room? A) 2 pictures and 1 book B) 4 pictures and 1 book C) 3 pictures and 1 book D) 1 picture and 2 books. Answer:,A,Counting,
00463-URjpCob8MGw,1,How many radiators are in the living room?,"['10', '8', '12', '6']",How many radiators are in the living room? A) 10 B) 8 C) 12 D) 6. Answer:,B,Counting,
00256-92vYG1q49FY,1,How many chairs are in the living room and dining room?,"['6', '4', '5', '7']",How many chairs are in the living room and dining room? A) 6 B) 4 C) 5 D) 7. Answer:,A,Counting,
00238-j6fHrce9pHR,1,How many pillows and chairs are in the living room?,"['2 pillows and 5 chairs', '3 pillows and 2 chairs', '4 pillows and 3 chairs', '1 pillow and 4 chairs']",How many pillows and chairs are in the living room? A) 2 pillows and 5 chairs B) 3 pillows and 2 chairs C) 4 pillows and 3 chairs D) 1 pillow and 4 chairs. Answer:,B,Counting,
00081-5biL7VEkByM,1,How many books are in the study and the desk?,"['10', '15', '8', '6']",How many books are in the study and the desk? A) 10 B) 15 C) 8 D) 6. Answer:,B,Counting,
00414-77mMEyxhs44,2,How many cabinets and pictures are in the living room?,"['5 and 3', '4 and 6', '3 and 5', '2 and 7']",How many cabinets and pictures are in the living room? A) 5 and 3 B) 4 and 6 C) 3 and 5 D) 2 and 7. Answer:,B,Counting,
00034-6imZUJGRUq4,1,How many toys are in the living room and the playroom?,"['1', '2', '3', '4']",How many toys are in the living room and the playroom? A) 1 B) 2 C) 3 D) 4. Answer:,B,Counting,
00386-b3WpMbPFB6q,1,How many doors and ventilation systems are in the garage?,"['2', '3', '4', '5']",How many doors and ventilation systems are in the garage? A) 2 B) 3 C) 4 D) 5. Answer:,B,Counting,
00245-741Fdj7NLF9,1,How many pillows and curtains are in the living room?,"['5', '2', '3', '4']",How many pillows and curtains are in the living room? A) 5 B) 2 C) 3 D) 4. Answer:,A,Counting,
00105-xWvSkKiWQpC,1,How many chairs are in the living room?,"['5', '8', '6', '10']",How many chairs are in the living room? A) 5 B) 8 C) 6 D) 10. Answer:,B,Counting,
00081-5biL7VEkByM,2,How many books are in the study?,"['20', '25', '30', '35']",How many books are in the study? A) 20 B) 25 C) 30 D) 35. Answer:,A,Counting,
00064-gQgtJ9Stk5s,1,How many pictures are in the living room and the kitchen?,"['4', '5', '3', '6']",How many pictures are in the living room and the kitchen? A) 4 B) 5 C) 3 D) 6. Answer:,B,Counting,
00422-8wJuSPJ9FXG,2,How many pictures and mirrors are in the living room?,"['2', '3', '4', '5']",How many pictures and mirrors are in the living room? A) 2 B) 3 C) 4 D) 5. Answer:,A,Counting,
00234-nACV8wLu1u5,1,How many shower and bathtub objects are in the bathroom?,"['0', '2', '3', '1']",How many shower and bathtub objects are in the bathroom? A) 0 B) 2 C) 3 D) 1. Answer:,B,Counting,
00384-ceJTwFNjqCt,1,How many clocks are in the living room and the kitchen?,"['4', '1', '3', '2']",How many clocks are in the living room and the kitchen? A) 4 B) 1 C) 3 D) 2. Answer:,D,Counting,
00282-8nSVqHLMRwQ,1,How many chairs are in the living room?,"['15', '10', '12', '20']",How many chairs are in the living room? A) 15 B) 10 C) 12 D) 20. Answer:,A,Counting,
00256-92vYG1q49FY,1,How many books and pictures are in the living room?,"['8', '9', '10', '11']",How many books and pictures are in the living room? A) 8 B) 9 C) 10 D) 11. Answer:,B,Counting,
00294-PPTLa8SkUfo,1,How many towels and rugs are in the bathroom?,"['5', '6', '4', '7']",How many towels and rugs are in the bathroom? A) 5 B) 6 C) 4 D) 7. Answer:,B,Counting,
00173-qZ4B7U6XE5Y,1,How many jars and boxes are in the kitchen?,"['5', '6', '7', '8']",How many jars and boxes are in the kitchen? A) 5 B) 6 C) 7 D) 8. Answer:,A,Counting,
00006-HkseAnWCgqk,1,How many bathroom accessories are in the bathroom?,"['1', '2', '3', '4']",How many bathroom accessories are in the bathroom? A) 1 B) 2 C) 3 D) 4. Answer:,B,Counting,
00466-xAHnY3QzFUN,1,How many bowls are in the kitchen?,"['1', '2', '0', '3']",How many bowls are in the kitchen? A) 1 B) 2 C) 0 D) 3. Answer:,A,Counting,
00484-fc7RfUCN5mY,1,How many beds and tables are in the living room?,"['1 bed and 3 tables', '2 beds and 2 tables', '1 bed and 2 tables', '3 beds and 1 table']",How many beds and tables are in the living room? A) 1 bed and 3 tables B) 2 beds and 2 tables C) 1 bed and 2 tables D) 3 beds and 1 table. Answer:,C,Counting,
00386-b3WpMbPFB6q,1,How many boxes are in the living room and the kitchen?,"['1', '3', '2', '0']",How many boxes are in the living room and the kitchen? A) 1 B) 3 C) 2 D) 0. Answer:,B,Counting,
00143-5Kw4nGdqYtS,2,How many clutter are in the garage?,"['1', '2', '3', '4']",How many clutter are in the garage? A) 1 B) 2 C) 3 D) 4. Answer:,A,Counting,
00434-L5QEsaVqwrY,1,How many kitchen cabinets are in the kitchen area and the dining area?,"['2', '3', '5', '1']",How many kitchen cabinets are in the kitchen area and the dining area? A) 2 B) 3 C) 5 D) 1. Answer:,A,Counting,
00402-zR6kPe1PsyS,1,How many windows and doors are in the living room?,"['8', '7', '5', '9']",How many windows and doors are in the living room? A) 8 B) 7 C) 5 D) 9. Answer:,A,Counting,
00256-92vYG1q49FY,1,How many bottles and kitchen cabinets are in the kitchen and dining area?,"['1 bottle and 1 kitchen cabinet', '2 bottles and 2 kitchen cabinets', '1 bottle and 2 kitchen cabinets', '2 bottles and 1 kitchen cabinet']",How many bottles and kitchen cabinets are in the kitchen and dining area? A) 1 bottle and 1 kitchen cabinet B) 2 bottles and 2 kitchen cabinets C) 1 bottle and 2 kitchen cabinets D) 2 bottles and 1 kitchen cabinet. Answer:,C,Counting,
00105-xWvSkKiWQpC,1,How many pictures are in the living room?,"['1', '2', '3', '4']",How many pictures are in the living room? A) 1 B) 2 C) 3 D) 4. Answer:,B,Counting,
00096-6HRFAUDqpTb,1,How many pillows and blankets are in the bedroom?,"['4', '3', '2', '5']",How many pillows and blankets are in the bedroom? A) 4 B) 3 C) 2 D) 5. Answer:,A,Counting,
00000-kfPV7w3FaU5,1,How many tables and chairs are in the dining area?,"['1', '2', '3', '0']",How many tables and chairs are in the dining area? A) 1 B) 2 C) 3 D) 0. Answer:,A,Counting,
00261-fK2vEV32Lag,2,How many pillows are in the living room and the guest bedroom?,"['3', '1', '5', '2']",How many pillows are in the living room and the guest bedroom? A) 3 B) 1 C) 5 D) 2. Answer:,A,Counting,
00168-bHKTDQFJxTw,2,How many toilets are in the bathroom?,"['6', '5', '8', '7']",How many toilets are in the bathroom? A) 6 B) 5 C) 8 D) 7. Answer:,D,Counting,
00327-xgLmjqzoAzF,1,How many pillows and blankets are in the bedroom?,"['1 and 2', '2 and 1', '3 and 3', '4 and 0']",How many pillows and blankets are in the bedroom? A) 1 and 2 B) 2 and 1 C) 3 and 3 D) 4 and 0. Answer:,A,Counting,
00410-v7DzfFFEpsD,1,How many boxes are in the living room?,"['5', '10', '15', '20']",How many boxes are in the living room? A) 5 B) 10 C) 15 D) 20. Answer:,C,Counting,
00064-gQgtJ9Stk5s,1,How many books are in the study?,"['10', '12', '15', '20']",How many books are in the study? A) 10 B) 12 C) 15 D) 20. Answer:,C,Counting,
00272-kA2nG18hCAr,1,How many books are in the study?,"['5', '3', '7', '2']",How many books are in the study? A) 5 B) 3 C) 7 D) 2. Answer:,A,Counting,
00203-VoVGtfYrpuQ,1,How many pillows are in the living room?,"['5', '12', '8', '15']",How many pillows are in the living room? A) 5 B) 12 C) 8 D) 15. Answer:,B,Counting,
00410-v7DzfFFEpsD,1,How many kitchen cabinets are in the kitchen area and the dining area?,"['4', '2', '5', '3']",How many kitchen cabinets are in the kitchen area and the dining area? A) 4 B) 2 C) 5 D) 3. Answer:,A,Counting,
00109-GTV2Y73Sn5t,1,How many books are in the study?,"['1', '2', '3', '4']",How many books are in the study? A) 1 B) 2 C) 3 D) 4. Answer:,A,Counting,
00136-z8SrvZ4eyqV,1,How many doors are in the living room?,"['5', '6', '4', '3']",How many doors are in the living room? A) 5 B) 6 C) 4 D) 3. Answer:,A,Counting,
00043-Jfyvj3xn2aJ,1,How many boxes and bags are in the garage?,"['5', '4', '6', '7']",How many boxes and bags are in the garage? A) 5 B) 4 C) 6 D) 7. Answer:,A,Counting,
00397-ZNanfzgCdm3,2,How many chairs and pillows are in the bed room?,"['2', '3', '4', '5']",How many chairs and pillows are in the bed room? A) 2 B) 3 C) 4 D) 5. Answer:,B,Counting,
00176-wcJYziD5pmF,1,How many chairs and sofas are in the living room?,"['10 chairs and 4 sofas', '8 chairs and 5 sofas', '6 chairs and 6 sofas', '5 chairs and 3 sofas']",How many chairs and sofas are in the living room? A) 10 chairs and 4 sofas B) 8 chairs and 5 sofas C) 6 chairs and 6 sofas D) 5 chairs and 3 sofas. Answer:,A,Counting,
00474-v46TaF2rxHK,1,How many sofas are in the living room?,"['3', '4', '5', '2']",How many sofas are in the living room? A) 3 B) 4 C) 5 D) 2. Answer:,B,Counting,
00251-wsAYBFtQaL7,1,How many windows and doors are in the living room?,"['6', '4', '5', '3']",How many windows and doors are in the living room? A) 6 B) 4 C) 5 D) 3. Answer:,A,Counting,
00069-Y8Y6ukxGMvn,1,How many chairs and sofas are in the living room?,"['12 and 3', '5 and 2', '10 and 4', '15 and 2']",How many chairs and sofas are in the living room? A) 12 and 3 B) 5 and 2 C) 10 and 4 D) 15 and 2. Answer:,C,Counting,
00087-YY8rqV6L6rf,1,How many cabinets are in the kitchen?,"['5', '7', '3', '4']",How many cabinets are in the kitchen? A) 5 B) 7 C) 3 D) 4. Answer:,B,Counting,
00378-DqJKU7YU7dA,1,How many lamps and chairs are in the living room?,"['4', '3', '5', '2']",How many lamps and chairs are in the living room? A) 4 B) 3 C) 5 D) 2. Answer:,C,Counting,
00256-92vYG1q49FY,1,How many mirrors and rugs are in the living room?,"['3', '2', '4', '5']",How many mirrors and rugs are in the living room? A) 3 B) 2 C) 4 D) 5. Answer:,A,Counting,
00479-p4ZPcGtk6Ex,1,How many chairs and sofas are in the living room?,"['9', '7', '5', '6']",How many chairs and sofas are in the living room? A) 9 B) 7 C) 5 D) 6. Answer:,A,Counting,
00254-YMNvYDhK8mB,1,How many cabinets are in the kitchen?,"['15', '18', '20', '17']",How many cabinets are in the kitchen? A) 15 B) 18 C) 20 D) 17. Answer:,D,Counting,
00178-yqNxxJnA3iL,1,How many chairs are in the living room and dining room?,"['30', '25', '28', '35']",How many chairs are in the living room and dining room? A) 30 B) 25 C) 28 D) 35. Answer:,B,Counting,
00035-3XYAD64HpDr,1,How many books are in the study?,"['1', '2', '3', '4']",How many books are in the study? A) 1 B) 2 C) 3 D) 4. Answer:,B,Counting,
00479-p4ZPcGtk6Ex,1,How many sofas are in the living room?,"['2', '4', '3', '5']",How many sofas are in the living room? A) 2 B) 4 C) 3 D) 5. Answer:,D,Counting,
00127-EN7GiDgxdQ2,1,How many sofas are in the living room?,"['3', '2', '5', '1']",How many sofas are in the living room? A) 3 B) 2 C) 5 D) 1. Answer:,A,Counting,
00020-XYyR54sxe6b,1,How many chairs and tables are in the dining area?,"['4', '5', '3', '6']",How many chairs and tables are in the dining area? A) 4 B) 5 C) 3 D) 6. Answer:,D,Counting,
00238-j6fHrce9pHR,1,How many doors are in the kitchen and the living room?,"['1', '2', '3', '4']",How many doors are in the kitchen and the living room? A) 1 B) 2 C) 3 D) 4. Answer:,C,Counting,
00260-ECStCRoCNWM,1,How many chairs are in the living room?,"['5', '7', '6', '4']",How many chairs are in the living room? A) 5 B) 7 C) 6 D) 4. Answer:,A,Counting,
00330-WhNyDTnd9g5,1,How many bins are in the kitchen?,"['4', '3', '5', '2']",How many bins are in the kitchen? A) 4 B) 3 C) 5 D) 2. Answer:,C,Counting,
00143-5Kw4nGdqYtS,1,How many pictures are in the living room?,"['10', '12', '14', '16']",How many pictures are in the living room? A) 10 B) 12 C) 14 D) 16. Answer:,B,Counting,
00414-77mMEyxhs44,1,How many books are in the study and the desk?,"['4', '5', '3', '6']",How many books are in the study and the desk? A) 4 B) 5 C) 3 D) 6. Answer:,A,Counting,
00176-wcJYziD5pmF,1,How many chairs are in the living room and dining room?,"['12', '8', '10', '14']",How many chairs are in the living room and dining room? A) 12 B) 8 C) 10 D) 14. Answer:,A,Counting,
00025-ixTj1aTMup2,2,How many showers are in the bathroom?,"['2', '3', '1', '4']",How many showers are in the bathroom? A) 2 B) 3 C) 1 D) 4. Answer:,A,Counting,
00408-RamZzGBBPbT,1,How many books and chairs are in the living room?,"['2', '3', '4', '5']",How many books and chairs are in the living room? A) 2 B) 3 C) 4 D) 5. Answer:,A,Counting,
00109-GTV2Y73Sn5t,1,How many chairs are in the living room?,"['5', '6', '4', '3']",How many chairs are in the living room? A) 5 B) 6 C) 4 D) 3. Answer:,B,Counting,
00205-NEVASPhcrxR,1,How many boxes and shelves are in the garage?,"['2', '3', '4', '5']",How many boxes and shelves are in the garage? A) 2 B) 3 C) 4 D) 5. Answer:,C,Counting,
00087-YY8rqV6L6rf,1,How many clutter are in the living room?,"['5', '7', '4', '6']",How many clutter are in the living room? A) 5 B) 7 C) 4 D) 6. Answer:,A,Counting,
00251-wsAYBFtQaL7,1,How many pillows are in the living room?,"['1', '2', '3', '0']",How many pillows are in the living room? A) 1 B) 2 C) 3 D) 0. Answer:,B,Counting,
00313-PE6kVEtrxtj,2,How many bins are in the kitchen and the garage?,"['5', '4', '6', '3']",How many bins are in the kitchen and the garage? A) 5 B) 4 C) 6 D) 3. Answer:,B,Counting,
00009-vLpv2VX547B,2,How many pictures are in the living room?,"['50', '42', '36', '39']",How many pictures are in the living room? A) 50 B) 42 C) 36 D) 39. Answer:,A,Counting,
00143-5Kw4nGdqYtS,2,How many doors are in the kitchen and the living room?,"['2', '1', '3', '4']",How many doors are in the kitchen and the living room? A) 2 B) 1 C) 3 D) 4. Answer:,A,Counting,
00009-vLpv2VX547B,1,How many toys are in the playroom?,"['2', '3', '5', '1']",How many toys are in the playroom? A) 2 B) 3 C) 5 D) 1. Answer:,B,Counting,
00349-p32JzpQyhPk,1,How many books are in the study and the study room?,"['10', '8', '15', '7']",How many books are in the study and the study room? A) 10 B) 8 C) 15 D) 7. Answer:,B,Counting,
00470-udze1CSof5C,1,How many tables are in the dining area?,"['8', '7', '6', '5']",How many tables are in the dining area? A) 8 B) 7 C) 6 D) 5. Answer:,A,Counting,
00081-5biL7VEkByM,1,How many pictures are in the living room?,"['25', '30', '20', '35']",How many pictures are in the living room? A) 25 B) 30 C) 20 D) 35. Answer:,D,Counting,
00020-XYyR54sxe6b,1,How many chairs and tables are in the dining area?,"['5', '4', '3', '6']",How many chairs and tables are in the dining area? A) 5 B) 4 C) 3 D) 6. Answer:,A,Counting,
00168-bHKTDQFJxTw,1,How many boxes are in the garage?,"['1', '2', '3', '4']",How many boxes are in the garage? A) 1 B) 2 C) 3 D) 4. Answer:,B,Counting,
00009-vLpv2VX547B,1,How many cups and sinks are in the kitchen?,"['2 cups and 2 sinks', '1 cup and 1 sink', '3 cups and 1 sink', '2 cups and 1 sink']",How many cups and sinks are in the kitchen? A) 2 cups and 2 sinks B) 1 cup and 1 sink C) 3 cups and 1 sink D) 2 cups and 1 sink. Answer:,D,Counting,
00055-HxmXPBbFCkH,1,How many bathtubs are in the bathroom?,"['1', '2', '3', '4']",How many bathtubs are in the bathroom? A) 1 B) 2 C) 3 D) 4. Answer:,A,Counting,
00397-ZNanfzgCdm3,1,How many pillows are in the living room and the bedroom?,"['4', '5', '3', '6']",How many pillows are in the living room and the bedroom? A) 4 B) 5 C) 3 D) 6. Answer:,A,Counting,
00372-GMwtBqNLGBs,1,How many tables are in the dining area?,"['5', '7', '4', '3']",How many tables are in the dining area? A) 5 B) 7 C) 4 D) 3. Answer:,A,Counting,
00164-XfUxBGTFQQb,1,How many pillows and bins are in the living room?,"['5', '4', '6', '3']",How many pillows and bins are in the living room? A) 5 B) 4 C) 6 D) 3. Answer:,C,Counting,
00304-X6Pct1msZv5,1,How many boxes are in the living room and the kitchen?,"['4', '5', '6', '7']",How many boxes are in the living room and the kitchen? A) 4 B) 5 C) 6 D) 7. Answer:,C,Counting,
00035-3XYAD64HpDr,2,How many pictures are in the living room?,"['3', '4', '6', '5']",How many pictures are in the living room? A) 3 B) 4 C) 6 D) 5. Answer:,D,Counting,
00508-4vwGX7U38Ux,1,How many books are in the study and the desk?,"['2', '3', '4', '5']",How many books are in the study and the desk? A) 2 B) 3 C) 4 D) 5. Answer:,C,Counting,
00313-PE6kVEtrxtj,2,How many bags are in the living room?,"['4', '2', '3', '5']",How many bags are in the living room? A) 4 B) 2 C) 3 D) 5. Answer:,A,Counting,
00013-sfbj7jspYWj,1,How many doors are in the living room?,"['10', '2', '5', '8']",How many doors are in the living room? A) 10 B) 2 C) 5 D) 8. Answer:,A,Counting,
00188-dQrLTxHvLXU,1,How many sinks are in the kitchen and bathroom?,"['2', '3', '1', '0']",How many sinks are in the kitchen and bathroom? A) 2 B) 3 C) 1 D) 0. Answer:,A,Counting,
00263-GGBvSFddQgs,1,How many bins are in the kitchen and the garage?,"['4', '3', '5', '2']",How many bins are in the kitchen and the garage? A) 4 B) 3 C) 5 D) 2. Answer:,A,Counting,
00202-yVbpFay8gTU,1,How many sofas and tables are in the living room?,"['4', '5', '6', '3']",How many sofas and tables are in the living room? A) 4 B) 5 C) 6 D) 3. Answer:,A,Counting,
00043-Jfyvj3xn2aJ,1,How many towels are in the bathroom?,"['5', '3', '4', '2']",How many towels are in the bathroom? A) 5 B) 3 C) 4 D) 2. Answer:,A,Counting,
00260-ECStCRoCNWM,1,How many chairs and tables are in the dining area?,"['5 and 4', '6 and 5', '4 and 3', '5 and 2']",How many chairs and tables are in the dining area? A) 5 and 4 B) 6 and 5 C) 4 and 3 D) 5 and 2. Answer:,A,Counting,
00043-Jfyvj3xn2aJ,1,How many books are in the study room and the desk?,"['15', '18', '20', '12']",How many books are in the study and the desk? A) 15 B) 18 C) 20 D) 12. Answer:,B,Counting,
00043-Jfyvj3xn2aJ,1,How many boxes are in the living room and the kitchen?,"['4', '3', '5', '2']",How many boxes are in the living room and the kitchen? A) 4 B) 3 C) 5 D) 2. Answer:,A,Counting,
00362-o94q92w5PK5,1,How many chairs are in the living room?,"['5', '8', '10', '12']",How many chairs are in the living room? A) 5 B) 8 C) 10 D) 12. Answer:,A,Counting,
00043-Jfyvj3xn2aJ,1,How many books are on the bookshelf in the study?,"['50', '30', '40', '25']",How many books are on the bookshelf in the study? A) 50 B) 30 C) 40 D) 25. Answer:,A,Counting,
00407-NPHxDe6VeCc,1,How many doors are in the living room and the kitchen?,"['1', '2', '3', '4']",How many doors are in the living room and the kitchen? A) 1 B) 2 C) 3 D) 4. Answer:,B,Counting,
00386-b3WpMbPFB6q,1,How many cabinets are in the kitchen and the living room?,"['3', '2', '1', '4']",How many cabinets are in the kitchen and the living room? A) 3 B) 2 C) 1 D) 4. Answer:,A,Counting,
00097-rPwrKEnR3fk,1,How many toilets are in the bathroom?,"['1', '2', '0', '3']",How many toilets are in the bathroom? A) 1 B) 2 C) 0 D) 3. Answer:,A,Counting,
00179-MVVzj944atG,2,How many pictures are in the living room and the bedroom?,"['4', '2', '5', '3']",How many pictures are in the living room and the bedroom? A) 4 B) 2 C) 5 D) 3. Answer:,A,Counting,
00378-DqJKU7YU7dA,1,How many shower walls are in the bathroom?,"['1', '2', '3', '0']",How many shower walls are in the bathroom? A) 1 B) 2 C) 3 D) 0. Answer:,A,Counting,
001621sM6KvYg3J5,1,How many rugs are in the living room?,"['6', '4', '5', '3']",How many rugs are in the living room? A) 6 B) 4 C) 5 D) 3. Answer:,A,Counting,
00302-JFgrz9MNz4b,1,How many chairs and tables are in the dining area?,"['11', '10', '8', '12']",How many chairs and tables are in the dining area? A) 11 B) 10 C) 8 D) 12. Answer:,B,Counting,
00023-zepmXAdrpjR,1,How many chairs and tables are in the dining area?,"['4 and 1', '3 and 2', '5 and 3', '2 and 4']",How many chairs and tables are in the dining area? A) 4 and 1 B) 3 and 2 C) 5 and 3 D) 2 and 4. Answer:,A,Counting,
00025-ixTj1aTMup2,1,How many drawer and picture objects are in the living room?,"['1', '2', '3', '4']",How many drawer and picture objects are in the living room? A) 1 B) 2 C) 3 D) 4. Answer:,A,Counting,
00009-vLpv2VX547B,1,How many cabinets and chairs are in the dining room?,"['10', '9', '6', '8']",How many cabinets and chairs are in the dining room? A) 10 B) 9 C) 6 D) 8. Answer:,D,Counting,
